customer_id,order_id,order_date,order_amount,product_category,product_name,customer_acquisition_date
C-1108,O-1086,01/01/2025,148.56,Electronics,Smart Watch Band,06/28/2025
C-0684,O-1455,01/01/2025,117.82,Home & Kitchen,Storage Containers,02/02/2025
C-1857,O-1837,01/01/2025,130.78,Beauty,Perfume Roll-On,01/14/2025
C-2338,O-1903,01/01/2025,60.54,Clothing,Denim Jacket,06/05/2025
C-2454,O-2269,01/01/2025,410.23,Electronics,Mouse Pad,11/19/2025
C-2010,O-2369,01/01/2025,110.29,Home & Kitchen,Non-Stick Pan Set,11/24/2024
C-1933,O-2616,01/01/2025,238.23,Home & Kitchen,Storage Containers,11/13/2024
C-1574,O-2864,01/01/2025,72.55,Clothing,Formal Shirt,07/13/2025
C-0829,O-3526,01/01/2025,131.83,Clothing,Cotton T-Shirt,10/28/2025
C-0553,O-4024,01/01/2025,497.61,Electronics,Mouse Pad,05/05/2025
C-2021,O-4858,01/01/2025,69.02,Home & Kitchen,Coffee Maker,07/26/2025
C-1032,O-4916,01/01/2025,259.05,Home & Kitchen,Coffee Maker,07/27/2024
C-1725,O-5453,01/01/2025,250.29,Electronics,HDMI Cable,10/11/2025
C-2044,O-5490,01/01/2025,113.33,Clothing,Cotton T-Shirt,09/19/2024
C-0046,O-5857,01/01/2025,134.57,Clothing,Running Shorts,08/16/2024
C-0113,O-6223,01/01/2025,477.93,Electronics,Smart Watch Band,10/08/2025
C-2287,O-1168,01/02/2025,38.67,Clothing,Polo Shirt,09/14/2025
C-1926,O-1420,01/02/2025,417.76,Electronics,Portable Charger,10/28/2024
C-0440,O-1793,01/02/2025,69.37,Beauty,Sheet Mask Pack,05/21/2025
C-1596,O-2291,01/02/2025,117.06,Clothing,Track Pants,08/26/2024
C-2058,O-2330,01/02/2025,333.01,Electronics,Smart Watch Band,06/06/2025
C-1372,O-2386,01/02/2025,270.61,Home & Kitchen,Air Purifier,11/28/2024
C-0725,O-3870,01/02/2025,75.0,Beauty,Body Lotion,09/22/2025
C-0531,O-3909,01/02/2025,374.75,Electronics,Smart Watch Band,12/04/2024
C-1205,O-4043,01/02/2025,118.48,Sports,Foam Roller,04/23/2025
C-0755,O-4535,01/02/2025,199.3,Electronics,Wireless Earbuds,04/22/2025
C-1881,O-4817,01/02/2025,119.09,Clothing,Running Shorts,03/25/2025
C-0450,O-5404,01/02/2025,222.62,Home & Kitchen,Knife Set,04/10/2025
C-2362,O-5810,01/02/2025,239.35,Home & Kitchen,Air Purifier,05/16/2025
C-2387,O-1321,01/03/2025,97.74,Home & Kitchen,Storage Containers,02/23/2025
C-1506,O-1873,01/03/2025,189.78,Clothing,Cargo Pants,08/13/2024
C-0300,O-2999,01/03/2025,149.86,Home & Kitchen,Insulated Flask,03/26/2025
C-2041,O-3130,01/03/2025,51.67,Home & Kitchen,Insulated Flask,03/19/2025
C-1744,O-3858,01/03/2025,108.4,Home & Kitchen,Bamboo Cutting Board,10/29/2025
C-1783,O-3949,01/03/2025,140.13,Clothing,Track Pants,02/16/2025
C-1656,O-4100,01/03/2025,474.56,Electronics,Portable Charger,10/04/2025
C-1862,O-4429,01/03/2025,435.72,Electronics,Laptop Stand,03/21/2025
C-0436,O-5844,01/03/2025,248.05,Home & Kitchen,Knife Set,11/02/2024
C-0756,O-6278,01/03/2025,62.85,Clothing,Denim Jacket,08/15/2025
C-1060,O-1169,01/04/2025,170.52,Sports,Gym Bag,09/10/2025
C-1103,O-1363,01/04/2025,134.77,Sports,Water Bottle,11/11/2024
C-0884,O-1998,01/04/2025,10.29,Beauty,Body Lotion,03/04/2025
C-1889,O-2586,01/04/2025,32.77,Clothing,Cargo Pants,03/25/2025
C-1790,O-3969,01/04/2025,351.38,Electronics,HDMI Cable,06/23/2025
C-2117,O-4134,01/04/2025,372.68,Electronics,Portable Charger,11/18/2024
C-0853,O-4672,01/04/2025,73.42,Clothing,Wool Scarf,07/25/2025
C-2417,O-6296,01/04/2025,34.43,Beauty,Hair Oil,06/26/2025
C-0485,O-1506,01/05/2025,149.51,Clothing,Running Shorts,09/03/2025
C-1532,O-1512,01/05/2025,76.34,Beauty,Body Lotion,11/18/2024
C-1063,O-2452,01/05/2025,135.29,Beauty,Sunscreen SPF50,09/28/2025
C-0158,O-2685,01/05/2025,184.47,Home & Kitchen,Spice Rack,02/11/2025
C-0092,O-2886,01/05/2025,185.97,Sports,Dumbbell Set,11/19/2024
C-0880,O-2989,01/05/2025,100.25,Clothing,Casual Hoodie,12/22/2024
C-0923,O-3174,01/05/2025,205.95,Home & Kitchen,Insulated Flask,01/11/2025
C-2362,O-3589,01/05/2025,26.8,Beauty,Eye Cream,05/16/2025
C-1389,O-5008,01/05/2025,198.62,Home & Kitchen,Spice Rack,07/29/2024
C-0018,O-5685,01/05/2025,366.8,Electronics,Smart Watch Band,09/03/2025
C-2459,O-5842,01/05/2025,131.43,Clothing,Denim Jacket,11/13/2025
C-2414,O-6204,01/05/2025,19.77,Beauty,Body Lotion,08/06/2025
C-0612,O-6493,01/05/2025,52.96,Electronics,USB-C Hub,03/07/2025
C-2319,O-1648,01/06/2025,45.47,Beauty,Vitamin C Serum,03/16/2025
C-1661,O-1712,01/06/2025,97.75,Beauty,Hair Oil,04/24/2025
C-0820,O-1787,01/06/2025,49.96,Home & Kitchen,Non-Stick Pan Set,10/10/2025
C-2154,O-3673,01/06/2025,170.51,Electronics,Wireless Earbuds,02/17/2025
C-0044,O-3702,01/06/2025,498.77,Electronics,Wireless Earbuds,01/13/2025
C-1338,O-4019,01/06/2025,237.85,Sports,Running Armband,09/22/2025
C-1466,O-4333,01/06/2025,415.04,Electronics,Wireless Earbuds,08/12/2025
C-0591,O-4648,01/06/2025,168.99,Clothing,Formal Shirt,02/03/2025
C-1912,O-5751,01/06/2025,55.3,Home & Kitchen,Coffee Maker,02/09/2025
C-1379,O-6872,01/06/2025,486.72,Electronics,Mouse Pad,08/29/2025
C-0354,O-2827,01/07/2025,156.84,Clothing,Cotton T-Shirt,08/14/2025
C-2029,O-3238,01/07/2025,175.03,Clothing,Linen Shirt,10/28/2025
C-1205,O-3822,01/07/2025,212.97,Home & Kitchen,Air Purifier,04/23/2025
C-2387,O-3877,01/07/2025,94.94,Sports,Yoga Mat,02/23/2025
C-0110,O-4299,01/07/2025,240.63,Home & Kitchen,Spice Rack,04/27/2025
C-0313,O-4421,01/07/2025,88.68,Electronics,Bluetooth Speaker,08/12/2024
C-0411,O-5147,01/07/2025,211.95,Electronics,Smart Watch Band,05/14/2025
C-2353,O-5957,01/07/2025,173.24,Clothing,Formal Shirt,07/26/2024
C-0678,O-6465,01/07/2025,91.68,Clothing,Linen Shirt,05/01/2025
C-1385,O-6712,01/07/2025,100.61,Clothing,Track Pants,07/31/2025
C-0358,O-6774,01/07/2025,166.59,Clothing,Formal Shirt,03/25/2025
C-0880,O-1080,01/08/2025,447.54,Electronics,Mouse Pad,12/22/2024
C-1467,O-2486,01/08/2025,183.62,Electronics,Webcam,10/28/2025
C-1888,O-2543,01/08/2025,347.85,Electronics,Mouse Pad,07/12/2024
C-1343,O-3825,01/08/2025,223.67,Home & Kitchen,Insulated Flask,09/28/2025
C-2139,O-4116,01/08/2025,195.89,Clothing,Formal Shirt,12/31/2024
C-0460,O-5118,01/08/2025,31.39,Sports,Yoga Mat,05/24/2025
C-0178,O-6568,01/08/2025,468.36,Electronics,USB-C Hub,10/08/2024
C-1224,O-1163,01/09/2025,454.86,Electronics,Webcam,06/07/2025
C-0803,O-1229,01/09/2025,147.02,Electronics,Mechanical Keyboard,01/12/2025
C-1692,O-1412,01/09/2025,29.13,Beauty,Vitamin C Serum,11/15/2024
C-2016,O-1414,01/09/2025,24.18,Clothing,Running Shorts,12/27/2024
C-0066,O-1933,01/09/2025,77.36,Beauty,Lip Balm Set,07/24/2025
C-1577,O-3149,01/09/2025,24.7,Clothing,Track Pants,09/27/2024
C-0223,O-3893,01/09/2025,169.39,Electronics,Wireless Earbuds,12/06/2024
C-2259,O-5681,01/09/2025,187.31,Home & Kitchen,Air Purifier,05/05/2025
C-0647,O-6780,01/09/2025,98.46,Electronics,Smart Watch Band,04/26/2025
C-1753,O-1799,01/10/2025,141.47,Beauty,Body Lotion,08/02/2024
C-1681,O-2913,01/10/2025,86.65,Home & Kitchen,Blender,02/06/2025
C-1589,O-3552,01/10/2025,224.46,Home & Kitchen,Bamboo Cutting Board,10/21/2025
C-0737,O-3985,01/10/2025,70.42,Clothing,Denim Jacket,12/27/2024
C-2026,O-4943,01/10/2025,68.53,Electronics,USB-C Hub,05/04/2025
C-2224,O-6242,01/10/2025,485.42,Electronics,Smart Watch Band,08/03/2025
C-0233,O-6761,01/10/2025,105.65,Beauty,Hair Oil,11/27/2025
C-0145,O-1166,01/11/2025,141.97,Clothing,Casual Hoodie,01/22/2025
C-0632,O-1569,01/11/2025,150.5,Clothing,Polo Shirt,11/08/2025
C-0457,O-3093,01/11/2025,217.56,Home & Kitchen,Storage Containers,02/26/2025
C-0597,O-3751,01/11/2025,90.01,Beauty,Hair Oil,07/11/2024
C-0305,O-4485,01/11/2025,406.0,Electronics,HDMI Cable,10/23/2024
C-1427,O-1481,01/12/2025,136.25,Clothing,Linen Shirt,03/04/2025
C-1574,O-1664,01/12/2025,180.85,Clothing,Cargo Pants,07/13/2025
C-1125,O-2107,01/12/2025,299.56,Home & Kitchen,Air Purifier,09/13/2025
C-0876,O-2810,01/12/2025,187.64,Clothing,Running Shorts,11/27/2024
C-2146,O-6626,01/12/2025,116.54,Beauty,Vitamin C Serum,06/28/2025
C-0360,O-6959,01/12/2025,151.93,Clothing,Formal Shirt,03/29/2025
C-1124,O-2045,01/13/2025,148.87,Beauty,Moisturizer,02/17/2025
C-1255,O-3399,01/13/2025,104.65,Beauty,Perfume Roll-On,09/14/2024
C-1601,O-3519,01/13/2025,20.81,Clothing,Cotton T-Shirt,12/13/2024
C-0905,O-4037,01/13/2025,14.04,Beauty,Eye Cream,07/29/2025
C-0126,O-4065,01/13/2025,85.45,Beauty,Perfume Roll-On,11/13/2025
C-2316,O-4525,01/13/2025,103.1,Beauty,Perfume Roll-On,11/20/2024
C-1928,O-5855,01/13/2025,26.62,Sports,Foam Roller,11/13/2025
C-2220,O-5878,01/13/2025,254.84,Home & Kitchen,Non-Stick Pan Set,04/01/2025
C-0671,O-1513,01/14/2025,394.04,Electronics,Mechanical Keyboard,03/12/2025
C-0349,O-2006,01/14/2025,152.68,Sports,Swimming Goggles,06/02/2025
C-1518,O-2038,01/14/2025,152.48,Clothing,Casual Hoodie,08/05/2024
C-1345,O-2064,01/14/2025,317.83,Electronics,Wireless Earbuds,10/03/2025
C-1639,O-2502,01/14/2025,359.18,Electronics,Webcam,11/08/2025
C-1072,O-3228,01/14/2025,30.41,Clothing,Formal Shirt,07/26/2025
C-2169,O-3237,01/14/2025,146.02,Clothing,Casual Hoodie,06/05/2025
C-1592,O-3585,01/14/2025,58.2,Beauty,Face Wash,01/03/2025
C-2343,O-3912,01/14/2025,53.55,Clothing,Wool Scarf,03/22/2025
C-1428,O-4871,01/14/2025,52.95,Electronics,USB-C Hub,08/31/2025
C-1817,O-5244,01/14/2025,135.79,Home & Kitchen,Knife Set,08/23/2024
C-1759,O-5368,01/14/2025,378.36,Electronics,Wireless Earbuds,09/02/2025
C-2155,O-5460,01/14/2025,124.35,Clothing,Linen Shirt,05/04/2025
C-1935,O-5984,01/14/2025,69.71,Clothing,Denim Jacket,10/11/2025
C-1883,O-6446,01/14/2025,291.18,Home & Kitchen,Bamboo Cutting Board,02/27/2025
C-2262,O-6805,01/14/2025,91.94,Home & Kitchen,Air Purifier,11/27/2024
C-1036,O-1284,01/15/2025,433.51,Electronics,Smart Watch Band,03/01/2025
C-0286,O-1288,01/15/2025,75.74,Clothing,Polo Shirt,06/17/2025
C-0277,O-2065,01/15/2025,166.59,Sports,Jump Rope,10/15/2024
C-1602,O-3062,01/15/2025,81.74,Electronics,Laptop Stand,05/27/2025
C-1358,O-3470,01/15/2025,45.7,Clothing,Track Pants,12/13/2024
C-2191,O-3554,01/15/2025,20.51,Clothing,Wool Scarf,06/05/2025
C-1455,O-3693,01/15/2025,92.2,Beauty,Face Wash,11/16/2024
C-0071,O-3918,01/15/2025,298.51,Home & Kitchen,Insulated Flask,02/20/2025
C-0893,O-4190,01/15/2025,109.36,Home & Kitchen,Bamboo Cutting Board,10/20/2025
C-2037,O-4285,01/15/2025,264.17,Home & Kitchen,Air Purifier,08/31/2025
C-0853,O-4876,01/15/2025,36.98,Beauty,Lip Balm Set,07/25/2025
C-1288,O-5464,01/15/2025,186.61,Clothing,Polo Shirt,04/16/2025
C-0401,O-6022,01/15/2025,278.58,Home & Kitchen,Non-Stick Pan Set,09/26/2025
C-0303,O-6599,01/15/2025,186.75,Home & Kitchen,LED Desk Lamp,09/11/2025
C-2399,O-6839,01/15/2025,308.11,Electronics,Smart Watch Band,02/05/2025
C-0856,O-6905,01/15/2025,153.75,Electronics,Mechanical Keyboard,08/06/2024
C-2412,O-1642,01/16/2025,72.95,Clothing,Running Shorts,05/17/2025
C-1616,O-1750,01/16/2025,126.94,Clothing,Linen Shirt,12/23/2024
C-1103,O-2700,01/16/2025,137.55,Beauty,Face Wash,11/11/2024
C-0163,O-2728,01/16/2025,216.29,Electronics,Wireless Earbuds,09/08/2024
C-1814,O-2958,01/16/2025,232.77,Home & Kitchen,Blender,08/21/2024
C-2093,O-3051,01/16/2025,399.16,Electronics,Webcam,12/04/2024
C-1669,O-3711,01/16/2025,473.72,Electronics,USB-C Hub,12/11/2024
C-2333,O-3737,01/16/2025,44.92,Sports,Water Bottle,03/12/2025
C-1019,O-4388,01/16/2025,48.88,Clothing,Formal Shirt,09/09/2024
C-0788,O-4432,01/16/2025,215.4,Home & Kitchen,Non-Stick Pan Set,02/16/2025
C-1726,O-5014,01/16/2025,102.17,Home & Kitchen,Bamboo Cutting Board,11/30/2024
C-0909,O-5833,01/16/2025,163.43,Clothing,Denim Jacket,07/26/2025
C-0302,O-6576,01/16/2025,64.11,Clothing,Formal Shirt,09/26/2025
C-2341,O-1478,01/17/2025,92.72,Home & Kitchen,Storage Containers,07/11/2024
C-0469,O-2472,01/17/2025,59.09,Beauty,Sunscreen SPF50,08/29/2025
C-0044,O-2811,01/17/2025,51.05,Clothing,Track Pants,01/13/2025
C-2138,O-3761,01/17/2025,99.89,Beauty,Body Lotion,09/14/2025
C-2391,O-4276,01/17/2025,473.43,Electronics,USB-C Hub,09/16/2025
C-1445,O-5522,01/17/2025,278.0,Home & Kitchen,Coffee Maker,10/15/2024
C-1494,O-5625,01/17/2025,38.04,Beauty,Eye Cream,05/25/2025
C-2472,O-5715,01/17/2025,147.88,Home & Kitchen,Spice Rack,10/24/2024
C-2340,O-6479,01/17/2025,293.61,Home & Kitchen,Insulated Flask,10/17/2024
C-2239,O-1252,01/18/2025,51.18,Beauty,Lip Balm Set,10/03/2025
C-0175,O-1784,01/18/2025,316.93,Electronics,HDMI Cable,08/21/2025
C-0490,O-2945,01/18/2025,120.34,Clothing,Polo Shirt,09/20/2025
C-1604,O-4248,01/18/2025,236.81,Home & Kitchen,Blender,06/20/2025
C-1090,O-4629,01/18/2025,412.72,Electronics,Mechanical Keyboard,09/11/2025
C-0564,O-5102,01/18/2025,180.17,Electronics,Bluetooth Speaker,11/14/2025
C-1714,O-5384,01/18/2025,281.09,Home & Kitchen,Storage Containers,07/10/2025
C-0205,O-5586,01/18/2025,96.4,Electronics,Wireless Earbuds,10/04/2024
C-2254,O-5779,01/18/2025,267.41,Home & Kitchen,Coffee Maker,12/21/2024
C-0921,O-6294,01/18/2025,141.52,Clothing,Casual Hoodie,06/26/2025
C-0551,O-2206,01/19/2025,190.47,Clothing,Track Pants,03/06/2025
C-0857,O-3633,01/19/2025,77.57,Electronics,Mouse Pad,09/09/2024
C-0375,O-3697,01/19/2025,89.92,Clothing,Running Shorts,07/08/2025
C-1019,O-3911,01/19/2025,28.52,Sports,Water Bottle,09/09/2024
C-0899,O-4401,01/19/2025,248.44,Electronics,Mouse Pad,05/03/2025
C-2194,O-4779,01/19/2025,22.46,Clothing,Casual Hoodie,09/19/2024
C-1645,O-4883,01/19/2025,189.05,Electronics,Mouse Pad,05/23/2025
C-1753,O-5349,01/19/2025,217.53,Electronics,Bluetooth Speaker,08/02/2024
C-1101,O-6253,01/19/2025,57.67,Beauty,Eye Cream,10/07/2024
C-1253,O-6264,01/19/2025,261.48,Home & Kitchen,Insulated Flask,08/27/2024
C-1845,O-6922,01/19/2025,142.89,Home & Kitchen,Blender,08/08/2024
C-1833,O-6951,01/19/2025,123.29,Home & Kitchen,Storage Containers,08/30/2024
C-0096,O-6953,01/19/2025,69.14,Clothing,Cargo Pants,10/21/2024
C-2481,O-1385,01/20/2025,73.0,Home & Kitchen,Storage Containers,03/11/2025
C-0765,O-2123,01/20/2025,177.72,Electronics,Mechanical Keyboard,07/02/2024
C-0041,O-2456,01/20/2025,327.43,Electronics,Smart Watch Band,09/19/2024
C-2194,O-2758,01/20/2025,110.97,Sports,Swimming Goggles,09/19/2024
C-1365,O-2990,01/20/2025,95.22,Home & Kitchen,Bamboo Cutting Board,10/14/2024
C-0312,O-3095,01/20/2025,461.61,Electronics,Smart Watch Band,11/08/2024
C-1566,O-4903,01/20/2025,194.24,Sports,Water Bottle,02/15/2025
C-1598,O-5614,01/20/2025,77.67,Electronics,Smart Watch Band,12/04/2024
C-1860,O-6666,01/20/2025,27.29,Home & Kitchen,Storage Containers,12/14/2024
C-0128,O-6824,01/20/2025,22.51,Beauty,Sunscreen SPF50,10/23/2024
C-1508,O-6941,01/20/2025,281.1,Electronics,Wireless Earbuds,09/19/2025
C-1718,O-1083,01/21/2025,93.52,Home & Kitchen,Storage Containers,11/25/2025
C-0561,O-1759,01/21/2025,180.26,Electronics,Mechanical Keyboard,06/15/2025
C-1284,O-1836,01/21/2025,130.62,Clothing,Formal Shirt,09/23/2025
C-2100,O-1915,01/21/2025,103.14,Clothing,Cargo Pants,06/11/2025
C-1706,O-2585,01/21/2025,70.01,Clothing,Denim Jacket,10/05/2025
C-2478,O-3277,01/21/2025,144.08,Beauty,Lip Balm Set,02/09/2025
C-1114,O-3614,01/21/2025,180.43,Home & Kitchen,Blender,10/15/2024
C-0518,O-3865,01/21/2025,197.4,Home & Kitchen,Non-Stick Pan Set,03/16/2025
C-0649,O-4308,01/21/2025,17.62,Clothing,Denim Jacket,11/15/2025
C-0682,O-4691,01/21/2025,213.74,Home & Kitchen,Spice Rack,10/10/2024
C-0007,O-5001,01/21/2025,46.32,Sports,Yoga Mat,10/13/2024
C-0542,O-5089,01/21/2025,322.21,Electronics,Webcam,12/15/2024
C-0316,O-5197,01/21/2025,183.27,Home & Kitchen,Bamboo Cutting Board,08/10/2024
C-1661,O-1350,01/22/2025,185.05,Clothing,Denim Jacket,04/24/2025
C-2238,O-3142,01/22/2025,97.86,Clothing,Running Shorts,09/15/2025
C-1960,O-4313,01/22/2025,39.24,Clothing,Formal Shirt,10/03/2025
C-0282,O-4559,01/22/2025,463.3,Electronics,HDMI Cable,12/07/2024
C-0129,O-1444,01/23/2025,94.44,Electronics,Webcam,07/07/2025
C-0504,O-1961,01/23/2025,157.31,Clothing,Cargo Pants,11/16/2024
C-2053,O-3528,01/23/2025,356.16,Electronics,Laptop Stand,09/13/2024
C-0301,O-4336,01/23/2025,274.13,Home & Kitchen,Knife Set,12/13/2024
C-2168,O-4686,01/23/2025,169.22,Clothing,Running Shorts,09/18/2025
C-0256,O-4763,01/23/2025,297.84,Electronics,Mouse Pad,10/12/2025
C-0989,O-5310,01/23/2025,123.67,Beauty,Moisturizer,12/06/2024
C-0841,O-6538,01/23/2025,125.1,Clothing,Track Pants,10/11/2025
C-0044,O-6624,01/23/2025,220.1,Electronics,Mechanical Keyboard,01/13/2025
C-2220,O-6860,01/23/2025,71.47,Home & Kitchen,Spice Rack,04/01/2025
C-0568,O-1503,01/24/2025,106.39,Beauty,Face Wash,10/14/2025
C-2104,O-2540,01/24/2025,19.61,Beauty,Lip Balm Set,10/15/2025
C-2299,O-2797,01/24/2025,96.34,Electronics,USB-C Hub,03/06/2025
C-1568,O-3091,01/24/2025,207.77,Electronics,Mouse Pad,01/22/2025
C-1462,O-3205,01/24/2025,109.58,Home & Kitchen,LED Desk Lamp,01/21/2025
C-1963,O-3327,01/24/2025,103.97,Beauty,Moisturizer,09/21/2024
C-2246,O-4108,01/24/2025,84.92,Clothing,Running Shorts,05/29/2025
C-0801,O-4433,01/24/2025,89.47,Sports,Dumbbell Set,11/26/2024
C-0018,O-5604,01/24/2025,203.44,Electronics,HDMI Cable,09/03/2025
C-1898,O-6760,01/24/2025,113.67,Electronics,HDMI Cable,11/27/2025
C-2050,O-2023,01/25/2025,62.26,Beauty,Vitamin C Serum,04/01/2025
C-0322,O-2661,01/25/2025,73.02,Sports,Swimming Goggles,08/21/2025
C-1570,O-3419,01/25/2025,287.48,Home & Kitchen,Non-Stick Pan Set,02/28/2025
C-1002,O-3882,01/25/2025,64.35,Clothing,Formal Shirt,10/10/2024
C-0220,O-4053,01/25/2025,151.05,Clothing,Casual Hoodie,04/19/2025
C-1579,O-4481,01/25/2025,233.38,Electronics,Mouse Pad,05/13/2025
C-1323,O-4985,01/25/2025,74.91,Beauty,Lip Balm Set,01/13/2025
C-0197,O-5003,01/25/2025,64.15,Electronics,HDMI Cable,04/12/2025
C-0847,O-5088,01/25/2025,223.23,Home & Kitchen,Insulated Flask,10/24/2025
C-1046,O-5308,01/25/2025,104.15,Home & Kitchen,Spice Rack,10/31/2025
C-1037,O-5570,01/25/2025,240.29,Electronics,Webcam,05/28/2025
C-2279,O-5634,01/25/2025,278.42,Electronics,Portable Charger,05/08/2025
C-0392,O-5968,01/25/2025,463.4,Electronics,Webcam,05/05/2025
C-2448,O-6991,01/25/2025,274.47,Home & Kitchen,Storage Containers,07/10/2024
C-0831,O-1515,01/26/2025,440.21,Electronics,Mouse Pad,07/31/2025
C-2428,O-2179,01/26/2025,241.81,Electronics,Bluetooth Speaker,01/04/2025
C-1734,O-3414,01/26/2025,76.95,Electronics,Smart Watch Band,11/14/2025
C-0122,O-3951,01/26/2025,200.19,Electronics,Wireless Earbuds,07/18/2025
C-0669,O-4007,01/26/2025,88.98,Home & Kitchen,Coffee Maker,05/08/2025
C-0197,O-4386,01/26/2025,50.24,Clothing,Running Shorts,04/12/2025
C-0797,O-4450,01/26/2025,205.04,Home & Kitchen,LED Desk Lamp,11/07/2025
C-1836,O-4499,01/26/2025,124.74,Clothing,Track Pants,08/08/2024
C-1901,O-5226,01/26/2025,154.08,Clothing,Cargo Pants,04/29/2025
C-2289,O-5591,01/26/2025,95.65,Clothing,Denim Jacket,05/04/2025
C-1164,O-6340,01/26/2025,63.14,Clothing,Denim Jacket,02/06/2025
C-1890,O-6945,01/26/2025,71.75,Home & Kitchen,Air Purifier,07/04/2025
C-1236,O-1027,01/27/2025,49.9,Clothing,Track Pants,01/19/2025
C-2485,O-3429,01/27/2025,126.18,Clothing,Denim Jacket,03/27/2025
C-1024,O-5357,01/27/2025,29.69,Beauty,Perfume Roll-On,11/29/2024
C-1661,O-5400,01/27/2025,157.51,Sports,Water Bottle,04/24/2025
C-2477,O-5772,01/27/2025,355.74,Electronics,Mouse Pad,09/25/2025
C-2204,O-5977,01/27/2025,155.15,Sports,Resistance Bands,05/31/2025
C-0657,O-6486,01/27/2025,294.37,Electronics,Wireless Earbuds,01/05/2025
C-0420,O-1579,01/28/2025,112.58,Home & Kitchen,Storage Containers,10/10/2025
C-1055,O-2365,01/28/2025,55.4,Beauty,Lip Balm Set,10/13/2025
C-1267,O-2944,01/28/2025,323.89,Electronics,Portable Charger,08/12/2024
C-0608,O-3004,01/28/2025,19.85,Clothing,Denim Jacket,10/04/2024
C-0598,O-3596,01/28/2025,175.94,Clothing,Casual Hoodie,01/12/2025
C-0727,O-4480,01/28/2025,95.32,Beauty,Perfume Roll-On,08/10/2024
C-1407,O-4509,01/28/2025,114.24,Clothing,Linen Shirt,09/07/2025
C-1889,O-4602,01/28/2025,187.54,Clothing,Wool Scarf,03/25/2025
C-0205,O-6052,01/28/2025,166.36,Clothing,Track Pants,10/04/2024
C-0664,O-1948,01/29/2025,138.41,Clothing,Denim Jacket,11/16/2025
C-0509,O-2268,01/29/2025,61.55,Sports,Resistance Bands,07/24/2025
C-0694,O-2775,01/29/2025,93.08,Beauty,Body Lotion,10/05/2025
C-1668,O-2892,01/29/2025,345.75,Electronics,Mechanical Keyboard,01/11/2025
C-1666,O-4389,01/29/2025,107.85,Home & Kitchen,Non-Stick Pan Set,06/01/2025
C-1238,O-4395,01/29/2025,31.72,Beauty,Moisturizer,12/04/2024
C-1733,O-4593,01/29/2025,90.24,Electronics,Laptop Stand,06/10/2025
C-0094,O-5639,01/29/2025,361.7,Electronics,Mouse Pad,10/02/2024
C-2026,O-5796,01/29/2025,115.73,Clothing,Casual Hoodie,05/04/2025
C-0467,O-5831,01/29/2025,162.39,Home & Kitchen,Non-Stick Pan Set,02/05/2025
C-1930,O-5938,01/29/2025,41.33,Home & Kitchen,LED Desk Lamp,09/30/2025
C-2433,O-6328,01/29/2025,345.4,Electronics,Mechanical Keyboard,11/19/2024
C-1648,O-6345,01/29/2025,233.01,Sports,Water Bottle,11/11/2024
C-0709,O-6500,01/29/2025,82.7,Home & Kitchen,Non-Stick Pan Set,11/30/2024
C-2375,O-6909,01/29/2025,414.46,Electronics,Webcam,08/15/2024
C-1446,O-3190,01/30/2025,223.23,Sports,Running Armband,06/06/2025
C-2292,O-5294,01/30/2025,180.36,Home & Kitchen,Air Purifier,11/03/2025
C-1557,O-5538,01/30/2025,389.73,Electronics,Mouse Pad,09/28/2024
C-2020,O-5701,01/30/2025,61.83,Clothing,Formal Shirt,06/18/2025
C-1699,O-6226,01/30/2025,172.22,Sports,Sports Towel,08/22/2024
C-2401,O-6356,01/30/2025,135.4,Home & Kitchen,Spice Rack,04/12/2025
C-0263,O-6684,01/30/2025,282.17,Electronics,Webcam,02/04/2025
C-1960,O-1720,01/31/2025,54.86,Beauty,Lip Balm Set,10/03/2025
C-2019,O-2041,01/31/2025,99.93,Electronics,Mechanical Keyboard,08/18/2024
C-1711,O-2114,01/31/2025,20.57,Clothing,Track Pants,08/08/2025
C-0594,O-2253,01/31/2025,380.89,Electronics,Webcam,06/14/2025
C-2092,O-2276,01/31/2025,90.2,Home & Kitchen,Non-Stick Pan Set,04/29/2025
C-1940,O-2800,01/31/2025,495.09,Electronics,Webcam,08/10/2025
C-1240,O-3518,01/31/2025,60.99,Beauty,Moisturizer,12/29/2024
C-1843,O-3624,01/31/2025,325.3,Electronics,Webcam,01/07/2025
C-1180,O-3863,01/31/2025,140.94,Sports,Resistance Bands,11/18/2024
C-1114,O-4746,01/31/2025,149.32,Clothing,Formal Shirt,10/15/2024
C-0055,O-4765,01/31/2025,165.46,Clothing,Polo Shirt,07/09/2025
C-0308,O-5136,01/31/2025,188.42,Electronics,Laptop Stand,08/06/2024
C-1257,O-5362,01/31/2025,136.6,Electronics,Bluetooth Speaker,10/16/2025
C-1761,O-6496,01/31/2025,43.21,Home & Kitchen,Insulated Flask,08/27/2025
C-1789,O-6659,01/31/2025,394.18,Electronics,Laptop Stand,11/04/2025
C-0269,O-1268,02/01/2025,262.86,Home & Kitchen,LED Desk Lamp,03/08/2025
C-0328,O-1394,02/01/2025,93.0,Electronics,Bluetooth Speaker,07/26/2024
C-0313,O-2493,02/01/2025,269.67,Home & Kitchen,Knife Set,08/12/2024
C-2265,O-2662,02/01/2025,66.14,Electronics,USB-C Hub,09/19/2025
C-2044,O-2898,02/01/2025,210.07,Home & Kitchen,Air Purifier,09/19/2024
C-1230,O-2968,02/01/2025,114.04,Home & Kitchen,Air Purifier,06/25/2025
C-0955,O-3236,02/01/2025,224.11,Electronics,Bluetooth Speaker,10/01/2024
C-0668,O-3900,02/01/2025,135.8,Beauty,Eye Cream,11/30/2024
C-2321,O-4088,02/01/2025,219.39,Sports,Swimming Goggles,09/07/2025
C-1397,O-5541,02/01/2025,29.49,Sports,Jump Rope,10/27/2025
C-2108,O-6914,02/01/2025,134.62,Home & Kitchen,Insulated Flask,11/21/2024
C-1760,O-1009,02/02/2025,168.24,Clothing,Wool Scarf,12/03/2024
C-0685,O-1133,02/02/2025,15.97,Beauty,Vitamin C Serum,03/28/2025
C-1151,O-1312,02/02/2025,213.0,Electronics,USB-C Hub,09/25/2024
C-1783,O-1608,02/02/2025,63.24,Home & Kitchen,Spice Rack,02/16/2025
C-0268,O-2416,02/02/2025,76.63,Home & Kitchen,Bamboo Cutting Board,09/09/2024
C-1723,O-2471,02/02/2025,298.21,Electronics,Mouse Pad,06/07/2025
C-0895,O-2905,02/02/2025,86.55,Sports,Sports Towel,12/09/2024
C-1142,O-4226,02/02/2025,230.64,Home & Kitchen,Storage Containers,02/06/2025
C-1383,O-4319,02/02/2025,181.54,Clothing,Cotton T-Shirt,07/18/2025
C-1540,O-4332,02/02/2025,175.46,Home & Kitchen,Spice Rack,01/07/2025
C-1299,O-4623,02/02/2025,114.71,Sports,Sports Towel,03/16/2025
C-1803,O-4969,02/02/2025,261.95,Electronics,Mechanical Keyboard,09/26/2025
C-2018,O-5823,02/02/2025,136.76,Home & Kitchen,Insulated Flask,11/20/2025
C-0903,O-6545,02/02/2025,153.41,Clothing,Polo Shirt,05/06/2025
C-0239,O-6656,02/02/2025,135.76,Sports,Gym Bag,09/08/2024
C-0462,O-6809,02/02/2025,270.9,Home & Kitchen,Coffee Maker,11/19/2024
C-1629,O-1885,02/03/2025,227.43,Home & Kitchen,Knife Set,11/07/2025
C-2399,O-1902,02/03/2025,169.65,Home & Kitchen,Non-Stick Pan Set,02/05/2025
C-0484,O-1992,02/03/2025,153.1,Clothing,Cotton T-Shirt,08/04/2025
C-1846,O-2207,02/03/2025,387.46,Electronics,Wireless Earbuds,07/10/2024
C-1768,O-2545,02/03/2025,243.88,Electronics,HDMI Cable,01/29/2025
C-1649,O-3556,02/03/2025,336.87,Electronics,Smart Watch Band,07/15/2025
C-0534,O-3924,02/03/2025,141.81,Beauty,Face Wash,10/28/2025
C-0203,O-4089,02/03/2025,70.15,Electronics,Bluetooth Speaker,08/21/2024
C-1866,O-5894,02/03/2025,190.1,Sports,Dumbbell Set,04/29/2025
C-0005,O-1016,02/04/2025,124.83,Clothing,Running Shorts,02/14/2025
C-1318,O-1677,02/04/2025,34.28,Beauty,Eye Cream,05/13/2025
C-1258,O-3195,02/04/2025,35.1,Clothing,Polo Shirt,10/06/2025
C-1828,O-3424,02/04/2025,233.84,Electronics,Bluetooth Speaker,11/01/2025
C-1216,O-4152,02/04/2025,120.71,Sports,Gym Bag,03/07/2025
C-0553,O-4784,02/04/2025,32.72,Beauty,Vitamin C Serum,05/05/2025
C-1497,O-5138,02/04/2025,362.48,Electronics,Laptop Stand,06/01/2025
C-2419,O-5245,02/04/2025,127.17,Home & Kitchen,Coffee Maker,12/24/2024
C-1298,O-5338,02/04/2025,180.28,Electronics,Wireless Earbuds,04/17/2025
C-0308,O-5431,02/04/2025,215.3,Sports,Foam Roller,08/06/2024
C-1852,O-5759,02/04/2025,25.62,Beauty,Perfume Roll-On,11/18/2025
C-0141,O-5769,02/04/2025,200.44,Home & Kitchen,Bamboo Cutting Board,12/17/2024
C-0998,O-5962,02/04/2025,94.67,Home & Kitchen,Coffee Maker,09/28/2025
C-0558,O-6682,02/04/2025,142.88,Clothing,Cotton T-Shirt,07/15/2025
C-0217,O-6693,02/04/2025,123.18,Beauty,Vitamin C Serum,08/04/2025
C-1355,O-6719,02/04/2025,145.56,Clothing,Wool Scarf,07/27/2025
C-0214,O-6996,02/04/2025,188.09,Clothing,Denim Jacket,12/16/2024
C-2344,O-1155,02/05/2025,104.88,Beauty,Lip Balm Set,02/13/2025
C-0909,O-1462,02/05/2025,118.01,Beauty,Moisturizer,07/26/2025
C-0321,O-2806,02/05/2025,183.61,Sports,Dumbbell Set,06/28/2025
C-0184,O-3151,02/05/2025,451.56,Electronics,USB-C Hub,08/25/2024
C-1066,O-3644,02/05/2025,65.14,Sports,Yoga Mat,05/26/2025
C-0006,O-3920,02/05/2025,188.96,Home & Kitchen,Blender,11/20/2024
C-0742,O-4669,02/05/2025,193.73,Sports,Dumbbell Set,09/20/2025
C-0479,O-5364,02/05/2025,164.37,Electronics,Smart Watch Band,07/25/2025
C-1525,O-6135,02/05/2025,176.07,Electronics,Laptop Stand,08/03/2024
C-1277,O-6822,02/05/2025,44.99,Home & Kitchen,Coffee Maker,06/17/2025
C-0847,O-1881,02/06/2025,187.14,Sports,Dumbbell Set,10/24/2025
C-0949,O-2425,02/06/2025,117.64,Beauty,Vitamin C Serum,10/23/2025
C-2415,O-2956,02/06/2025,181.57,Home & Kitchen,Bamboo Cutting Board,10/25/2024
C-0628,O-3324,02/06/2025,63.45,Electronics,Mechanical Keyboard,10/31/2024
C-0066,O-3462,02/06/2025,98.24,Clothing,Running Shorts,07/24/2025
C-1873,O-3876,02/06/2025,466.61,Electronics,Webcam,08/15/2025
C-1114,O-5411,02/06/2025,169.15,Clothing,Cargo Pants,10/15/2024
C-0587,O-6209,02/06/2025,94.36,Home & Kitchen,LED Desk Lamp,11/19/2025
C-0833,O-6879,02/06/2025,74.31,Beauty,Hair Oil,11/20/2025
C-0320,O-1451,02/07/2025,43.28,Sports,Resistance Bands,10/14/2024
C-2181,O-2151,02/07/2025,169.75,Clothing,Cotton T-Shirt,05/19/2025
C-2467,O-2278,02/07/2025,60.34,Home & Kitchen,Bamboo Cutting Board,02/16/2025
C-0625,O-2498,02/07/2025,135.8,Beauty,Sunscreen SPF50,11/01/2024
C-1076,O-2670,02/07/2025,111.61,Beauty,Hair Oil,09/14/2025
C-0609,O-3967,02/07/2025,104.73,Clothing,Cotton T-Shirt,04/28/2025
C-0860,O-4314,02/07/2025,52.58,Sports,Jump Rope,02/18/2025
C-0251,O-4814,02/07/2025,188.1,Electronics,Laptop Stand,03/02/2025
C-0080,O-4848,02/07/2025,66.01,Beauty,Sunscreen SPF50,11/24/2025
C-2223,O-5668,02/07/2025,95.0,Clothing,Casual Hoodie,12/05/2024
C-1862,O-6427,02/07/2025,195.57,Sports,Dumbbell Set,03/21/2025
C-0093,O-6476,02/07/2025,278.92,Electronics,Laptop Stand,11/18/2025
C-2268,O-1239,02/08/2025,371.47,Electronics,Smart Watch Band,05/03/2025
C-1638,O-1466,02/08/2025,243.05,Home & Kitchen,Insulated Flask,08/30/2025
C-0233,O-1646,02/08/2025,182.86,Sports,Resistance Bands,11/27/2025
C-0274,O-2139,02/08/2025,248.25,Sports,Running Armband,05/06/2025
C-0043,O-2828,02/08/2025,47.35,Home & Kitchen,Spice Rack,07/06/2025
C-0817,O-3197,02/08/2025,137.04,Clothing,Running Shorts,06/19/2025
C-0754,O-3256,02/08/2025,262.53,Electronics,Mechanical Keyboard,11/20/2025
C-1034,O-3311,02/08/2025,17.29,Clothing,Formal Shirt,07/16/2024
C-0530,O-4463,02/08/2025,35.68,Clothing,Running Shorts,07/21/2024
C-0747,O-4587,02/08/2025,170.24,Home & Kitchen,LED Desk Lamp,08/23/2025
C-2142,O-5180,02/08/2025,176.26,Sports,Sports Towel,11/30/2024
C-0573,O-5798,02/08/2025,208.48,Home & Kitchen,Bamboo Cutting Board,11/08/2025
C-1546,O-6171,02/08/2025,27.1,Beauty,Hair Oil,09/30/2025
C-1203,O-1261,02/09/2025,142.01,Sports,Sports Towel,08/19/2025
C-1666,O-1709,02/09/2025,157.58,Electronics,Portable Charger,06/01/2025
C-0656,O-2354,02/09/2025,266.77,Home & Kitchen,Non-Stick Pan Set,06/14/2025
C-2280,O-2681,02/09/2025,188.68,Clothing,Linen Shirt,07/07/2024
C-2175,O-4239,02/09/2025,168.65,Electronics,Wireless Earbuds,04/04/2025
C-0324,O-4383,02/09/2025,182.34,Sports,Dumbbell Set,02/28/2025
C-0853,O-4693,02/09/2025,58.18,Electronics,Wireless Earbuds,07/25/2025
C-0514,O-4824,02/09/2025,111.08,Beauty,Sheet Mask Pack,06/11/2025
C-2499,O-5710,02/09/2025,107.71,Home & Kitchen,Bamboo Cutting Board,06/25/2025
C-1814,O-5763,02/09/2025,238.95,Home & Kitchen,Knife Set,08/21/2024
C-1925,O-6720,02/09/2025,399.18,Electronics,USB-C Hub,09/26/2025
C-1500,O-6743,02/09/2025,426.97,Electronics,Portable Charger,09/30/2025
C-0166,O-1303,02/10/2025,18.8,Beauty,Lip Balm Set,09/11/2024
C-0699,O-1320,02/10/2025,29.98,Beauty,Eye Cream,04/22/2025
C-0714,O-2082,02/10/2025,57.57,Beauty,Vitamin C Serum,12/17/2024
C-1216,O-2240,02/10/2025,42.27,Clothing,Polo Shirt,03/07/2025
C-0533,O-2539,02/10/2025,244.26,Sports,Running Armband,11/07/2024
C-0396,O-2745,02/10/2025,238.82,Electronics,Portable Charger,04/20/2025
C-0920,O-3100,02/10/2025,248.16,Electronics,Webcam,02/21/2025
C-0173,O-3297,02/10/2025,143.62,Beauty,Vitamin C Serum,03/06/2025
C-1609,O-3343,02/10/2025,214.15,Home & Kitchen,Knife Set,04/08/2025
C-0691,O-3437,02/10/2025,93.87,Beauty,Perfume Roll-On,12/08/2024
C-2020,O-3884,02/10/2025,180.43,Electronics,Mechanical Keyboard,06/18/2025
C-0709,O-4725,02/10/2025,233.78,Electronics,Mechanical Keyboard,11/30/2024
C-1514,O-5377,02/10/2025,364.09,Electronics,Smart Watch Band,12/11/2024
C-1527,O-5702,02/10/2025,176.31,Electronics,Bluetooth Speaker,10/04/2025
C-2186,O-1278,02/11/2025,408.55,Electronics,Mechanical Keyboard,09/17/2024
C-2438,O-1675,02/11/2025,241.8,Electronics,Webcam,12/25/2024
C-0259,O-2156,02/11/2025,203.29,Sports,Resistance Bands,07/10/2024
C-1463,O-2657,02/11/2025,189.16,Clothing,Formal Shirt,08/12/2024
C-0711,O-3422,02/11/2025,157.45,Electronics,Wireless Earbuds,11/23/2024
C-1347,O-5407,02/11/2025,53.84,Home & Kitchen,Non-Stick Pan Set,03/02/2025
C-1140,O-5808,02/11/2025,185.3,Clothing,Linen Shirt,08/01/2024
C-0552,O-6018,02/11/2025,113.21,Clothing,Polo Shirt,10/13/2024
C-1432,O-1260,02/12/2025,56.35,Beauty,Hair Oil,09/08/2024
C-0107,O-2934,02/12/2025,60.78,Beauty,Eye Cream,03/31/2025
C-1665,O-3421,02/12/2025,124.54,Electronics,Smart Watch Band,12/11/2024
C-1197,O-4364,02/12/2025,160.33,Clothing,Formal Shirt,09/20/2025
C-0428,O-4517,02/12/2025,307.91,Electronics,HDMI Cable,07/06/2024
C-0827,O-5163,02/12/2025,372.48,Electronics,Wireless Earbuds,08/14/2024
C-1437,O-5915,02/12/2025,59.78,Electronics,Bluetooth Speaker,08/01/2025
C-1624,O-6506,02/12/2025,325.5,Electronics,Mechanical Keyboard,08/31/2025
C-1078,O-1343,02/13/2025,21.98,Clothing,Linen Shirt,10/26/2024
C-0486,O-1781,02/13/2025,359.62,Electronics,USB-C Hub,02/11/2025
C-0948,O-2334,02/13/2025,26.35,Clothing,Polo Shirt,10/26/2024
C-1652,O-4151,02/13/2025,153.77,Home & Kitchen,Coffee Maker,03/05/2025
C-0605,O-4287,02/13/2025,124.18,Sports,Foam Roller,11/15/2025
C-2268,O-4310,02/13/2025,104.89,Beauty,Perfume Roll-On,05/03/2025
C-0022,O-4854,02/13/2025,190.53,Sports,Yoga Mat,07/07/2024
C-1203,O-4957,02/13/2025,63.46,Clothing,Track Pants,08/19/2025
C-1111,O-4998,02/13/2025,267.83,Home & Kitchen,Insulated Flask,04/21/2025
C-1454,O-5024,02/13/2025,95.36,Home & Kitchen,Knife Set,01/03/2025
C-1156,O-5094,02/13/2025,356.34,Electronics,Webcam,09/22/2024
C-2295,O-5606,02/13/2025,337.09,Electronics,Bluetooth Speaker,08/12/2025
C-1921,O-6297,02/13/2025,60.9,Clothing,Casual Hoodie,01/24/2025
C-1317,O-6664,02/13/2025,43.99,Beauty,Sunscreen SPF50,07/07/2025
C-2005,O-6920,02/13/2025,95.49,Clothing,Running Shorts,02/25/2025
C-0389,O-6988,02/13/2025,67.65,Beauty,Eye Cream,09/04/2025
C-1542,O-1309,02/14/2025,166.19,Clothing,Wool Scarf,08/01/2025
C-1061,O-3002,02/14/2025,171.4,Home & Kitchen,Insulated Flask,10/19/2024
C-0607,O-3491,02/14/2025,133.3,Beauty,Lip Balm Set,07/18/2024
C-1291,O-3534,02/14/2025,179.93,Clothing,Formal Shirt,06/12/2025
C-0608,O-4378,02/14/2025,63.89,Home & Kitchen,Non-Stick Pan Set,10/04/2024
C-2041,O-5228,02/14/2025,269.27,Home & Kitchen,Non-Stick Pan Set,03/19/2025
C-2089,O-5474,02/14/2025,390.2,Electronics,Webcam,07/17/2024
C-0382,O-5486,02/14/2025,27.79,Clothing,Track Pants,05/13/2025
C-1314,O-5987,02/14/2025,413.81,Electronics,Wireless Earbuds,09/07/2025
C-1260,O-6267,02/14/2025,126.89,Beauty,Moisturizer,08/28/2024
C-2246,O-6533,02/14/2025,391.37,Electronics,Portable Charger,05/29/2025
C-1875,O-6932,02/14/2025,116.04,Sports,Foam Roller,01/06/2025
C-1718,O-1049,02/15/2025,184.43,Clothing,Cargo Pants,11/25/2025
C-2302,O-1247,02/15/2025,131.94,Home & Kitchen,Storage Containers,04/14/2025
C-2337,O-1874,02/15/2025,465.4,Electronics,Wireless Earbuds,08/14/2025
C-1535,O-2474,02/15/2025,177.73,Clothing,Formal Shirt,05/18/2025
C-0093,O-2634,02/15/2025,139.12,Beauty,Face Wash,11/18/2025
C-0182,O-2667,02/15/2025,346.97,Electronics,USB-C Hub,08/25/2025
C-1427,O-3109,02/15/2025,169.77,Clothing,Linen Shirt,03/04/2025
C-1476,O-3186,02/15/2025,483.37,Electronics,USB-C Hub,11/05/2024
C-2266,O-3993,02/15/2025,80.5,Clothing,Cargo Pants,04/09/2025
C-0394,O-4236,02/15/2025,357.7,Electronics,Bluetooth Speaker,07/01/2024
C-0481,O-4689,02/15/2025,137.81,Home & Kitchen,Storage Containers,07/07/2024
C-0654,O-5154,02/15/2025,204.22,Home & Kitchen,Insulated Flask,11/03/2025
C-1815,O-1251,02/16/2025,193.67,Sports,Gym Bag,02/17/2025
C-0863,O-2245,02/16/2025,278.87,Home & Kitchen,Non-Stick Pan Set,10/09/2024
C-2484,O-3388,02/16/2025,156.83,Home & Kitchen,Air Purifier,10/04/2025
C-1536,O-4191,02/16/2025,270.85,Electronics,Mechanical Keyboard,04/12/2025
C-0148,O-4425,02/16/2025,53.48,Home & Kitchen,Insulated Flask,07/18/2025
C-2477,O-4857,02/16/2025,496.09,Electronics,USB-C Hub,09/25/2025
C-0194,O-6738,02/16/2025,90.63,Beauty,Lip Balm Set,11/21/2024
C-1781,O-6885,02/16/2025,410.25,Electronics,Mouse Pad,04/12/2025
C-1020,O-1183,02/17/2025,110.83,Home & Kitchen,Insulated Flask,01/29/2025
C-1819,O-1798,02/17/2025,295.86,Home & Kitchen,Bamboo Cutting Board,08/28/2025
C-1175,O-2382,02/17/2025,177.96,Sports,Running Armband,08/26/2024
C-1785,O-2526,02/17/2025,375.85,Electronics,Webcam,04/22/2025
C-1978,O-2533,02/17/2025,370.12,Electronics,Portable Charger,03/11/2025
C-0679,O-3055,02/17/2025,85.72,Beauty,Vitamin C Serum,09/13/2025
C-0436,O-3344,02/17/2025,67.82,Home & Kitchen,Spice Rack,11/02/2024
C-1005,O-3488,02/17/2025,77.68,Beauty,Sheet Mask Pack,09/01/2024
C-1842,O-3634,02/17/2025,57.42,Home & Kitchen,Non-Stick Pan Set,11/20/2025
C-0093,O-3688,02/17/2025,91.4,Home & Kitchen,Insulated Flask,11/18/2025
C-1324,O-3698,02/17/2025,434.67,Electronics,Mechanical Keyboard,02/17/2025
C-0835,O-4085,02/17/2025,168.4,Home & Kitchen,Air Purifier,11/07/2024
C-1876,O-4279,02/17/2025,63.49,Electronics,Wireless Earbuds,11/21/2024
C-0824,O-4486,02/17/2025,52.27,Home & Kitchen,Air Purifier,07/28/2025
C-1259,O-6361,02/17/2025,179.08,Sports,Foam Roller,08/08/2024
C-1696,O-1128,02/18/2025,250.06,Home & Kitchen,Knife Set,07/10/2025
C-0494,O-1470,02/18/2025,280.38,Home & Kitchen,Blender,06/10/2025
C-0467,O-1953,02/18/2025,268.86,Electronics,Webcam,02/05/2025
C-0933,O-2111,02/18/2025,155.47,Home & Kitchen,LED Desk Lamp,10/01/2024
C-0822,O-3125,02/18/2025,77.85,Clothing,Denim Jacket,01/10/2025
C-2218,O-3189,02/18/2025,213.23,Sports,Jump Rope,09/14/2024
C-1814,O-4302,02/18/2025,270.75,Home & Kitchen,LED Desk Lamp,08/21/2024
C-1916,O-4718,02/18/2025,99.2,Beauty,Hair Oil,07/06/2025
C-0231,O-4775,02/18/2025,34.57,Clothing,Cargo Pants,08/21/2024
C-0929,O-5296,02/18/2025,219.16,Electronics,Bluetooth Speaker,09/25/2025
C-0585,O-5517,02/18/2025,377.13,Electronics,Laptop Stand,06/10/2025
C-0403,O-1144,02/19/2025,398.31,Electronics,Mouse Pad,02/04/2025
C-2356,O-1272,02/19/2025,109.25,Sports,Running Armband,04/29/2025
C-1408,O-1390,02/19/2025,146.43,Clothing,Formal Shirt,10/22/2024
C-2107,O-1794,02/19/2025,37.87,Clothing,Wool Scarf,12/21/2024
C-0172,O-2686,02/19/2025,488.88,Electronics,Portable Charger,10/28/2025
C-1317,O-3242,02/19/2025,183.52,Electronics,Smart Watch Band,07/07/2025
C-0780,O-3250,02/19/2025,214.99,Home & Kitchen,Non-Stick Pan Set,11/02/2024
C-1268,O-3742,02/19/2025,75.27,Clothing,Casual Hoodie,10/04/2025
C-0150,O-4967,02/19/2025,98.43,Home & Kitchen,Spice Rack,10/06/2025
C-0774,O-5157,02/19/2025,82.28,Beauty,Vitamin C Serum,01/25/2025
C-0406,O-5306,02/19/2025,127.29,Beauty,Face Wash,09/25/2024
C-2342,O-6461,02/19/2025,63.48,Home & Kitchen,Insulated Flask,10/09/2024
C-2133,O-2297,02/20/2025,190.28,Clothing,Denim Jacket,07/18/2024
C-0610,O-2331,02/20/2025,67.26,Electronics,Mechanical Keyboard,02/12/2025
C-0762,O-3442,02/20/2025,111.29,Clothing,Running Shorts,05/28/2025
C-0159,O-3535,02/20/2025,94.89,Home & Kitchen,Blender,07/08/2024
C-1292,O-4323,02/20/2025,118.1,Beauty,Face Wash,08/23/2024
C-2362,O-5907,02/20/2025,23.43,Clothing,Formal Shirt,05/16/2025
C-0437,O-6400,02/20/2025,68.45,Clothing,Linen Shirt,10/11/2025
C-0485,O-1313,02/21/2025,148.25,Clothing,Wool Scarf,09/03/2025
C-0488,O-1339,02/21/2025,33.55,Clothing,Running Shorts,02/10/2025
C-0903,O-1359,02/21/2025,143.76,Beauty,Sheet Mask Pack,05/06/2025
C-2368,O-1702,02/21/2025,270.15,Electronics,HDMI Cable,10/31/2025
C-1441,O-2100,02/21/2025,165.87,Home & Kitchen,Spice Rack,07/01/2025
C-1690,O-3940,02/21/2025,174.28,Electronics,Mechanical Keyboard,10/19/2024
C-1336,O-4687,02/21/2025,279.44,Electronics,Portable Charger,01/02/2025
C-0208,O-5654,02/21/2025,367.82,Electronics,Portable Charger,08/21/2025
C-2207,O-5882,02/21/2025,68.0,Sports,Dumbbell Set,10/05/2025
C-0991,O-6303,02/21/2025,184.43,Clothing,Wool Scarf,10/10/2024
C-2446,O-1407,02/22/2025,62.31,Beauty,Perfume Roll-On,08/24/2024
C-0952,O-1510,02/22/2025,46.86,Home & Kitchen,Insulated Flask,02/17/2025
C-1792,O-2481,02/22/2025,276.92,Electronics,USB-C Hub,04/21/2025
C-0986,O-3416,02/22/2025,306.78,Electronics,Smart Watch Band,10/08/2025
C-0562,O-3619,02/22/2025,52.92,Clothing,Cotton T-Shirt,07/13/2024
C-0115,O-4177,02/22/2025,38.24,Home & Kitchen,Coffee Maker,03/27/2025
C-1366,O-4557,02/22/2025,20.6,Clothing,Track Pants,11/05/2024
C-1004,O-4799,02/22/2025,262.19,Home & Kitchen,Blender,07/03/2025
C-2312,O-4879,02/22/2025,388.7,Electronics,Portable Charger,04/25/2025
C-0876,O-6118,02/22/2025,115.46,Beauty,Sunscreen SPF50,11/27/2024
C-2456,O-6275,02/22/2025,373.02,Electronics,Bluetooth Speaker,11/16/2025
C-0976,O-2651,02/23/2025,152.21,Electronics,Wireless Earbuds,11/21/2024
C-1628,O-2773,02/23/2025,119.18,Clothing,Polo Shirt,05/06/2025
C-0323,O-3573,02/23/2025,428.66,Electronics,Portable Charger,12/06/2024
C-1860,O-3770,02/23/2025,479.39,Electronics,USB-C Hub,12/14/2024
C-2402,O-3855,02/23/2025,109.01,Electronics,Webcam,09/03/2024
C-1526,O-4888,02/23/2025,284.64,Home & Kitchen,Air Purifier,12/05/2024
C-1113,O-4994,02/23/2025,229.19,Home & Kitchen,Storage Containers,06/26/2025
C-0583,O-5286,02/23/2025,246.18,Home & Kitchen,Bamboo Cutting Board,10/19/2025
C-0580,O-6167,02/23/2025,295.36,Electronics,Laptop Stand,04/12/2025
C-1038,O-6179,02/23/2025,92.68,Beauty,Perfume Roll-On,07/17/2024
C-0672,O-6208,02/23/2025,73.35,Electronics,Webcam,10/30/2024
C-1295,O-6691,02/23/2025,109.09,Electronics,Wireless Earbuds,06/03/2025
C-2393,O-1088,02/24/2025,77.01,Sports,Resistance Bands,07/30/2024
C-0055,O-2168,02/24/2025,188.98,Electronics,Bluetooth Speaker,07/09/2025
C-1318,O-2512,02/24/2025,102.99,Home & Kitchen,Knife Set,05/13/2025
C-2321,O-2777,02/24/2025,163.41,Electronics,Mouse Pad,09/07/2025
C-1697,O-4440,02/24/2025,464.58,Electronics,Mouse Pad,08/16/2024
C-0698,O-4639,02/24/2025,14.88,Beauty,Eye Cream,02/23/2025
C-1656,O-4842,02/24/2025,473.0,Electronics,USB-C Hub,10/04/2025
C-2484,O-5664,02/24/2025,150.69,Clothing,Cargo Pants,10/04/2025
C-0673,O-5956,02/24/2025,225.75,Home & Kitchen,Non-Stick Pan Set,08/31/2025
C-1482,O-6028,02/24/2025,118.75,Clothing,Running Shorts,06/13/2025
C-1972,O-6299,02/24/2025,333.08,Electronics,Webcam,07/24/2024
C-1240,O-6771,02/24/2025,369.52,Electronics,HDMI Cable,12/29/2024
C-1252,O-1015,02/25/2025,145.18,Clothing,Denim Jacket,04/08/2025
C-1514,O-1304,02/25/2025,283.05,Electronics,Webcam,12/11/2024
C-2182,O-1636,02/25/2025,102.8,Clothing,Cargo Pants,07/17/2024
C-0906,O-2040,02/25/2025,28.46,Sports,Gym Bag,11/07/2025
C-0643,O-3632,02/25/2025,78.86,Home & Kitchen,Air Purifier,11/07/2024
C-0628,O-4399,02/25/2025,110.5,Electronics,Wireless Earbuds,10/31/2024
C-1758,O-4753,02/25/2025,140.28,Clothing,Wool Scarf,05/18/2025
C-0549,O-4806,02/25/2025,161.88,Home & Kitchen,Blender,01/20/2025
C-1788,O-6764,02/25/2025,121.54,Clothing,Cotton T-Shirt,05/21/2025
C-0818,O-1364,02/26/2025,81.86,Home & Kitchen,Bamboo Cutting Board,06/06/2025
C-2392,O-2742,02/26/2025,170.88,Home & Kitchen,Spice Rack,08/10/2025
C-0771,O-3328,02/26/2025,298.86,Home & Kitchen,Non-Stick Pan Set,11/23/2025
C-1100,O-3800,02/26/2025,115.24,Clothing,Linen Shirt,09/16/2025
C-0874,O-4301,02/26/2025,337.97,Electronics,USB-C Hub,07/19/2025
C-0505,O-5142,02/26/2025,371.07,Electronics,Laptop Stand,10/16/2025
C-0812,O-5647,02/26/2025,171.33,Clothing,Cargo Pants,05/02/2025
C-2156,O-5650,02/26/2025,284.47,Electronics,Mouse Pad,09/21/2024
C-1058,O-6548,02/26/2025,111.06,Sports,Foam Roller,11/03/2025
C-0677,O-6811,02/26/2025,118.75,Clothing,Track Pants,09/27/2025
C-1106,O-1378,02/27/2025,78.92,Home & Kitchen,Knife Set,11/03/2024
C-1402,O-1595,02/27/2025,382.72,Electronics,Bluetooth Speaker,09/20/2024
C-1071,O-1630,02/27/2025,174.47,Clothing,Track Pants,05/29/2025
C-0019,O-1686,02/27/2025,489.56,Electronics,HDMI Cable,02/11/2025
C-2463,O-1843,02/27/2025,42.74,Clothing,Denim Jacket,02/11/2025
C-0576,O-1850,02/27/2025,469.82,Electronics,HDMI Cable,04/01/2025
C-1073,O-1883,02/27/2025,126.65,Home & Kitchen,LED Desk Lamp,04/28/2025
C-0256,O-2641,02/27/2025,182.3,Clothing,Linen Shirt,10/12/2025
C-0504,O-3668,02/27/2025,109.66,Clothing,Formal Shirt,11/16/2024
C-1076,O-3959,02/27/2025,43.68,Home & Kitchen,Storage Containers,09/14/2025
C-2056,O-4900,02/27/2025,197.78,Home & Kitchen,Bamboo Cutting Board,11/03/2025
C-1189,O-4966,02/27/2025,21.15,Clothing,Cargo Pants,11/10/2024
C-1905,O-6286,02/27/2025,22.9,Clothing,Cotton T-Shirt,11/14/2024
C-0284,O-6681,02/27/2025,463.13,Electronics,Bluetooth Speaker,04/15/2025
C-1058,O-6814,02/27/2025,82.36,Clothing,Polo Shirt,11/03/2025
C-1077,O-1374,02/28/2025,204.39,Electronics,Smart Watch Band,10/10/2024
C-0982,O-2018,02/28/2025,86.23,Clothing,Track Pants,10/08/2024
C-0318,O-2689,02/28/2025,217.11,Electronics,Smart Watch Band,02/01/2025
C-0938,O-3270,02/28/2025,78.4,Beauty,Lip Balm Set,01/22/2025
C-0590,O-3881,02/28/2025,101.46,Beauty,Hair Oil,11/12/2025
C-2216,O-4519,02/28/2025,97.03,Home & Kitchen,Spice Rack,04/29/2025
C-1935,O-4544,02/28/2025,165.66,Sports,Jump Rope,10/11/2025
C-1496,O-6113,02/28/2025,141.66,Home & Kitchen,Blender,09/20/2024
C-1701,O-6127,02/28/2025,123.37,Beauty,Body Lotion,07/07/2025
C-2227,O-6148,02/28/2025,30.21,Beauty,Sheet Mask Pack,10/18/2024
C-1936,O-6184,02/28/2025,129.67,Electronics,Webcam,08/29/2024
C-1877,O-6357,02/28/2025,39.99,Clothing,Polo Shirt,11/01/2025
C-2217,O-6582,02/28/2025,125.29,Home & Kitchen,Non-Stick Pan Set,03/10/2025
C-2171,O-1059,03/01/2025,194.92,Clothing,Cotton T-Shirt,08/13/2024
C-0319,O-1106,03/01/2025,46.06,Clothing,Wool Scarf,03/13/2025
C-2036,O-1566,03/01/2025,54.99,Clothing,Formal Shirt,08/27/2025
C-0156,O-2171,03/01/2025,247.37,Sports,Sports Towel,07/22/2024
C-0763,O-3816,03/01/2025,178.36,Clothing,Formal Shirt,10/27/2024
C-1226,O-4869,03/01/2025,96.24,Home & Kitchen,Bamboo Cutting Board,09/17/2024
C-0357,O-4989,03/01/2025,178.03,Sports,Dumbbell Set,10/27/2024
C-0038,O-5781,03/01/2025,203.34,Home & Kitchen,Coffee Maker,10/14/2025
C-1916,O-6259,03/01/2025,131.01,Home & Kitchen,Air Purifier,07/06/2025
C-0946,O-6440,03/01/2025,263.95,Electronics,USB-C Hub,04/29/2025
C-1841,O-3537,03/02/2025,23.84,Clothing,Cargo Pants,08/11/2025
C-1194,O-3692,03/02/2025,144.02,Electronics,Webcam,09/12/2024
C-0164,O-5084,03/02/2025,117.62,Clothing,Track Pants,08/02/2024
C-0294,O-5433,03/02/2025,35.32,Home & Kitchen,Coffee Maker,09/07/2025
C-0252,O-5497,03/02/2025,70.97,Sports,Water Bottle,03/29/2025
C-0856,O-6180,03/02/2025,62.89,Clothing,Track Pants,08/06/2024
C-0575,O-3525,03/03/2025,192.06,Clothing,Polo Shirt,09/20/2025
C-0014,O-3548,03/03/2025,484.31,Electronics,Portable Charger,02/24/2025
C-1994,O-6115,03/03/2025,145.1,Clothing,Wool Scarf,08/19/2024
C-1328,O-6750,03/03/2025,61.85,Home & Kitchen,Knife Set,04/29/2025
C-0462,O-1029,03/04/2025,28.14,Clothing,Linen Shirt,11/19/2024
C-1314,O-1218,03/04/2025,24.31,Clothing,Formal Shirt,09/07/2025
C-1975,O-2227,03/04/2025,388.96,Electronics,USB-C Hub,09/08/2025
C-0481,O-2804,03/04/2025,237.83,Home & Kitchen,Knife Set,07/07/2024
C-1413,O-3244,03/04/2025,102.4,Home & Kitchen,Bamboo Cutting Board,08/18/2024
C-0611,O-3753,03/04/2025,258.68,Home & Kitchen,Bamboo Cutting Board,08/19/2025
C-2269,O-3874,03/04/2025,39.6,Home & Kitchen,Knife Set,11/08/2025
C-1313,O-4078,03/04/2025,65.45,Home & Kitchen,Coffee Maker,10/04/2024
C-0143,O-4261,03/04/2025,431.75,Electronics,Laptop Stand,09/07/2025
C-1636,O-5097,03/04/2025,100.15,Electronics,Bluetooth Speaker,12/09/2024
C-1883,O-5484,03/04/2025,217.06,Electronics,Portable Charger,02/27/2025
C-0755,O-5491,03/04/2025,72.88,Home & Kitchen,Bamboo Cutting Board,04/22/2025
C-1472,O-5505,03/04/2025,130.17,Home & Kitchen,Knife Set,07/01/2025
C-1768,O-5740,03/04/2025,465.33,Electronics,Webcam,01/29/2025
C-1077,O-6091,03/04/2025,215.91,Home & Kitchen,Bamboo Cutting Board,10/10/2024
C-0595,O-1934,03/05/2025,50.32,Clothing,Track Pants,04/13/2025
C-2282,O-2713,03/05/2025,117.62,Home & Kitchen,Coffee Maker,06/06/2025
C-1486,O-3071,03/05/2025,127.14,Beauty,Body Lotion,07/12/2025
C-1382,O-3358,03/05/2025,34.44,Home & Kitchen,Spice Rack,11/27/2025
C-2147,O-4153,03/05/2025,92.83,Clothing,Running Shorts,03/31/2025
C-2003,O-5148,03/05/2025,360.59,Electronics,USB-C Hub,11/28/2025
C-2219,O-5201,03/05/2025,217.36,Sports,Sports Towel,09/23/2024
C-1777,O-5786,03/05/2025,442.11,Electronics,Laptop Stand,03/28/2025
C-1797,O-6061,03/05/2025,88.84,Clothing,Track Pants,11/27/2024
C-0224,O-1485,03/06/2025,219.81,Sports,Jump Rope,01/11/2025
C-0188,O-1672,03/06/2025,28.95,Home & Kitchen,Air Purifier,06/13/2025
C-1011,O-2194,03/06/2025,131.73,Clothing,Wool Scarf,10/02/2024
C-1446,O-2534,03/06/2025,216.12,Home & Kitchen,LED Desk Lamp,06/06/2025
C-1347,O-2701,03/06/2025,42.32,Beauty,Hair Oil,03/02/2025
C-1899,O-2857,03/06/2025,64.26,Beauty,Sunscreen SPF50,05/15/2025
C-0657,O-3061,03/06/2025,134.53,Clothing,Running Shorts,01/05/2025
C-1989,O-3075,03/06/2025,187.55,Home & Kitchen,LED Desk Lamp,01/28/2025
C-0949,O-3787,03/06/2025,34.81,Beauty,Perfume Roll-On,10/23/2025
C-1457,O-3999,03/06/2025,48.53,Beauty,Sheet Mask Pack,10/12/2025
C-0536,O-4038,03/06/2025,46.13,Beauty,Hair Oil,02/09/2025
C-2489,O-4366,03/06/2025,48.61,Beauty,Face Wash,10/29/2024
C-0761,O-5145,03/06/2025,214.94,Sports,Foam Roller,03/16/2025
C-1940,O-5370,03/06/2025,297.57,Electronics,Smart Watch Band,08/10/2025
C-1350,O-5470,03/06/2025,76.59,Clothing,Linen Shirt,01/15/2025
C-0590,O-5564,03/06/2025,362.04,Electronics,USB-C Hub,11/12/2025
C-2490,O-5748,03/06/2025,23.55,Clothing,Wool Scarf,02/28/2025
C-2471,O-5848,03/06/2025,319.02,Electronics,Mouse Pad,11/20/2025
C-1581,O-6329,03/06/2025,137.1,Home & Kitchen,Coffee Maker,11/03/2025
C-1756,O-2169,03/07/2025,62.83,Home & Kitchen,Non-Stick Pan Set,07/20/2024
C-0633,O-2378,03/07/2025,332.37,Electronics,Portable Charger,04/10/2025
C-2078,O-3374,03/07/2025,47.83,Sports,Jump Rope,10/21/2025
C-1059,O-5627,03/07/2025,125.49,Sports,Yoga Mat,08/16/2025
C-2140,O-6143,03/07/2025,170.13,Electronics,Laptop Stand,10/18/2024
C-0062,O-6460,03/07/2025,349.89,Electronics,Smart Watch Band,12/23/2024
C-0051,O-1047,03/08/2025,222.34,Electronics,Laptop Stand,10/12/2024
C-1760,O-2089,03/08/2025,155.08,Sports,Sports Towel,12/03/2024
C-1881,O-2920,03/08/2025,297.17,Home & Kitchen,Spice Rack,03/25/2025
C-2014,O-2931,03/08/2025,51.34,Beauty,Hair Oil,04/08/2025
C-0749,O-2950,03/08/2025,129.84,Electronics,Mouse Pad,05/25/2025
C-2129,O-3867,03/08/2025,44.63,Clothing,Polo Shirt,07/17/2024
C-1666,O-4354,03/08/2025,102.0,Clothing,Casual Hoodie,06/01/2025
C-0688,O-4872,03/08/2025,43.48,Clothing,Cotton T-Shirt,03/03/2025
C-0119,O-5535,03/08/2025,157.99,Clothing,Wool Scarf,05/02/2025
C-1145,O-5864,03/08/2025,11.03,Beauty,Hair Oil,10/08/2025
C-1407,O-5942,03/08/2025,136.12,Clothing,Wool Scarf,09/07/2025
C-2225,O-6173,03/08/2025,198.69,Electronics,Smart Watch Band,05/21/2025
C-0801,O-1056,03/09/2025,60.76,Electronics,Mechanical Keyboard,11/26/2024
C-0142,O-1081,03/09/2025,138.3,Home & Kitchen,Spice Rack,03/29/2025
C-0363,O-1620,03/09/2025,141.55,Clothing,Denim Jacket,09/18/2025
C-0114,O-1844,03/09/2025,74.98,Beauty,Face Wash,07/04/2024
C-0027,O-1962,03/09/2025,57.78,Beauty,Body Lotion,12/07/2024
C-0689,O-2024,03/09/2025,289.37,Home & Kitchen,Knife Set,12/25/2024
C-2272,O-2083,03/09/2025,129.23,Electronics,Wireless Earbuds,03/15/2025
C-2194,O-2487,03/09/2025,236.86,Home & Kitchen,Knife Set,09/19/2024
C-0168,O-3099,03/09/2025,32.25,Home & Kitchen,Bamboo Cutting Board,04/12/2025
C-0844,O-3193,03/09/2025,305.77,Electronics,Webcam,08/24/2025
C-1299,O-3565,03/09/2025,69.29,Clothing,Cargo Pants,03/16/2025
C-0922,O-4260,03/09/2025,477.21,Electronics,Webcam,02/10/2025
C-2368,O-4589,03/09/2025,254.43,Home & Kitchen,Spice Rack,10/31/2025
C-1139,O-4995,03/09/2025,119.59,Beauty,Vitamin C Serum,11/23/2024
C-0047,O-5080,03/09/2025,110.36,Beauty,Moisturizer,02/19/2025
C-0866,O-5322,03/09/2025,18.77,Beauty,Hair Oil,12/18/2024
C-1962,O-5782,03/09/2025,28.47,Home & Kitchen,Blender,07/20/2025
C-1322,O-6026,03/09/2025,104.71,Home & Kitchen,Blender,11/10/2025
C-2004,O-6104,03/09/2025,147.87,Sports,Resistance Bands,04/23/2025
C-1396,O-6217,03/09/2025,334.29,Electronics,Smart Watch Band,04/20/2025
C-1754,O-1704,03/10/2025,310.76,Electronics,Mechanical Keyboard,10/21/2024
C-1586,O-4068,03/10/2025,56.05,Beauty,Face Wash,05/21/2025
C-2185,O-4495,03/10/2025,121.23,Home & Kitchen,Bamboo Cutting Board,08/12/2025
C-2235,O-4546,03/10/2025,113.27,Home & Kitchen,Storage Containers,11/13/2024
C-0498,O-5041,03/10/2025,71.99,Electronics,USB-C Hub,11/08/2024
C-1031,O-5042,03/10/2025,321.41,Electronics,Webcam,10/21/2024
C-1515,O-5375,03/10/2025,18.48,Beauty,Perfume Roll-On,08/01/2024
C-1644,O-5409,03/10/2025,226.13,Home & Kitchen,Bamboo Cutting Board,05/17/2025
C-0402,O-5762,03/10/2025,160.57,Clothing,Denim Jacket,09/26/2025
C-1756,O-6934,03/10/2025,211.27,Electronics,Smart Watch Band,07/20/2024
C-1815,O-1422,03/11/2025,79.77,Home & Kitchen,Non-Stick Pan Set,02/17/2025
C-2473,O-2284,03/11/2025,289.16,Electronics,Bluetooth Speaker,10/25/2024
C-2299,O-3580,03/11/2025,133.31,Electronics,USB-C Hub,03/06/2025
C-1092,O-4492,03/11/2025,27.84,Beauty,Eye Cream,03/19/2025
C-2246,O-5038,03/11/2025,380.66,Electronics,HDMI Cable,05/29/2025
C-0715,O-6673,03/11/2025,130.81,Sports,Resistance Bands,05/11/2025
C-0561,O-6799,03/11/2025,76.67,Electronics,Mouse Pad,06/15/2025
C-2495,O-1236,03/12/2025,486.72,Electronics,Laptop Stand,11/20/2024
C-0367,O-1430,03/12/2025,358.68,Electronics,Bluetooth Speaker,10/27/2024
C-1231,O-1921,03/12/2025,120.18,Clothing,Formal Shirt,11/29/2024
C-0723,O-2181,03/12/2025,97.93,Clothing,Linen Shirt,11/25/2025
C-0001,O-2273,03/12/2025,182.35,Clothing,Track Pants,10/23/2024
C-0212,O-2359,03/12/2025,142.96,Sports,Water Bottle,08/15/2025
C-0884,O-2760,03/12/2025,214.46,Sports,Yoga Mat,03/04/2025
C-2261,O-3992,03/12/2025,353.39,Electronics,Portable Charger,11/17/2025
C-0737,O-5105,03/12/2025,84.55,Clothing,Linen Shirt,12/27/2024
C-1156,O-6359,03/12/2025,20.09,Clothing,Cotton T-Shirt,09/22/2024
C-0544,O-1003,03/13/2025,422.82,Electronics,Laptop Stand,10/19/2024
C-2278,O-1073,03/13/2025,411.75,Electronics,Bluetooth Speaker,11/16/2024
C-0831,O-1365,03/13/2025,31.84,Beauty,Hair Oil,07/31/2025
C-2385,O-1465,03/13/2025,91.36,Electronics,Portable Charger,09/10/2025
C-0766,O-2328,03/13/2025,174.87,Clothing,Denim Jacket,10/17/2025
C-0432,O-3036,03/13/2025,378.51,Electronics,USB-C Hub,12/28/2024
C-1989,O-4420,03/13/2025,182.69,Home & Kitchen,Spice Rack,01/28/2025
C-1389,O-5381,03/13/2025,444.84,Electronics,Webcam,07/29/2024
C-1646,O-6114,03/13/2025,161.26,Clothing,Casual Hoodie,06/19/2025
C-1062,O-6556,03/13/2025,53.72,Clothing,Track Pants,11/15/2025
C-1477,O-1014,03/14/2025,73.3,Electronics,USB-C Hub,07/12/2025
C-0276,O-1286,03/14/2025,269.24,Electronics,Smart Watch Band,05/03/2025
C-2204,O-1356,03/14/2025,179.87,Home & Kitchen,Knife Set,05/31/2025
C-1229,O-1381,03/14/2025,38.12,Home & Kitchen,Blender,06/23/2025
C-0370,O-1527,03/14/2025,147.9,Clothing,Running Shorts,03/18/2025
C-0254,O-2622,03/14/2025,248.69,Electronics,Bluetooth Speaker,11/12/2024
C-0384,O-3625,03/14/2025,114.5,Beauty,Perfume Roll-On,05/31/2025
C-2378,O-4031,03/14/2025,464.23,Electronics,Portable Charger,06/17/2025
C-1537,O-4711,03/14/2025,174.7,Clothing,Formal Shirt,03/13/2025
C-1822,O-5477,03/14/2025,209.06,Sports,Water Bottle,10/11/2024
C-0112,O-5805,03/14/2025,114.65,Clothing,Cargo Pants,12/09/2024
C-2330,O-5877,03/14/2025,331.3,Electronics,Bluetooth Speaker,07/04/2025
C-1161,O-1645,03/15/2025,328.73,Electronics,Wireless Earbuds,09/26/2025
C-1781,O-1690,03/15/2025,23.01,Clothing,Polo Shirt,04/12/2025
C-0003,O-2959,03/15/2025,47.9,Beauty,Eye Cream,04/08/2025
C-1660,O-3458,03/15/2025,45.88,Clothing,Cargo Pants,08/21/2024
C-0493,O-3752,03/15/2025,65.81,Beauty,Face Wash,08/03/2025
C-1100,O-3820,03/15/2025,226.93,Electronics,HDMI Cable,09/16/2025
C-1633,O-4890,03/15/2025,144.73,Clothing,Running Shorts,10/08/2025
C-1534,O-4899,03/15/2025,145.9,Beauty,Vitamin C Serum,08/12/2025
C-0385,O-5156,03/15/2025,42.95,Home & Kitchen,Non-Stick Pan Set,08/17/2025
C-0934,O-5189,03/15/2025,132.1,Electronics,Bluetooth Speaker,04/29/2025
C-0417,O-6102,03/15/2025,199.46,Clothing,Linen Shirt,03/08/2025
C-2162,O-6842,03/15/2025,264.69,Home & Kitchen,LED Desk Lamp,10/31/2025
C-0851,O-6911,03/15/2025,67.02,Sports,Yoga Mat,09/21/2024
C-1139,O-1627,03/16/2025,173.85,Electronics,Portable Charger,11/23/2024
C-2183,O-2046,03/16/2025,25.54,Home & Kitchen,Spice Rack,01/29/2025
C-0802,O-2625,03/16/2025,56.72,Clothing,Formal Shirt,07/28/2025
C-1763,O-3124,03/16/2025,63.19,Clothing,Running Shorts,08/25/2025
C-1159,O-3609,03/16/2025,129.82,Beauty,Perfume Roll-On,09/08/2025
C-0497,O-4697,03/16/2025,60.41,Electronics,Wireless Earbuds,10/22/2025
C-1773,O-4748,03/16/2025,70.0,Home & Kitchen,Insulated Flask,12/25/2024
C-0271,O-5334,03/16/2025,106.93,Sports,Dumbbell Set,04/18/2025
C-2133,O-5818,03/16/2025,135.21,Beauty,Body Lotion,07/18/2024
C-1365,O-6090,03/16/2025,156.8,Clothing,Casual Hoodie,10/14/2024
C-0856,O-6597,03/16/2025,99.56,Clothing,Cotton T-Shirt,08/06/2024
C-2244,O-6674,03/16/2025,47.17,Home & Kitchen,Air Purifier,06/28/2025
C-2398,O-1335,03/17/2025,240.6,Electronics,HDMI Cable,07/05/2024
C-0982,O-1859,03/17/2025,200.71,Home & Kitchen,Bamboo Cutting Board,10/08/2024
C-1871,O-3084,03/17/2025,80.19,Clothing,Wool Scarf,06/01/2025
C-2000,O-3160,03/17/2025,36.49,Home & Kitchen,Knife Set,02/08/2025
C-1668,O-4233,03/17/2025,141.2,Clothing,Cotton T-Shirt,01/11/2025
C-1197,O-4316,03/17/2025,148.85,Sports,Gym Bag,09/20/2025
C-0075,O-4334,03/17/2025,350.0,Electronics,USB-C Hub,04/01/2025
C-0669,O-4466,03/17/2025,102.39,Home & Kitchen,Coffee Maker,05/08/2025
C-0754,O-5016,03/17/2025,140.89,Clothing,Track Pants,11/20/2025
C-1666,O-5439,03/17/2025,33.41,Beauty,Hair Oil,06/01/2025
C-0549,O-1330,03/18/2025,183.37,Clothing,Casual Hoodie,01/20/2025
C-1537,O-1459,03/18/2025,97.79,Clothing,Polo Shirt,03/13/2025
C-1456,O-1924,03/18/2025,29.47,Home & Kitchen,Storage Containers,09/03/2024
C-0604,O-2196,03/18/2025,478.3,Electronics,Smart Watch Band,10/31/2025
C-1759,O-4059,03/18/2025,67.76,Clothing,Wool Scarf,09/02/2025
C-1271,O-6313,03/18/2025,161.79,Sports,Resistance Bands,10/31/2025
C-0599,O-6481,03/18/2025,212.6,Home & Kitchen,Bamboo Cutting Board,09/26/2024
C-1788,O-2192,03/19/2025,81.35,Beauty,Hair Oil,05/21/2025
C-1856,O-3732,03/19/2025,135.79,Home & Kitchen,Air Purifier,04/06/2025
C-1283,O-4194,03/19/2025,132.64,Electronics,Mechanical Keyboard,09/22/2025
C-0602,O-4252,03/19/2025,349.46,Electronics,Mechanical Keyboard,11/13/2025
C-1597,O-4646,03/19/2025,66.96,Beauty,Eye Cream,11/05/2024
C-1593,O-4947,03/19/2025,45.62,Clothing,Cotton T-Shirt,11/10/2024
C-0777,O-5597,03/19/2025,27.39,Clothing,Track Pants,04/21/2025
C-2418,O-1446,03/20/2025,322.68,Electronics,Webcam,10/12/2025
C-0360,O-2271,03/20/2025,21.85,Beauty,Moisturizer,03/29/2025
C-1939,O-2434,03/20/2025,101.04,Beauty,Body Lotion,07/23/2024
C-2489,O-3305,03/20/2025,181.12,Clothing,Wool Scarf,10/29/2024
C-0497,O-6025,03/20/2025,92.16,Beauty,Perfume Roll-On,10/22/2025
C-2203,O-6499,03/20/2025,143.05,Home & Kitchen,Air Purifier,08/11/2025
C-0018,O-6584,03/20/2025,165.09,Clothing,Wool Scarf,09/03/2025
C-2296,O-1384,03/21/2025,37.43,Clothing,Cargo Pants,05/23/2025
C-1325,O-1650,03/21/2025,174.78,Electronics,Bluetooth Speaker,11/18/2024
C-1437,O-2563,03/21/2025,125.18,Home & Kitchen,Bamboo Cutting Board,08/01/2025
C-1592,O-3187,03/21/2025,113.6,Beauty,Hair Oil,01/03/2025
C-1198,O-3545,03/21/2025,52.76,Clothing,Cargo Pants,07/20/2024
C-2477,O-4571,03/21/2025,46.68,Beauty,Sheet Mask Pack,09/25/2025
C-0696,O-4783,03/21/2025,78.39,Home & Kitchen,Bamboo Cutting Board,04/25/2025
C-0883,O-5556,03/21/2025,263.28,Home & Kitchen,Bamboo Cutting Board,07/27/2025
C-1746,O-6469,03/21/2025,61.03,Electronics,HDMI Cable,02/19/2025
C-1547,O-6621,03/21/2025,50.59,Electronics,Wireless Earbuds,02/05/2025
C-2212,O-1978,03/22/2025,376.93,Electronics,Portable Charger,09/16/2025
C-1328,O-2017,03/22/2025,24.6,Clothing,Denim Jacket,04/29/2025
C-1381,O-2874,03/22/2025,377.43,Electronics,Smart Watch Band,08/10/2025
C-2141,O-4792,03/22/2025,49.49,Beauty,Vitamin C Serum,10/07/2024
C-1507,O-4993,03/22/2025,57.35,Sports,Swimming Goggles,06/27/2025
C-2193,O-5539,03/22/2025,140.77,Electronics,HDMI Cable,11/21/2024
C-2413,O-5896,03/22/2025,144.65,Clothing,Cargo Pants,08/02/2025
C-1548,O-6211,03/22/2025,134.68,Home & Kitchen,Non-Stick Pan Set,04/19/2025
C-1054,O-6466,03/22/2025,66.51,Clothing,Track Pants,05/05/2025
C-1437,O-6827,03/22/2025,275.35,Electronics,Mechanical Keyboard,08/01/2025
C-0321,O-1928,03/23/2025,70.73,Beauty,Sunscreen SPF50,06/28/2025
C-0522,O-2044,03/23/2025,222.63,Sports,Water Bottle,08/23/2024
C-0786,O-2208,03/23/2025,121.37,Sports,Running Armband,08/22/2025
C-2153,O-2617,03/23/2025,314.98,Electronics,Laptop Stand,03/07/2025
C-1132,O-2683,03/23/2025,41.84,Beauty,Vitamin C Serum,06/13/2025
C-1695,O-4411,03/23/2025,152.21,Home & Kitchen,Storage Containers,08/17/2025
C-1723,O-4802,03/23/2025,78.68,Beauty,Vitamin C Serum,06/07/2025
C-1362,O-4818,03/23/2025,105.94,Beauty,Sheet Mask Pack,08/23/2024
C-0107,O-5450,03/23/2025,103.14,Clothing,Cotton T-Shirt,03/31/2025
C-0361,O-6245,03/23/2025,43.4,Clothing,Linen Shirt,08/09/2024
C-1687,O-6841,03/23/2025,43.68,Beauty,Moisturizer,10/25/2025
C-2260,O-1297,03/24/2025,154.83,Home & Kitchen,Storage Containers,04/01/2025
C-2240,O-2603,03/24/2025,130.3,Beauty,Body Lotion,08/22/2025
C-1635,O-3980,03/24/2025,44.73,Clothing,Running Shorts,08/31/2024
C-1313,O-4431,03/24/2025,258.75,Home & Kitchen,Knife Set,10/04/2024
C-1332,O-4855,03/24/2025,327.1,Electronics,Laptop Stand,11/12/2024
C-2389,O-6464,03/24/2025,181.11,Home & Kitchen,Blender,01/05/2025
C-1306,O-1113,03/25/2025,98.62,Sports,Resistance Bands,08/06/2025
C-2225,O-2108,03/25/2025,176.83,Electronics,Portable Charger,05/21/2025
C-1916,O-2838,03/25/2025,282.66,Electronics,Bluetooth Speaker,07/06/2025
C-1177,O-3832,03/25/2025,187.98,Electronics,Webcam,01/26/2025
C-2410,O-4023,03/25/2025,45.45,Sports,Yoga Mat,03/26/2025
C-1473,O-4075,03/25/2025,421.63,Electronics,Wireless Earbuds,08/18/2024
C-0349,O-5898,03/25/2025,47.22,Home & Kitchen,Coffee Maker,06/02/2025
C-1199,O-5903,03/25/2025,81.21,Home & Kitchen,Air Purifier,10/14/2025
C-0379,O-6431,03/25/2025,100.21,Home & Kitchen,LED Desk Lamp,05/18/2025
C-2197,O-6615,03/25/2025,414.71,Electronics,Wireless Earbuds,08/24/2024
C-1781,O-4312,03/26/2025,239.32,Home & Kitchen,Bamboo Cutting Board,04/12/2025
C-0746,O-6012,03/26/2025,431.24,Electronics,Laptop Stand,06/22/2025
C-0589,O-6353,03/26/2025,287.33,Home & Kitchen,Air Purifier,01/03/2025
C-0980,O-6735,03/26/2025,213.27,Sports,Sports Towel,11/17/2025
C-0262,O-1043,03/27/2025,197.57,Home & Kitchen,Blender,09/14/2024
C-1905,O-1126,03/27/2025,303.91,Electronics,Portable Charger,11/14/2024
C-1121,O-1307,03/27/2025,72.81,Home & Kitchen,Blender,07/12/2025
C-1604,O-1819,03/27/2025,129.13,Clothing,Cargo Pants,06/20/2025
C-1658,O-3096,03/27/2025,289.77,Electronics,Laptop Stand,11/22/2024
C-0810,O-3240,03/27/2025,308.95,Electronics,HDMI Cable,07/03/2024
C-0358,O-3373,03/27/2025,76.45,Beauty,Hair Oil,03/25/2025
C-1956,O-4188,03/27/2025,498.25,Electronics,Webcam,11/16/2024
C-1955,O-6013,03/27/2025,143.13,Clothing,Cargo Pants,01/01/2025
C-1970,O-6341,03/27/2025,129.2,Home & Kitchen,Knife Set,02/14/2025
C-1213,O-1202,03/28/2025,165.44,Clothing,Denim Jacket,09/29/2024
C-2250,O-2361,03/28/2025,272.04,Home & Kitchen,Knife Set,08/28/2025
C-1228,O-2961,03/28/2025,57.76,Beauty,Lip Balm Set,01/15/2025
C-1141,O-3400,03/28/2025,236.29,Home & Kitchen,LED Desk Lamp,10/02/2024
C-2149,O-3725,03/28/2025,36.43,Clothing,Cotton T-Shirt,09/19/2024
C-0750,O-4414,03/28/2025,337.92,Electronics,Laptop Stand,10/16/2024
C-2028,O-5143,03/28/2025,151.5,Home & Kitchen,Storage Containers,01/05/2025
C-0179,O-5813,03/28/2025,310.55,Electronics,USB-C Hub,09/15/2025
C-2048,O-6186,03/28/2025,46.75,Sports,Gym Bag,01/12/2025
C-1898,O-1069,03/29/2025,32.07,Beauty,Sunscreen SPF50,11/27/2025
C-1843,O-1927,03/29/2025,54.05,Clothing,Running Shorts,01/07/2025
C-0958,O-2103,03/29/2025,272.91,Home & Kitchen,Insulated Flask,03/28/2025
C-1529,O-3025,03/29/2025,240.4,Home & Kitchen,Non-Stick Pan Set,07/16/2025
C-1019,O-3996,03/29/2025,25.89,Sports,Running Armband,09/09/2024
C-2324,O-5137,03/29/2025,485.88,Electronics,Mechanical Keyboard,10/03/2025
C-0364,O-5146,03/29/2025,412.57,Electronics,Wireless Earbuds,06/19/2025
C-2308,O-5413,03/29/2025,479.76,Electronics,Wireless Earbuds,07/28/2024
C-1901,O-5722,03/29/2025,125.41,Beauty,Lip Balm Set,04/29/2025
C-1843,O-6398,03/29/2025,326.05,Electronics,Smart Watch Band,01/07/2025
C-0678,O-6966,03/29/2025,198.14,Sports,Dumbbell Set,05/01/2025
C-0988,O-1089,03/30/2025,235.11,Home & Kitchen,Non-Stick Pan Set,09/03/2025
C-0294,O-1479,03/30/2025,105.86,Beauty,Hair Oil,09/07/2025
C-1964,O-2321,03/30/2025,297.56,Electronics,Mouse Pad,11/14/2024
C-2496,O-2951,03/30/2025,229.36,Home & Kitchen,Coffee Maker,01/28/2025
C-0681,O-3640,03/30/2025,268.05,Home & Kitchen,Storage Containers,08/31/2024
C-2339,O-3968,03/30/2025,392.99,Electronics,USB-C Hub,09/14/2025
C-0910,O-4001,03/30/2025,216.59,Home & Kitchen,Storage Containers,07/03/2025
C-1501,O-4125,03/30/2025,209.36,Sports,Resistance Bands,09/10/2025
C-0406,O-4585,03/30/2025,69.56,Beauty,Lip Balm Set,09/25/2024
C-2081,O-4910,03/30/2025,136.82,Clothing,Running Shorts,05/24/2025
C-0909,O-6716,03/30/2025,248.65,Home & Kitchen,Insulated Flask,07/26/2025
C-1965,O-6816,03/30/2025,270.99,Electronics,Webcam,06/22/2025
C-0108,O-1509,03/31/2025,88.5,Home & Kitchen,Blender,06/14/2025
C-1690,O-1842,03/31/2025,45.9,Beauty,Vitamin C Serum,10/19/2024
C-0097,O-2878,03/31/2025,237.68,Electronics,Laptop Stand,12/04/2024
C-1126,O-2893,03/31/2025,32.97,Clothing,Wool Scarf,07/27/2024
C-2052,O-4189,03/31/2025,222.08,Home & Kitchen,Air Purifier,08/10/2024
C-1064,O-4284,03/31/2025,16.81,Beauty,Body Lotion,09/14/2024
C-1743,O-5237,03/31/2025,185.98,Sports,Swimming Goggles,07/28/2024
C-1309,O-5873,03/31/2025,317.13,Electronics,Smart Watch Band,05/14/2025
C-2450,O-5994,03/31/2025,92.14,Clothing,Cotton T-Shirt,11/17/2024
C-0519,O-2500,04/01/2025,478.95,Electronics,Webcam,09/22/2024
C-2193,O-3413,04/01/2025,466.59,Electronics,Bluetooth Speaker,11/21/2024
C-1291,O-4169,04/01/2025,212.71,Home & Kitchen,Coffee Maker,06/12/2025
C-2439,O-4885,04/01/2025,80.87,Home & Kitchen,Blender,12/18/2024
C-1222,O-5218,04/01/2025,280.71,Electronics,Webcam,06/13/2025
C-1995,O-5302,04/01/2025,56.6,Home & Kitchen,Blender,03/08/2025
C-2271,O-5462,04/01/2025,57.21,Clothing,Denim Jacket,07/05/2025
C-1315,O-1145,04/02/2025,202.53,Home & Kitchen,Blender,07/06/2025
C-0472,O-2019,04/02/2025,298.9,Electronics,Mouse Pad,10/21/2025
C-0077,O-2021,04/02/2025,210.65,Home & Kitchen,Blender,02/02/2025
C-2198,O-2317,04/02/2025,345.33,Electronics,Mouse Pad,10/09/2024
C-2064,O-2837,04/02/2025,166.2,Electronics,Webcam,11/03/2025
C-1708,O-2971,04/02/2025,262.39,Electronics,Portable Charger,10/30/2024
C-1366,O-3577,04/02/2025,43.91,Home & Kitchen,Air Purifier,11/05/2024
C-2360,O-3823,04/02/2025,131.28,Beauty,Lip Balm Set,11/23/2024
C-2423,O-4106,04/02/2025,15.87,Beauty,Body Lotion,05/17/2025
C-2309,O-4264,04/02/2025,89.25,Clothing,Polo Shirt,10/16/2025
C-1629,O-4846,04/02/2025,26.2,Clothing,Denim Jacket,11/07/2025
C-1818,O-5200,04/02/2025,78.02,Home & Kitchen,Knife Set,10/11/2024
C-0627,O-5224,04/02/2025,225.16,Electronics,Laptop Stand,05/20/2025
C-0902,O-5317,04/02/2025,35.89,Home & Kitchen,Storage Containers,10/11/2025
C-1939,O-6644,04/02/2025,201.0,Home & Kitchen,Insulated Flask,07/23/2024
C-0052,O-6916,04/02/2025,33.69,Clothing,Polo Shirt,07/25/2025
C-0062,O-1514,04/03/2025,190.74,Sports,Water Bottle,12/23/2024
C-0798,O-2414,04/03/2025,213.22,Electronics,Bluetooth Speaker,10/27/2025
C-1119,O-3323,04/03/2025,265.88,Electronics,Smart Watch Band,10/19/2024
C-0374,O-3420,04/03/2025,23.4,Beauty,Sunscreen SPF50,01/18/2025
C-2306,O-3960,04/03/2025,93.55,Home & Kitchen,Insulated Flask,01/21/2025
C-0736,O-4475,04/03/2025,454.62,Electronics,HDMI Cable,08/11/2024
C-0549,O-4675,04/03/2025,154.4,Sports,Gym Bag,01/20/2025
C-1028,O-5230,04/03/2025,410.64,Electronics,Wireless Earbuds,11/11/2024
C-2325,O-5565,04/03/2025,105.32,Clothing,Cargo Pants,11/03/2025
C-1885,O-6110,04/03/2025,174.32,Home & Kitchen,Spice Rack,03/31/2025
C-1529,O-6628,04/03/2025,406.31,Electronics,Mechanical Keyboard,07/16/2025
C-1311,O-1050,04/04/2025,62.19,Beauty,Eye Cream,06/02/2025
C-1234,O-1772,04/04/2025,51.35,Home & Kitchen,Insulated Flask,11/27/2024
C-2260,O-2290,04/04/2025,71.96,Home & Kitchen,Non-Stick Pan Set,04/01/2025
C-0353,O-2580,04/04/2025,244.42,Electronics,Webcam,06/25/2025
C-1099,O-3397,04/04/2025,81.89,Beauty,Eye Cream,10/04/2024
C-1328,O-5385,04/04/2025,234.87,Electronics,Portable Charger,04/29/2025
C-0195,O-6676,04/04/2025,129.98,Clothing,Running Shorts,09/06/2025
C-2215,O-1400,04/05/2025,291.62,Home & Kitchen,Air Purifier,09/26/2024
C-0825,O-2182,04/05/2025,21.2,Beauty,Body Lotion,02/25/2025
C-0405,O-3607,04/05/2025,121.92,Beauty,Perfume Roll-On,12/21/2024
C-0252,O-5582,04/05/2025,232.55,Electronics,Laptop Stand,03/29/2025
C-1502,O-6236,04/05/2025,288.42,Electronics,Portable Charger,12/18/2024
C-1012,O-6955,04/05/2025,169.55,Clothing,Linen Shirt,02/03/2025
C-1769,O-1640,04/06/2025,163.43,Clothing,Formal Shirt,05/29/2025
C-1141,O-1805,04/06/2025,59.85,Beauty,Sheet Mask Pack,10/02/2024
C-1367,O-2286,04/06/2025,173.14,Electronics,Webcam,04/18/2025
C-0599,O-3276,04/06/2025,246.62,Sports,Foam Roller,09/26/2024
C-0056,O-4051,04/06/2025,161.62,Clothing,Cargo Pants,12/14/2024
C-1534,O-5931,04/06/2025,283.76,Home & Kitchen,LED Desk Lamp,08/12/2025
C-0634,O-6428,04/06/2025,186.88,Clothing,Running Shorts,04/16/2025
C-2483,O-6616,04/06/2025,101.6,Clothing,Polo Shirt,08/03/2024
C-1667,O-2048,04/07/2025,259.96,Electronics,HDMI Cable,05/17/2025
C-0647,O-2138,04/07/2025,50.86,Beauty,Perfume Roll-On,04/26/2025
C-0046,O-3316,04/07/2025,122.36,Sports,Dumbbell Set,08/16/2024
C-2069,O-3529,04/07/2025,298.25,Home & Kitchen,Storage Containers,05/26/2025
C-0312,O-3538,04/07/2025,283.48,Home & Kitchen,Storage Containers,11/08/2024
C-1185,O-4013,04/07/2025,237.38,Electronics,Smart Watch Band,07/08/2024
C-1537,O-4032,04/07/2025,95.87,Beauty,Perfume Roll-On,03/13/2025
C-0841,O-5412,04/07/2025,102.4,Home & Kitchen,Coffee Maker,10/11/2025
C-1477,O-6577,04/07/2025,25.56,Beauty,Sheet Mask Pack,07/12/2025
C-1823,O-6961,04/07/2025,209.64,Electronics,Portable Charger,11/18/2024
C-2017,O-1368,04/08/2025,66.85,Clothing,Track Pants,09/11/2025
C-0078,O-2009,04/08/2025,126.16,Beauty,Lip Balm Set,05/19/2025
C-0212,O-2488,04/08/2025,332.35,Electronics,USB-C Hub,08/15/2025
C-1766,O-2882,04/08/2025,142.46,Clothing,Polo Shirt,09/02/2024
C-1790,O-2890,04/08/2025,101.13,Home & Kitchen,Air Purifier,06/23/2025
C-2114,O-3667,04/08/2025,128.87,Home & Kitchen,Knife Set,08/19/2024
C-0327,O-4590,04/08/2025,152.58,Sports,Gym Bag,08/27/2025
C-1775,O-4906,04/08/2025,200.09,Electronics,HDMI Cable,06/16/2025
C-1766,O-5209,04/08/2025,223.89,Electronics,Wireless Earbuds,09/02/2024
C-0918,O-5270,04/08/2025,172.43,Sports,Swimming Goggles,11/21/2025
C-0403,O-5542,04/08/2025,248.99,Home & Kitchen,Non-Stick Pan Set,02/04/2025
C-0584,O-6503,04/08/2025,198.9,Electronics,Mouse Pad,07/24/2025
C-0323,O-6655,04/08/2025,65.69,Electronics,Smart Watch Band,12/06/2024
C-1498,O-1336,04/09/2025,193.64,Sports,Running Armband,04/29/2025
C-0356,O-1349,04/09/2025,103.75,Beauty,Hair Oil,07/29/2024
C-2054,O-1498,04/09/2025,133.01,Beauty,Face Wash,01/09/2025
C-2434,O-2548,04/09/2025,110.94,Clothing,Polo Shirt,07/28/2025
C-0414,O-2551,04/09/2025,364.78,Electronics,Smart Watch Band,11/28/2024
C-1148,O-3073,04/09/2025,95.63,Sports,Swimming Goggles,07/14/2025
C-1573,O-3479,04/09/2025,23.14,Clothing,Cotton T-Shirt,07/05/2025
C-2174,O-3947,04/09/2025,163.19,Clothing,Casual Hoodie,10/30/2025
C-2217,O-4240,04/09/2025,226.35,Electronics,Mechanical Keyboard,03/10/2025
C-2015,O-4322,04/09/2025,52.84,Electronics,Webcam,09/01/2024
C-0533,O-4740,04/09/2025,222.24,Sports,Sports Towel,11/07/2024
C-1477,O-6891,04/09/2025,279.42,Electronics,Smart Watch Band,07/12/2025
C-1015,O-1025,04/10/2025,177.18,Home & Kitchen,LED Desk Lamp,06/07/2025
C-1378,O-1162,04/10/2025,96.82,Home & Kitchen,Bamboo Cutting Board,07/28/2024
C-1787,O-1291,04/10/2025,105.14,Beauty,Vitamin C Serum,11/13/2025
C-1766,O-2998,04/10/2025,135.33,Clothing,Running Shorts,09/02/2024
C-1019,O-3085,04/10/2025,75.03,Clothing,Cotton T-Shirt,09/09/2024
C-1958,O-3903,04/10/2025,78.03,Home & Kitchen,Storage Containers,07/19/2025
C-1835,O-5950,04/10/2025,72.71,Clothing,Denim Jacket,02/23/2025
C-1975,O-6023,04/10/2025,273.2,Home & Kitchen,Spice Rack,09/08/2025
C-1874,O-6045,04/10/2025,367.59,Electronics,Bluetooth Speaker,10/06/2024
C-1003,O-1537,04/11/2025,250.53,Home & Kitchen,Storage Containers,07/12/2025
C-0607,O-2358,04/11/2025,220.88,Sports,Dumbbell Set,07/18/2024
C-1545,O-3159,04/11/2025,124.34,Beauty,Lip Balm Set,03/24/2025
C-1244,O-3258,04/11/2025,323.07,Electronics,Mouse Pad,05/27/2025
C-2358,O-3629,04/11/2025,470.59,Electronics,Laptop Stand,09/26/2024
C-1665,O-4469,04/11/2025,51.55,Home & Kitchen,Storage Containers,12/11/2024
C-0980,O-4710,04/11/2025,97.6,Clothing,Cotton T-Shirt,11/17/2025
C-1523,O-4884,04/11/2025,222.77,Electronics,Wireless Earbuds,07/06/2025
C-2353,O-5181,04/11/2025,120.54,Beauty,Eye Cream,07/26/2024
C-1325,O-5398,04/11/2025,148.81,Beauty,Eye Cream,11/18/2024
C-0086,O-5480,04/11/2025,425.35,Electronics,Wireless Earbuds,03/10/2025
C-1293,O-5958,04/11/2025,97.24,Beauty,Lip Balm Set,06/08/2025
C-0539,O-6317,04/11/2025,170.38,Clothing,Cotton T-Shirt,07/13/2025
C-0150,O-6417,04/11/2025,278.53,Home & Kitchen,Air Purifier,10/06/2025
C-2138,O-6866,04/11/2025,269.44,Electronics,Wireless Earbuds,09/14/2025
C-1665,O-2770,04/12/2025,108.72,Clothing,Track Pants,12/11/2024
C-1713,O-2907,04/12/2025,131.6,Clothing,Wool Scarf,06/13/2025
C-0138,O-3372,04/12/2025,27.38,Clothing,Cargo Pants,11/06/2024
C-0230,O-3759,04/12/2025,82.92,Electronics,Smart Watch Band,08/28/2024
C-1476,O-4011,04/12/2025,30.25,Beauty,Body Lotion,11/05/2024
C-0584,O-1060,04/13/2025,453.78,Electronics,Webcam,07/24/2025
C-0121,O-1499,04/13/2025,453.73,Electronics,Laptop Stand,12/04/2024
C-2280,O-2030,04/13/2025,95.46,Beauty,Lip Balm Set,07/07/2024
C-1934,O-2338,04/13/2025,119.11,Sports,Resistance Bands,08/30/2025
C-0899,O-2363,04/13/2025,291.82,Electronics,Wireless Earbuds,05/03/2025
C-2409,O-2719,04/13/2025,73.42,Sports,Resistance Bands,10/25/2024
C-0887,O-2798,04/13/2025,96.04,Electronics,Smart Watch Band,02/23/2025
C-1385,O-5645,04/13/2025,272.98,Electronics,USB-C Hub,07/31/2025
C-1235,O-5927,04/13/2025,74.62,Beauty,Body Lotion,03/20/2025
C-1047,O-6672,04/13/2025,15.91,Clothing,Cargo Pants,10/03/2025
C-1488,O-6952,04/13/2025,407.73,Electronics,Mechanical Keyboard,09/23/2024
C-2282,O-4282,04/14/2025,82.11,Clothing,Casual Hoodie,06/06/2025
C-0577,O-4392,04/14/2025,192.46,Clothing,Linen Shirt,05/27/2025
C-2291,O-4397,04/14/2025,48.52,Clothing,Wool Scarf,01/22/2025
C-1948,O-4971,04/14/2025,12.26,Beauty,Eye Cream,09/04/2024
C-2098,O-5488,04/14/2025,327.18,Electronics,Mechanical Keyboard,03/09/2025
C-0882,O-5745,04/14/2025,138.77,Beauty,Perfume Roll-On,09/19/2024
C-1102,O-6041,04/14/2025,155.61,Home & Kitchen,Blender,07/17/2025
C-0322,O-6388,04/14/2025,282.05,Electronics,Bluetooth Speaker,08/21/2025
C-2031,O-6542,04/14/2025,151.99,Clothing,Denim Jacket,02/16/2025
C-1415,O-6797,04/14/2025,174.59,Clothing,Linen Shirt,09/03/2025
C-1290,O-6831,04/14/2025,101.46,Sports,Sports Towel,08/23/2025
C-1598,O-6965,04/14/2025,191.18,Clothing,Linen Shirt,12/04/2024
C-2091,O-2028,04/15/2025,303.39,Electronics,HDMI Cable,09/01/2025
C-2478,O-5122,04/15/2025,86.91,Home & Kitchen,Insulated Flask,02/09/2025
C-1246,O-5922,04/15/2025,166.17,Electronics,Smart Watch Band,12/02/2024
C-0172,O-6151,04/15/2025,133.56,Home & Kitchen,Storage Containers,10/28/2025
C-1533,O-1161,04/16/2025,104.12,Clothing,Denim Jacket,07/11/2025
C-1762,O-1894,04/16/2025,160.97,Sports,Dumbbell Set,01/25/2025
C-0200,O-1909,04/16/2025,152.6,Clothing,Cotton T-Shirt,09/16/2024
C-1160,O-2249,04/16/2025,217.8,Home & Kitchen,LED Desk Lamp,11/10/2025
C-0581,O-2490,04/16/2025,91.75,Electronics,USB-C Hub,10/05/2025
C-1582,O-3183,04/16/2025,148.66,Home & Kitchen,Knife Set,08/25/2025
C-0301,O-3516,04/16/2025,91.1,Beauty,Hair Oil,12/13/2024
C-1728,O-3995,04/16/2025,63.72,Beauty,Sheet Mask Pack,06/01/2025
C-1133,O-4750,04/16/2025,235.76,Home & Kitchen,Coffee Maker,06/25/2025
C-1161,O-5125,04/16/2025,147.25,Beauty,Sheet Mask Pack,09/26/2025
C-2477,O-5444,04/16/2025,55.87,Clothing,Linen Shirt,09/25/2025
C-0344,O-1331,04/17/2025,137.38,Home & Kitchen,Storage Containers,02/19/2025
C-0580,O-1580,04/17/2025,44.59,Home & Kitchen,Air Purifier,04/12/2025
C-2432,O-1682,04/17/2025,143.09,Clothing,Polo Shirt,09/02/2025
C-0096,O-2903,04/17/2025,297.16,Home & Kitchen,Spice Rack,10/21/2024
C-0175,O-4601,04/17/2025,70.38,Clothing,Running Shorts,08/21/2025
C-1687,O-5365,04/17/2025,71.29,Clothing,Casual Hoodie,10/25/2025
C-0442,O-5636,04/17/2025,181.79,Home & Kitchen,Spice Rack,11/29/2025
C-1587,O-5638,04/17/2025,248.39,Home & Kitchen,LED Desk Lamp,09/14/2024
C-2046,O-6106,04/17/2025,21.86,Clothing,Cargo Pants,07/15/2025
C-1213,O-6583,04/17/2025,60.94,Clothing,Wool Scarf,09/29/2024
C-0701,O-6657,04/17/2025,147.16,Home & Kitchen,Insulated Flask,10/08/2025
C-2458,O-1026,04/18/2025,128.7,Beauty,Moisturizer,09/28/2025
C-2252,O-1351,04/18/2025,276.63,Home & Kitchen,Storage Containers,09/25/2024
C-1114,O-1411,04/18/2025,247.42,Home & Kitchen,Storage Containers,10/15/2024
C-1445,O-1820,04/18/2025,124.24,Clothing,Cotton T-Shirt,10/15/2024
C-1649,O-1912,04/18/2025,58.17,Home & Kitchen,Air Purifier,07/15/2025
C-1892,O-2519,04/18/2025,66.65,Electronics,Mechanical Keyboard,09/02/2024
C-1632,O-3164,04/18/2025,260.26,Home & Kitchen,Bamboo Cutting Board,05/01/2025
C-1338,O-3474,04/18/2025,123.34,Clothing,Track Pants,09/22/2025
C-0370,O-3915,04/18/2025,357.37,Electronics,HDMI Cable,03/18/2025
C-1847,O-4367,04/18/2025,444.68,Electronics,Portable Charger,05/02/2025
C-1442,O-4506,04/18/2025,191.42,Clothing,Denim Jacket,09/08/2024
C-1612,O-5164,04/18/2025,174.89,Sports,Water Bottle,10/04/2024
C-1483,O-5628,04/18/2025,92.95,Clothing,Casual Hoodie,01/08/2025
C-2360,O-5868,04/18/2025,208.2,Electronics,Mouse Pad,11/23/2024
C-0720,O-5885,04/18/2025,129.47,Electronics,HDMI Cable,05/08/2025
C-1407,O-6554,04/18/2025,236.36,Home & Kitchen,Bamboo Cutting Board,09/07/2025
C-1045,O-6846,04/18/2025,142.63,Home & Kitchen,Knife Set,09/04/2024
C-0838,O-6946,04/18/2025,81.62,Sports,Foam Roller,10/11/2024
C-1248,O-1522,04/19/2025,69.47,Clothing,Cargo Pants,09/08/2024
C-1967,O-3314,04/19/2025,20.87,Beauty,Lip Balm Set,12/30/2024
C-1833,O-4062,04/19/2025,117.15,Beauty,Eye Cream,08/30/2024
C-1930,O-5235,04/19/2025,124.71,Home & Kitchen,Spice Rack,09/30/2025
C-1166,O-6763,04/19/2025,312.24,Electronics,USB-C Hub,06/19/2025
C-1313,O-6940,04/19/2025,159.06,Clothing,Cargo Pants,10/04/2024
C-0112,O-1626,04/20/2025,108.54,Clothing,Running Shorts,12/09/2024
C-1236,O-2387,04/20/2025,65.15,Clothing,Denim Jacket,01/19/2025
C-0055,O-2406,04/20/2025,446.52,Electronics,Wireless Earbuds,07/09/2025
C-0194,O-3330,04/20/2025,82.95,Clothing,Linen Shirt,11/21/2024
C-0964,O-3499,04/20/2025,201.25,Electronics,USB-C Hub,07/16/2025
C-2155,O-3709,04/20/2025,151.63,Electronics,Portable Charger,05/04/2025
C-2070,O-4073,04/20/2025,170.87,Clothing,Denim Jacket,04/16/2025
C-0691,O-4944,04/20/2025,109.6,Home & Kitchen,Spice Rack,12/08/2024
C-2325,O-6271,04/20/2025,238.53,Electronics,Bluetooth Speaker,11/03/2025
C-1098,O-6418,04/20/2025,76.82,Clothing,Wool Scarf,09/26/2024
C-2163,O-6686,04/20/2025,94.57,Beauty,Body Lotion,08/27/2024
C-1945,O-6889,04/20/2025,248.32,Home & Kitchen,Bamboo Cutting Board,08/16/2024
C-2093,O-1248,04/21/2025,279.78,Home & Kitchen,Non-Stick Pan Set,12/04/2024
C-2478,O-1548,04/21/2025,63.04,Clothing,Wool Scarf,02/09/2025
C-1091,O-1880,04/21/2025,60.8,Home & Kitchen,Knife Set,05/17/2025
C-1180,O-2554,04/21/2025,75.9,Home & Kitchen,Coffee Maker,11/18/2024
C-0647,O-2636,04/21/2025,158.63,Electronics,Smart Watch Band,04/26/2025
C-2136,O-3390,04/21/2025,95.06,Clothing,Denim Jacket,07/18/2024
C-2263,O-3541,04/21/2025,139.59,Beauty,Lip Balm Set,09/03/2024
C-1609,O-4178,04/21/2025,69.73,Sports,Sports Towel,04/08/2025
C-1076,O-5472,04/21/2025,162.98,Clothing,Cargo Pants,09/14/2025
C-1142,O-5550,04/21/2025,30.96,Home & Kitchen,Coffee Maker,02/06/2025
C-1629,O-6456,04/21/2025,78.41,Electronics,Mechanical Keyboard,11/07/2025
C-0632,O-1610,04/22/2025,50.88,Sports,Jump Rope,11/08/2025
C-0721,O-3444,04/22/2025,271.1,Home & Kitchen,Knife Set,08/17/2025
C-0994,O-4508,04/22/2025,142.12,Beauty,Perfume Roll-On,04/13/2025
C-1111,O-5331,04/22/2025,221.25,Sports,Dumbbell Set,04/21/2025
C-0653,O-5378,04/22/2025,139.33,Beauty,Face Wash,10/24/2025
C-1380,O-6939,04/22/2025,303.3,Electronics,HDMI Cable,08/24/2024
C-1883,O-1663,04/23/2025,177.48,Home & Kitchen,Air Purifier,02/27/2025
C-0529,O-2350,04/23/2025,77.36,Electronics,Smart Watch Band,01/21/2025
C-1968,O-2606,04/23/2025,192.43,Clothing,Denim Jacket,08/07/2025
C-1785,O-2716,04/23/2025,112.68,Beauty,Vitamin C Serum,04/22/2025
C-1953,O-3261,04/23/2025,474.5,Electronics,HDMI Cable,04/20/2025
C-0266,O-3731,04/23/2025,187.97,Clothing,Running Shorts,11/13/2024
C-2438,O-3970,04/23/2025,298.81,Home & Kitchen,Coffee Maker,12/25/2024
C-1379,O-4040,04/23/2025,334.68,Electronics,Mechanical Keyboard,08/29/2025
C-1640,O-4515,04/23/2025,29.97,Home & Kitchen,Non-Stick Pan Set,10/19/2025
C-1065,O-4556,04/23/2025,38.44,Beauty,Eye Cream,09/21/2024
C-1659,O-5150,04/23/2025,440.86,Electronics,USB-C Hub,10/08/2024
C-0362,O-5429,04/23/2025,428.17,Electronics,USB-C Hub,10/20/2024
C-1789,O-5466,04/23/2025,480.43,Electronics,Laptop Stand,11/04/2025
C-1397,O-6190,04/23/2025,254.76,Electronics,Wireless Earbuds,10/27/2025
C-0866,O-6387,04/23/2025,149.2,Electronics,Wireless Earbuds,12/18/2024
C-0162,O-1203,04/24/2025,93.81,Clothing,Wool Scarf,02/20/2025
C-0954,O-1551,04/24/2025,47.19,Sports,Yoga Mat,07/10/2025
C-2271,O-1940,04/24/2025,268.75,Electronics,Mechanical Keyboard,07/05/2025
C-0331,O-2581,04/24/2025,469.82,Electronics,Mouse Pad,08/26/2025
C-0399,O-2595,04/24/2025,262.69,Home & Kitchen,Insulated Flask,05/26/2025
C-0940,O-2759,04/24/2025,56.41,Beauty,Hair Oil,07/10/2025
C-0477,O-3154,04/24/2025,346.82,Electronics,Webcam,08/03/2025
C-0164,O-3364,04/24/2025,55.16,Home & Kitchen,Knife Set,08/02/2024
C-2421,O-3531,04/24/2025,37.24,Home & Kitchen,Spice Rack,09/25/2024
C-1531,O-3684,04/24/2025,36.12,Beauty,Moisturizer,09/17/2024
C-1147,O-3687,04/24/2025,108.47,Clothing,Track Pants,12/09/2024
C-2081,O-5709,04/24/2025,397.15,Electronics,Mechanical Keyboard,05/24/2025
C-1963,O-6787,04/24/2025,100.41,Electronics,Wireless Earbuds,09/21/2024
C-0813,O-6830,04/24/2025,98.46,Beauty,Face Wash,11/14/2025
C-0822,O-1054,04/25/2025,228.38,Home & Kitchen,Bamboo Cutting Board,01/10/2025
C-1455,O-1227,04/25/2025,218.08,Home & Kitchen,Insulated Flask,11/16/2024
C-0955,O-2124,04/25/2025,150.03,Home & Kitchen,Coffee Maker,10/01/2024
C-2431,O-3507,04/25/2025,44.71,Home & Kitchen,Storage Containers,08/02/2025
C-2010,O-4684,04/25/2025,60.92,Home & Kitchen,Blender,11/24/2024
C-0544,O-5211,04/25/2025,44.61,Home & Kitchen,Insulated Flask,10/19/2024
C-0371,O-5747,04/25/2025,64.94,Home & Kitchen,Non-Stick Pan Set,08/15/2024
C-1618,O-6146,04/25/2025,23.55,Clothing,Polo Shirt,08/12/2024
C-1001,O-2655,04/26/2025,265.42,Electronics,Mechanical Keyboard,07/07/2025
C-2259,O-2658,04/26/2025,83.76,Beauty,Lip Balm Set,05/05/2025
C-0245,O-2926,04/26/2025,60.87,Beauty,Moisturizer,09/22/2024
C-0812,O-3143,04/26/2025,112.97,Sports,Running Armband,05/02/2025
C-1807,O-3861,04/26/2025,230.4,Home & Kitchen,Air Purifier,01/23/2025
C-2280,O-3966,04/26/2025,479.95,Electronics,Mechanical Keyboard,07/07/2024
C-0543,O-4410,04/26/2025,76.32,Electronics,Laptop Stand,05/15/2025
C-1182,O-4794,04/26/2025,19.36,Clothing,Casual Hoodie,04/23/2025
C-1211,O-4809,04/26/2025,157.76,Clothing,Wool Scarf,10/15/2025
C-2476,O-4940,04/26/2025,418.46,Electronics,Wireless Earbuds,08/12/2024
C-2122,O-5569,04/26/2025,38.4,Clothing,Formal Shirt,02/09/2025
C-1357,O-5752,04/26/2025,197.9,Home & Kitchen,Bamboo Cutting Board,09/02/2025
C-0093,O-1728,04/27/2025,187.37,Clothing,Track Pants,11/18/2025
C-2317,O-2592,04/27/2025,106.67,Electronics,Mechanical Keyboard,05/07/2025
C-0995,O-4064,04/27/2025,159.55,Home & Kitchen,Air Purifier,08/03/2024
C-1420,O-4126,04/27/2025,74.01,Clothing,Cotton T-Shirt,07/17/2024
C-1236,O-4667,04/27/2025,35.71,Beauty,Vitamin C Serum,01/19/2025
C-1938,O-5288,04/27/2025,418.73,Electronics,Webcam,05/12/2025
C-1349,O-6847,04/27/2025,491.44,Electronics,Bluetooth Speaker,10/24/2025
C-0359,O-1121,04/28/2025,77.25,Beauty,Eye Cream,12/30/2024
C-1793,O-1435,04/28/2025,77.19,Home & Kitchen,Spice Rack,11/02/2024
C-1243,O-1996,04/28/2025,41.3,Clothing,Running Shorts,10/03/2025
C-2194,O-2090,04/28/2025,44.6,Beauty,Hair Oil,09/19/2024
C-1428,O-2501,04/28/2025,95.67,Clothing,Polo Shirt,08/31/2025
C-1049,O-2977,04/28/2025,55.06,Beauty,Moisturizer,10/20/2024
C-0150,O-3714,04/28/2025,233.26,Electronics,HDMI Cable,10/06/2025
C-0914,O-3738,04/28/2025,66.59,Beauty,Sheet Mask Pack,08/10/2025
C-0883,O-4536,04/28/2025,62.84,Clothing,Cotton T-Shirt,07/27/2025
C-0665,O-4877,04/28/2025,138.68,Beauty,Sheet Mask Pack,09/14/2024
C-0007,O-5918,04/28/2025,261.4,Home & Kitchen,Storage Containers,10/13/2024
C-1605,O-1028,04/29/2025,161.09,Home & Kitchen,LED Desk Lamp,04/17/2025
C-2038,O-1165,04/29/2025,232.07,Electronics,Mechanical Keyboard,11/15/2024
C-2236,O-1279,04/29/2025,88.55,Sports,Jump Rope,09/28/2024
C-1357,O-1743,04/29/2025,194.38,Clothing,Formal Shirt,09/02/2025
C-1859,O-2730,04/29/2025,122.21,Sports,Resistance Bands,06/04/2025
C-0493,O-3049,04/29/2025,188.16,Electronics,Laptop Stand,08/03/2025
C-0571,O-3401,04/29/2025,370.68,Electronics,Laptop Stand,12/28/2024
C-0343,O-4094,04/29/2025,408.59,Electronics,Mechanical Keyboard,05/09/2025
C-2167,O-4554,04/29/2025,103.59,Electronics,Mouse Pad,11/24/2025
C-2020,O-5120,04/29/2025,248.11,Home & Kitchen,Bamboo Cutting Board,06/18/2025
C-1362,O-6406,04/29/2025,45.66,Clothing,Denim Jacket,08/23/2024
C-1346,O-6529,04/29/2025,188.97,Home & Kitchen,Insulated Flask,02/25/2025
C-0180,O-1266,04/30/2025,54.84,Beauty,Lip Balm Set,06/28/2025
C-2043,O-2170,04/30/2025,141.97,Electronics,Mechanical Keyboard,06/04/2025
C-0903,O-2356,04/30/2025,57.75,Home & Kitchen,Storage Containers,05/06/2025
C-0038,O-2786,04/30/2025,373.97,Electronics,Portable Charger,10/14/2025
C-1642,O-3057,04/30/2025,194.82,Clothing,Track Pants,06/14/2025
C-2296,O-3094,04/30/2025,34.91,Beauty,Perfume Roll-On,05/23/2025
C-2234,O-3777,04/30/2025,24.1,Clothing,Linen Shirt,10/13/2024
C-1525,O-4454,04/30/2025,146.58,Clothing,Denim Jacket,08/03/2024
C-0555,O-5050,04/30/2025,162.85,Sports,Gym Bag,08/12/2024
C-1141,O-5101,04/30/2025,174.76,Clothing,Cotton T-Shirt,10/02/2024
C-1935,O-5214,04/30/2025,140.72,Electronics,Webcam,10/11/2025
C-0603,O-5388,04/30/2025,200.7,Home & Kitchen,Blender,03/04/2025
C-0689,O-5862,04/30/2025,132.17,Beauty,Perfume Roll-On,12/25/2024
C-1360,O-6669,04/30/2025,251.22,Home & Kitchen,Air Purifier,11/19/2024
C-1154,O-1119,05/01/2025,226.81,Electronics,Wireless Earbuds,12/09/2024
C-1705,O-1926,05/01/2025,155.11,Clothing,Polo Shirt,11/29/2025
C-2237,O-3575,05/01/2025,43.1,Sports,Dumbbell Set,01/08/2025
C-2426,O-5397,05/01/2025,65.56,Beauty,Body Lotion,05/09/2025
C-2386,O-6551,05/01/2025,74.76,Beauty,Hair Oil,10/17/2025
C-0384,O-6933,05/01/2025,105.0,Beauty,Eye Cream,05/31/2025
C-0188,O-1185,05/02/2025,187.4,Sports,Foam Roller,06/13/2025
C-0240,O-2016,05/02/2025,41.36,Clothing,Wool Scarf,02/26/2025
C-2336,O-3309,05/02/2025,134.13,Beauty,Lip Balm Set,08/15/2024
C-1506,O-3460,05/02/2025,222.16,Electronics,Mechanical Keyboard,08/13/2024
C-1404,O-3727,05/02/2025,381.5,Electronics,HDMI Cable,03/20/2025
C-1145,O-3848,05/02/2025,78.98,Beauty,Vitamin C Serum,10/08/2025
C-2264,O-4384,05/02/2025,228.45,Electronics,Laptop Stand,12/19/2024
C-1666,O-4790,05/02/2025,20.18,Beauty,Sheet Mask Pack,06/01/2025
C-0196,O-4860,05/02/2025,207.93,Sports,Sports Towel,01/04/2025
C-2193,O-6038,05/02/2025,158.36,Home & Kitchen,Knife Set,11/21/2024
C-1914,O-6155,05/02/2025,87.49,Electronics,Smart Watch Band,09/22/2024
C-0940,O-6159,05/02/2025,367.33,Electronics,Bluetooth Speaker,07/10/2025
C-2063,O-6168,05/02/2025,337.45,Electronics,Smart Watch Band,10/29/2024
C-2134,O-6654,05/02/2025,166.96,Home & Kitchen,Knife Set,04/08/2025
C-2099,O-1238,05/03/2025,130.5,Beauty,Perfume Roll-On,11/24/2025
C-1297,O-1602,05/03/2025,277.59,Home & Kitchen,Bamboo Cutting Board,07/31/2025
C-1653,O-2117,05/03/2025,120.0,Clothing,Cotton T-Shirt,10/21/2025
C-2161,O-2405,05/03/2025,97.14,Clothing,Wool Scarf,07/22/2025
C-0617,O-2985,05/03/2025,49.2,Home & Kitchen,Storage Containers,09/09/2025
C-1357,O-3494,05/03/2025,330.38,Electronics,USB-C Hub,09/02/2025
C-1030,O-4156,05/03/2025,64.9,Sports,Swimming Goggles,12/26/2024
C-2016,O-5227,05/03/2025,151.8,Sports,Yoga Mat,12/27/2024
C-1882,O-5430,05/03/2025,187.77,Clothing,Polo Shirt,07/28/2025
C-1136,O-6078,05/03/2025,321.81,Electronics,Portable Charger,11/24/2024
C-0203,O-6152,05/03/2025,416.27,Electronics,Mechanical Keyboard,08/21/2024
C-0391,O-1468,05/04/2025,221.7,Electronics,Smart Watch Band,12/26/2024
C-1957,O-1920,05/04/2025,357.94,Electronics,USB-C Hub,09/04/2025
C-1574,O-2665,05/04/2025,18.36,Beauty,Sunscreen SPF50,07/13/2025
C-0738,O-2743,05/04/2025,103.52,Beauty,Face Wash,10/25/2025
C-1769,O-3188,05/04/2025,234.67,Electronics,Mouse Pad,05/29/2025
C-1853,O-3196,05/04/2025,114.79,Sports,Sports Towel,11/15/2024
C-0604,O-3378,05/04/2025,55.04,Electronics,Mechanical Keyboard,10/31/2025
C-2424,O-3490,05/04/2025,24.91,Beauty,Face Wash,10/29/2024
C-0366,O-4005,05/04/2025,313.92,Electronics,Bluetooth Speaker,09/20/2025
C-2224,O-4182,05/04/2025,287.74,Home & Kitchen,Coffee Maker,08/03/2025
C-1044,O-4247,05/04/2025,290.46,Home & Kitchen,Spice Rack,10/25/2024
C-2379,O-4555,05/04/2025,151.35,Home & Kitchen,Blender,10/20/2024
C-2469,O-4674,05/04/2025,291.89,Home & Kitchen,Non-Stick Pan Set,12/20/2024
C-1791,O-4685,05/04/2025,307.08,Electronics,Mechanical Keyboard,04/07/2025
C-0897,O-4733,05/04/2025,34.81,Clothing,Cotton T-Shirt,09/26/2025
C-1919,O-5090,05/04/2025,276.41,Electronics,Wireless Earbuds,09/02/2024
C-0850,O-5299,05/04/2025,171.61,Clothing,Cargo Pants,08/12/2025
C-2412,O-5402,05/04/2025,419.3,Electronics,Mechanical Keyboard,05/17/2025
C-0098,O-5469,05/04/2025,459.52,Electronics,Portable Charger,12/11/2024
C-0315,O-6379,05/04/2025,189.46,Clothing,Casual Hoodie,07/09/2025
C-2456,O-6409,05/04/2025,118.49,Beauty,Sheet Mask Pack,11/16/2025
C-1047,O-1862,05/05/2025,183.84,Electronics,Webcam,10/03/2025
C-0634,O-2598,05/05/2025,246.54,Home & Kitchen,Non-Stick Pan Set,04/16/2025
C-1160,O-2762,05/05/2025,65.2,Electronics,Webcam,11/10/2025
C-2434,O-4030,05/05/2025,84.25,Beauty,Face Wash,07/28/2025
C-0477,O-4277,05/05/2025,39.89,Beauty,Face Wash,08/03/2025
C-1980,O-4745,05/05/2025,74.12,Sports,Jump Rope,06/20/2025
C-2046,O-5434,05/05/2025,205.85,Home & Kitchen,Coffee Maker,07/15/2025
C-1277,O-6289,05/05/2025,270.0,Electronics,HDMI Cable,06/17/2025
C-0541,O-1013,05/06/2025,92.0,Electronics,Portable Charger,10/26/2024
C-1379,O-1099,05/06/2025,150.49,Clothing,Running Shorts,08/29/2025
C-2002,O-2259,05/06/2025,204.52,Home & Kitchen,Air Purifier,11/21/2024
C-0096,O-2768,05/06/2025,94.86,Electronics,Webcam,10/21/2024
C-1140,O-3898,05/06/2025,340.43,Electronics,Mechanical Keyboard,08/01/2024
C-1627,O-4272,05/06/2025,25.8,Beauty,Vitamin C Serum,04/23/2025
C-1052,O-5213,05/06/2025,314.93,Electronics,HDMI Cable,02/12/2025
C-2380,O-5258,05/06/2025,155.99,Clothing,Linen Shirt,12/16/2024
C-1349,O-5421,05/06/2025,299.01,Home & Kitchen,Air Purifier,10/24/2025
C-0282,O-5799,05/06/2025,178.86,Clothing,Cargo Pants,12/07/2024
C-0875,O-6101,05/06/2025,18.37,Clothing,Formal Shirt,09/15/2025
C-0002,O-6187,05/06/2025,261.17,Home & Kitchen,Storage Containers,07/26/2024
C-0852,O-1756,05/07/2025,197.53,Clothing,Track Pants,06/02/2025
C-0224,O-2870,05/07/2025,126.67,Clothing,Denim Jacket,01/11/2025
C-0827,O-3007,05/07/2025,154.84,Electronics,Portable Charger,08/14/2024
C-1664,O-3347,05/07/2025,99.35,Beauty,Perfume Roll-On,03/12/2025
C-1399,O-3393,05/07/2025,55.79,Beauty,Eye Cream,10/24/2025
C-1429,O-5658,05/07/2025,117.67,Beauty,Face Wash,01/08/2025
C-2249,O-5990,05/07/2025,112.94,Home & Kitchen,Insulated Flask,04/25/2025
C-2403,O-6188,05/07/2025,224.47,Home & Kitchen,Spice Rack,10/13/2024
C-1155,O-6376,05/07/2025,41.78,Clothing,Cotton T-Shirt,08/20/2024
C-2126,O-6420,05/07/2025,295.85,Home & Kitchen,Knife Set,08/31/2024
C-2475,O-1223,05/08/2025,38.96,Beauty,Perfume Roll-On,07/11/2025
C-0145,O-1624,05/08/2025,96.62,Home & Kitchen,Blender,01/22/2025
C-0410,O-2562,05/08/2025,73.37,Beauty,Hair Oil,02/26/2025
C-0838,O-4975,05/08/2025,216.5,Home & Kitchen,Air Purifier,10/11/2024
C-1789,O-5271,05/08/2025,278.36,Home & Kitchen,Spice Rack,11/04/2025
C-1953,O-5731,05/08/2025,72.84,Clothing,Wool Scarf,04/20/2025
C-2492,O-1158,05/09/2025,141.55,Home & Kitchen,Bamboo Cutting Board,06/25/2025
C-0349,O-1282,05/09/2025,145.28,Electronics,Laptop Stand,06/02/2025
C-0820,O-1869,05/09/2025,35.5,Clothing,Denim Jacket,10/10/2025
C-1953,O-2555,05/09/2025,33.83,Beauty,Lip Balm Set,04/20/2025
C-0076,O-4434,05/09/2025,107.33,Clothing,Track Pants,09/06/2024
C-1778,O-4484,05/09/2025,20.19,Sports,Resistance Bands,11/08/2025
C-0205,O-4956,05/09/2025,151.35,Clothing,Cargo Pants,10/04/2024
C-0276,O-5046,05/09/2025,259.55,Home & Kitchen,LED Desk Lamp,05/03/2025
C-1135,O-5699,05/09/2025,82.98,Clothing,Linen Shirt,01/02/2025
C-2445,O-5827,05/09/2025,159.2,Home & Kitchen,LED Desk Lamp,10/05/2025
C-0945,O-5879,05/09/2025,182.33,Electronics,USB-C Hub,11/06/2025
C-0881,O-6056,05/09/2025,33.44,Beauty,Eye Cream,12/27/2024
C-1188,O-6777,05/09/2025,194.97,Home & Kitchen,Air Purifier,12/27/2024
C-0509,O-6845,05/09/2025,143.65,Beauty,Eye Cream,07/24/2025
C-2056,O-2409,05/10/2025,281.15,Home & Kitchen,Knife Set,11/03/2025
C-1746,O-2796,05/10/2025,187.85,Clothing,Cargo Pants,02/19/2025
C-1467,O-2843,05/10/2025,133.77,Electronics,HDMI Cable,10/28/2025
C-0979,O-3222,05/10/2025,201.88,Electronics,Mechanical Keyboard,05/08/2025
C-2091,O-5783,05/10/2025,157.59,Home & Kitchen,Knife Set,09/01/2025
C-0862,O-6084,05/10/2025,291.67,Electronics,Mechanical Keyboard,09/18/2025
C-1550,O-1102,05/11/2025,60.02,Home & Kitchen,Bamboo Cutting Board,01/21/2025
C-1040,O-1338,05/11/2025,227.34,Home & Kitchen,Knife Set,03/29/2025
C-0205,O-1673,05/11/2025,73.87,Beauty,Sunscreen SPF50,10/04/2024
C-1084,O-2475,05/11/2025,104.26,Beauty,Sheet Mask Pack,06/13/2025
C-1235,O-2853,05/11/2025,435.99,Electronics,Webcam,03/20/2025
C-1193,O-2935,05/11/2025,150.56,Sports,Jump Rope,06/28/2025
C-0366,O-3147,05/11/2025,85.99,Beauty,Eye Cream,09/20/2025
C-2137,O-3680,05/11/2025,18.83,Clothing,Running Shorts,11/27/2025
C-1861,O-4552,05/11/2025,394.11,Electronics,Webcam,10/13/2025
C-1679,O-6880,05/11/2025,39.72,Clothing,Track Pants,10/12/2025
C-1461,O-6919,05/11/2025,32.73,Clothing,Running Shorts,08/14/2024
C-0278,O-1555,05/12/2025,74.93,Clothing,Track Pants,11/15/2024
C-0479,O-1746,05/12/2025,428.39,Electronics,Smart Watch Band,07/25/2025
C-1631,O-2203,05/12/2025,417.38,Electronics,USB-C Hub,08/20/2025
C-0187,O-2753,05/12/2025,120.91,Clothing,Casual Hoodie,08/17/2025
C-1011,O-2829,05/12/2025,114.64,Beauty,Lip Balm Set,10/02/2024
C-2462,O-5865,05/12/2025,144.79,Clothing,Wool Scarf,08/01/2024
C-1597,O-1397,05/13/2025,249.42,Electronics,Portable Charger,11/05/2024
C-0102,O-2005,05/13/2025,202.08,Home & Kitchen,Coffee Maker,07/26/2025
C-0852,O-4343,05/13/2025,91.26,Electronics,Smart Watch Band,06/02/2025
C-1255,O-4350,05/13/2025,161.51,Home & Kitchen,Knife Set,09/14/2024
C-2349,O-4708,05/13/2025,135.1,Electronics,Wireless Earbuds,10/18/2025
C-0840,O-4735,05/13/2025,63.0,Clothing,Running Shorts,10/11/2024
C-0271,O-1037,05/14/2025,40.92,Home & Kitchen,LED Desk Lamp,04/18/2025
C-2145,O-1570,05/14/2025,117.73,Beauty,Vitamin C Serum,03/16/2025
C-2348,O-2000,05/14/2025,239.87,Home & Kitchen,Insulated Flask,08/05/2025
C-2402,O-2812,05/14/2025,184.42,Clothing,Wool Scarf,09/03/2024
C-0544,O-2830,05/14/2025,130.1,Electronics,Portable Charger,10/19/2024
C-0427,O-3682,05/14/2025,38.9,Sports,Dumbbell Set,11/29/2024
C-0268,O-4570,05/14/2025,111.45,Electronics,Mechanical Keyboard,09/09/2024
C-0954,O-4800,05/14/2025,25.86,Home & Kitchen,Coffee Maker,07/10/2025
C-1528,O-5032,05/14/2025,291.14,Home & Kitchen,Spice Rack,07/15/2025
C-1204,O-5067,05/14/2025,178.98,Electronics,Mouse Pad,09/01/2025
C-0015,O-5651,05/14/2025,145.4,Beauty,Perfume Roll-On,11/30/2025
C-0412,O-5777,05/14/2025,94.34,Electronics,Wireless Earbuds,02/16/2025
C-0646,O-6229,05/14/2025,72.76,Home & Kitchen,Knife Set,08/25/2024
C-0454,O-6258,05/14/2025,149.1,Sports,Dumbbell Set,09/24/2025
C-1283,O-6414,05/14/2025,249.37,Home & Kitchen,LED Desk Lamp,09/22/2025
C-1035,O-6552,05/14/2025,253.35,Electronics,Wireless Earbuds,07/02/2025
C-1242,O-1143,05/15/2025,173.77,Clothing,Polo Shirt,10/19/2025
C-0269,O-1148,05/15/2025,62.3,Home & Kitchen,Knife Set,03/08/2025
C-1349,O-2053,05/15/2025,62.54,Electronics,Bluetooth Speaker,10/24/2025
C-1914,O-2180,05/15/2025,160.22,Electronics,Webcam,09/22/2024
C-1238,O-2583,05/15/2025,355.52,Electronics,Mechanical Keyboard,12/04/2024
C-1387,O-3263,05/15/2025,193.2,Home & Kitchen,Knife Set,07/19/2025
C-0984,O-4256,05/15/2025,171.34,Sports,Resistance Bands,11/16/2024
C-0313,O-5281,05/15/2025,477.94,Electronics,Mouse Pad,08/12/2024
C-0243,O-5742,05/15/2025,148.4,Clothing,Wool Scarf,03/10/2025
C-1786,O-6050,05/15/2025,66.46,Beauty,Eye Cream,01/29/2025
C-0227,O-6424,05/15/2025,185.49,Home & Kitchen,Blender,08/29/2024
C-2209,O-1621,05/16/2025,172.13,Home & Kitchen,Insulated Flask,02/19/2025
C-2096,O-1977,05/16/2025,19.33,Clothing,Running Shorts,02/21/2025
C-2481,O-2767,05/16/2025,81.73,Beauty,Sheet Mask Pack,03/11/2025
C-0023,O-2792,05/16/2025,215.86,Home & Kitchen,LED Desk Lamp,12/11/2024
C-1030,O-3059,05/16/2025,317.29,Electronics,Smart Watch Band,12/26/2024
C-1060,O-4731,05/16/2025,194.57,Clothing,Cotton T-Shirt,09/10/2025
C-1307,O-5081,05/16/2025,493.12,Electronics,Portable Charger,11/10/2024
C-0709,O-5981,05/16/2025,178.5,Sports,Resistance Bands,11/30/2024
C-2208,O-6587,05/16/2025,73.38,Sports,Water Bottle,11/15/2025
C-0501,O-1852,05/17/2025,151.39,Clothing,Linen Shirt,07/28/2024
C-0352,O-2113,05/17/2025,117.82,Beauty,Sheet Mask Pack,04/12/2025
C-1666,O-2298,05/17/2025,20.74,Beauty,Sunscreen SPF50,06/01/2025
C-0957,O-3267,05/17/2025,241.37,Home & Kitchen,Spice Rack,07/15/2024
C-2411,O-4216,05/17/2025,214.82,Home & Kitchen,Spice Rack,11/14/2025
C-2121,O-5707,05/17/2025,437.3,Electronics,Wireless Earbuds,07/10/2024
C-0300,O-6321,05/17/2025,74.63,Electronics,USB-C Hub,03/26/2025
C-0658,O-6753,05/17/2025,114.54,Electronics,Laptop Stand,08/22/2024
C-1005,O-6859,05/17/2025,241.47,Home & Kitchen,Air Purifier,09/01/2024
C-1660,O-6976,05/17/2025,201.39,Sports,Swimming Goggles,08/21/2024
C-1133,O-2682,05/18/2025,61.35,Sports,Foam Roller,06/25/2025
C-0256,O-2819,05/18/2025,174.87,Electronics,HDMI Cable,10/12/2025
C-2193,O-3108,05/18/2025,152.52,Electronics,Smart Watch Band,11/21/2024
C-0272,O-3495,05/18/2025,120.19,Sports,Yoga Mat,12/09/2024
C-1763,O-4142,05/18/2025,288.17,Home & Kitchen,Non-Stick Pan Set,08/25/2025
C-1291,O-5183,05/18/2025,318.75,Electronics,Portable Charger,06/12/2025
C-1691,O-6363,05/18/2025,193.56,Sports,Running Armband,09/15/2025
C-1070,O-1064,05/19/2025,181.17,Sports,Running Armband,04/08/2025
C-1263,O-1565,05/19/2025,138.81,Home & Kitchen,Bamboo Cutting Board,09/17/2024
C-1406,O-2215,05/19/2025,103.11,Beauty,Hair Oil,12/01/2024
C-1196,O-2901,05/19/2025,20.47,Clothing,Polo Shirt,08/13/2024
C-2404,O-3117,05/19/2025,17.42,Beauty,Eye Cream,01/08/2025
C-1730,O-3522,05/19/2025,219.67,Sports,Sports Towel,12/14/2024
C-0031,O-3561,05/19/2025,28.77,Beauty,Sunscreen SPF50,10/03/2024
C-0799,O-4098,05/19/2025,73.53,Clothing,Linen Shirt,03/07/2025
C-0353,O-4139,05/19/2025,386.39,Electronics,Bluetooth Speaker,06/25/2025
C-1095,O-5179,05/19/2025,82.44,Home & Kitchen,Blender,10/29/2025
C-1609,O-6569,05/19/2025,157.05,Electronics,Mouse Pad,04/08/2025
C-1227,O-1561,05/20/2025,82.27,Home & Kitchen,Non-Stick Pan Set,10/25/2024
C-1729,O-1942,05/20/2025,270.54,Home & Kitchen,Bamboo Cutting Board,05/23/2025
C-0576,O-2831,05/20/2025,65.47,Clothing,Casual Hoodie,04/01/2025
C-1040,O-4663,05/20/2025,114.09,Beauty,Face Wash,03/29/2025
C-1975,O-5061,05/20/2025,11.78,Beauty,Sunscreen SPF50,09/08/2025
C-0385,O-5134,05/20/2025,112.41,Clothing,Wool Scarf,08/17/2025
C-0994,O-5272,05/20/2025,197.56,Electronics,Mouse Pad,04/13/2025
C-1146,O-5546,05/20/2025,241.31,Sports,Water Bottle,06/15/2025
C-2372,O-6480,05/20/2025,89.01,Beauty,Sunscreen SPF50,05/23/2025
C-0222,O-6605,05/20/2025,74.97,Clothing,Track Pants,11/11/2025
C-0170,O-6704,05/20/2025,48.15,Beauty,Eye Cream,02/05/2025
C-2038,O-2102,05/21/2025,130.8,Electronics,Wireless Earbuds,11/15/2024
C-1327,O-2457,05/21/2025,470.22,Electronics,Mouse Pad,09/18/2024
C-2046,O-2458,05/21/2025,168.26,Electronics,Mechanical Keyboard,07/15/2025
C-0933,O-3089,05/21/2025,137.98,Beauty,Sunscreen SPF50,10/01/2024
C-2393,O-3418,05/21/2025,122.8,Beauty,Vitamin C Serum,07/30/2024
C-0270,O-3961,05/21/2025,45.77,Beauty,Moisturizer,07/14/2025
C-2342,O-6767,05/21/2025,219.54,Home & Kitchen,Non-Stick Pan Set,10/09/2024
C-1618,O-6890,05/21/2025,102.11,Clothing,Cargo Pants,08/12/2024
C-1337,O-1065,05/22/2025,28.82,Clothing,Casual Hoodie,12/17/2024
C-2427,O-1091,05/22/2025,137.96,Beauty,Hair Oil,10/28/2024
C-2468,O-1104,05/22/2025,70.81,Sports,Sports Towel,04/22/2025
C-1783,O-2515,05/22/2025,37.6,Beauty,Lip Balm Set,02/16/2025
C-2103,O-3775,05/22/2025,295.75,Electronics,Mouse Pad,11/15/2025
C-0669,O-4737,05/22/2025,125.65,Beauty,Vitamin C Serum,05/08/2025
C-0956,O-5216,05/22/2025,112.23,Beauty,Moisturizer,08/09/2025
C-1123,O-5767,05/22/2025,52.65,Electronics,USB-C Hub,04/12/2025
C-1331,O-6290,05/22/2025,371.48,Electronics,Wireless Earbuds,06/10/2025
C-1113,O-2505,05/23/2025,130.34,Home & Kitchen,Blender,06/26/2025
C-1096,O-2659,05/23/2025,53.7,Home & Kitchen,Storage Containers,09/07/2024
C-1574,O-2722,05/23/2025,15.87,Beauty,Vitamin C Serum,07/13/2025
C-1904,O-2747,05/23/2025,216.67,Home & Kitchen,Insulated Flask,02/10/2025
C-0210,O-2954,05/23/2025,37.5,Beauty,Sunscreen SPF50,11/05/2025
C-0362,O-3247,05/23/2025,216.97,Home & Kitchen,Insulated Flask,10/20/2024
C-1186,O-4096,05/23/2025,187.15,Home & Kitchen,Coffee Maker,11/22/2025
C-1943,O-4441,05/23/2025,137.69,Beauty,Vitamin C Serum,02/09/2025
C-1460,O-5205,05/23/2025,136.75,Home & Kitchen,Storage Containers,01/23/2025
C-0859,O-5422,05/23/2025,77.62,Electronics,Mechanical Keyboard,04/21/2025
C-1252,O-5712,05/23/2025,149.23,Beauty,Hair Oil,04/08/2025
C-1554,O-6082,05/23/2025,157.39,Home & Kitchen,Non-Stick Pan Set,10/06/2025
C-1166,O-6851,05/23/2025,111.09,Home & Kitchen,LED Desk Lamp,06/19/2025
C-1057,O-1135,05/24/2025,40.02,Sports,Resistance Bands,09/01/2024
C-1681,O-1871,05/24/2025,63.23,Clothing,Running Shorts,02/06/2025
C-0875,O-2447,05/24/2025,237.91,Home & Kitchen,Blender,09/15/2025
C-1251,O-2967,05/24/2025,24.41,Beauty,Body Lotion,05/07/2025
C-0531,O-3814,05/24/2025,106.37,Clothing,Casual Hoodie,12/04/2024
C-0948,O-5555,05/24/2025,146.23,Home & Kitchen,Blender,10/26/2024
C-1330,O-6522,05/24/2025,169.44,Clothing,Cargo Pants,08/08/2024
C-1212,O-6758,05/24/2025,68.16,Electronics,Webcam,07/06/2025
C-0979,O-1440,05/25/2025,250.24,Home & Kitchen,Storage Containers,05/08/2025
C-0860,O-1576,05/25/2025,174.49,Electronics,Portable Charger,02/18/2025
C-0808,O-3218,05/25/2025,80.62,Clothing,Denim Jacket,06/14/2025
C-2265,O-3402,05/25/2025,311.79,Electronics,Mouse Pad,09/19/2025
C-2346,O-3899,05/25/2025,206.1,Electronics,Bluetooth Speaker,09/30/2025
C-1408,O-4253,05/25/2025,95.64,Electronics,USB-C Hub,10/22/2024
C-0355,O-5526,05/25/2025,90.25,Clothing,Cotton T-Shirt,06/05/2025
C-1464,O-6070,05/25/2025,178.2,Home & Kitchen,LED Desk Lamp,05/20/2025
C-1815,O-6531,05/25/2025,127.34,Clothing,Linen Shirt,02/17/2025
C-0788,O-6782,05/25/2025,149.51,Clothing,Track Pants,02/16/2025
C-2460,O-1235,05/26/2025,92.45,Clothing,Cargo Pants,12/19/2024
C-0966,O-2781,05/26/2025,110.17,Clothing,Polo Shirt,02/25/2025
C-0521,O-3269,05/26/2025,145.96,Beauty,Eye Cream,07/20/2024
C-0608,O-3272,05/26/2025,258.21,Electronics,Mouse Pad,10/04/2024
C-0547,O-5151,05/26/2025,416.96,Electronics,USB-C Hub,07/20/2025
C-2389,O-5339,05/26/2025,106.68,Clothing,Polo Shirt,01/05/2025
C-1484,O-6442,05/26/2025,198.17,Electronics,Wireless Earbuds,11/21/2025
C-2053,O-6566,05/26/2025,182.28,Clothing,Casual Hoodie,09/13/2024
C-1279,O-1424,05/27/2025,385.13,Electronics,Wireless Earbuds,11/29/2025
C-1160,O-1442,05/27/2025,35.44,Clothing,Wool Scarf,11/10/2025
C-1340,O-2158,05/27/2025,196.79,Home & Kitchen,LED Desk Lamp,08/25/2025
C-0652,O-2483,05/27/2025,61.54,Electronics,Bluetooth Speaker,04/18/2025
C-0691,O-3778,05/27/2025,182.31,Electronics,Mechanical Keyboard,12/08/2024
C-1290,O-4977,05/27/2025,89.94,Beauty,Face Wash,08/23/2025
C-1957,O-6043,05/27/2025,93.96,Beauty,Hair Oil,09/04/2025
C-0682,O-6131,05/27/2025,21.57,Beauty,Sheet Mask Pack,10/10/2024
C-0152,O-6156,05/27/2025,192.54,Home & Kitchen,LED Desk Lamp,03/11/2025
C-1605,O-6213,05/27/2025,52.77,Beauty,Eye Cream,04/17/2025
C-0099,O-6737,05/27/2025,107.95,Electronics,Bluetooth Speaker,09/06/2025
C-0124,O-6921,05/27/2025,333.16,Electronics,USB-C Hub,07/01/2024
C-0164,O-1306,05/28/2025,335.11,Electronics,HDMI Cable,08/02/2024
C-1764,O-1458,05/28/2025,175.05,Home & Kitchen,Blender,11/26/2025
C-1952,O-2620,05/28/2025,24.76,Beauty,Lip Balm Set,08/02/2024
C-1126,O-3019,05/28/2025,129.81,Electronics,Webcam,07/27/2024
C-1283,O-3398,05/28/2025,63.99,Sports,Sports Towel,09/22/2025
C-1629,O-3521,05/28/2025,152.88,Clothing,Wool Scarf,11/07/2025
C-2301,O-4324,05/28/2025,148.89,Electronics,Bluetooth Speaker,07/21/2025
C-1813,O-5162,05/28/2025,130.13,Clothing,Linen Shirt,03/06/2025
C-1141,O-6040,05/28/2025,77.15,Beauty,Lip Balm Set,10/02/2024
C-1291,O-1457,05/29/2025,116.99,Beauty,Sheet Mask Pack,06/12/2025
C-2007,O-1516,05/29/2025,69.86,Beauty,Lip Balm Set,05/25/2025
C-1647,O-1676,05/29/2025,295.65,Electronics,Smart Watch Band,08/13/2025
C-1856,O-1908,05/29/2025,49.74,Sports,Sports Towel,04/06/2025
C-0522,O-2322,05/29/2025,80.26,Beauty,Sheet Mask Pack,08/23/2024
C-1208,O-2362,05/29/2025,209.5,Sports,Yoga Mat,07/22/2024
C-1830,O-2879,05/29/2025,125.22,Clothing,Cotton T-Shirt,04/21/2025
C-1004,O-3616,05/29/2025,210.6,Electronics,Laptop Stand,07/03/2025
C-2289,O-3831,05/29/2025,390.19,Electronics,Laptop Stand,05/04/2025
C-1316,O-4547,05/29/2025,350.87,Electronics,Smart Watch Band,07/19/2024
C-2253,O-4856,05/29/2025,148.54,Electronics,Smart Watch Band,03/06/2025
C-2149,O-6807,05/29/2025,177.76,Sports,Jump Rope,09/19/2024
C-0227,O-6838,05/29/2025,13.01,Beauty,Body Lotion,08/29/2024
C-1462,O-1399,05/30/2025,146.5,Beauty,Body Lotion,01/21/2025
C-0439,O-1591,05/30/2025,242.92,Home & Kitchen,Coffee Maker,10/19/2025
C-0452,O-1694,05/30/2025,381.99,Electronics,Webcam,03/02/2025
C-2067,O-2141,05/30/2025,61.76,Clothing,Running Shorts,08/11/2025
C-1832,O-2746,05/30/2025,102.12,Electronics,Mechanical Keyboard,04/19/2025
C-0644,O-2970,05/30/2025,170.3,Sports,Foam Roller,04/07/2025
C-1567,O-2978,05/30/2025,244.31,Home & Kitchen,LED Desk Lamp,11/02/2024
C-0658,O-2980,05/30/2025,154.21,Home & Kitchen,Blender,08/22/2024
C-1384,O-3192,05/30/2025,223.91,Home & Kitchen,Air Purifier,02/27/2025
C-0036,O-3449,05/30/2025,81.85,Beauty,Face Wash,03/28/2025
C-0475,O-3856,05/30/2025,39.17,Beauty,Sunscreen SPF50,01/28/2025
C-2345,O-4931,05/30/2025,139.95,Electronics,USB-C Hub,02/12/2025
C-0895,O-5015,05/30/2025,98.23,Beauty,Sheet Mask Pack,12/09/2024
C-1482,O-6083,05/30/2025,63.71,Clothing,Linen Shirt,06/13/2025
C-0810,O-6744,05/30/2025,38.92,Clothing,Cotton T-Shirt,07/03/2024
C-1699,O-6863,05/30/2025,190.86,Clothing,Polo Shirt,08/22/2024
C-2244,O-1867,05/31/2025,155.97,Clothing,Cotton T-Shirt,06/28/2025
C-0560,O-2145,05/31/2025,158.31,Home & Kitchen,Spice Rack,12/01/2025
C-2066,O-2994,05/31/2025,49.57,Beauty,Body Lotion,01/26/2025
C-2450,O-3500,05/31/2025,52.68,Home & Kitchen,Coffee Maker,11/17/2024
C-1267,O-3513,05/31/2025,116.92,Electronics,Mouse Pad,08/12/2024
C-1471,O-3923,05/31/2025,109.41,Home & Kitchen,Knife Set,04/19/2025
C-1962,O-4374,05/31/2025,79.33,Clothing,Track Pants,07/20/2025
C-0041,O-4513,05/31/2025,212.21,Sports,Resistance Bands,09/19/2024
C-2157,O-5006,05/31/2025,102.47,Beauty,Moisturizer,08/02/2024
C-0078,O-5353,05/31/2025,58.69,Sports,Jump Rope,05/19/2025
C-1273,O-1053,06/01/2025,53.59,Electronics,Mouse Pad,12/02/2024
C-1553,O-1599,06/01/2025,31.75,Clothing,Cotton T-Shirt,09/14/2024
C-2430,O-1872,06/01/2025,21.82,Beauty,Lip Balm Set,11/22/2024
C-0432,O-1984,06/01/2025,167.23,Clothing,Casual Hoodie,12/28/2024
C-0121,O-2499,06/01/2025,377.48,Electronics,Bluetooth Speaker,12/04/2024
C-1005,O-2986,06/01/2025,178.09,Home & Kitchen,Bamboo Cutting Board,09/01/2024
C-0284,O-3006,06/01/2025,102.14,Beauty,Lip Balm Set,04/15/2025
C-0540,O-3039,06/01/2025,122.18,Clothing,Running Shorts,12/19/2024
C-2200,O-3163,06/01/2025,479.89,Electronics,Portable Charger,02/23/2025
C-2035,O-3700,06/01/2025,126.19,Sports,Resistance Bands,08/29/2024
C-2302,O-4144,06/01/2025,247.95,Home & Kitchen,LED Desk Lamp,04/14/2025
C-0872,O-4565,06/01/2025,248.35,Home & Kitchen,Spice Rack,04/27/2025
C-0344,O-4830,06/01/2025,142.99,Home & Kitchen,Spice Rack,02/19/2025
C-1321,O-5207,06/01/2025,134.39,Beauty,Hair Oil,06/15/2025
C-2468,O-5973,06/01/2025,164.25,Clothing,Linen Shirt,04/22/2025
C-0352,O-6054,06/01/2025,72.45,Home & Kitchen,Air Purifier,04/12/2025
C-1213,O-6439,06/01/2025,171.69,Clothing,Cotton T-Shirt,09/29/2024
C-2154,O-2132,06/02/2025,125.85,Sports,Foam Roller,02/17/2025
C-1818,O-2172,06/02/2025,339.62,Electronics,Laptop Stand,10/11/2024
C-0724,O-2960,06/02/2025,67.49,Clothing,Track Pants,11/18/2025
C-1234,O-3037,06/02/2025,208.8,Home & Kitchen,Spice Rack,11/27/2024
C-1594,O-3542,06/02/2025,56.4,Electronics,Webcam,09/17/2025
C-1566,O-4344,06/02/2025,191.46,Clothing,Cotton T-Shirt,02/15/2025
C-0771,O-5853,06/02/2025,140.1,Home & Kitchen,Coffee Maker,11/23/2025
C-1219,O-6154,06/02/2025,96.07,Beauty,Face Wash,09/19/2024
C-0431,O-6544,06/02/2025,275.9,Home & Kitchen,Non-Stick Pan Set,02/10/2025
C-1280,O-1502,06/03/2025,53.25,Clothing,Running Shorts,12/24/2024
C-0398,O-2930,06/03/2025,151.02,Home & Kitchen,Coffee Maker,09/14/2025
C-2175,O-3641,06/03/2025,126.03,Beauty,Vitamin C Serum,04/04/2025
C-0428,O-5188,06/03/2025,281.52,Home & Kitchen,Storage Containers,07/06/2024
C-0548,O-5886,06/03/2025,64.76,Clothing,Polo Shirt,08/11/2025
C-0891,O-6281,06/03/2025,148.3,Home & Kitchen,Bamboo Cutting Board,03/19/2025
C-2113,O-6557,06/03/2025,190.38,Sports,Sports Towel,09/15/2024
C-1142,O-6680,06/03/2025,155.32,Clothing,Polo Shirt,02/06/2025
C-1969,O-1199,06/04/2025,352.23,Electronics,Wireless Earbuds,11/08/2024
C-1822,O-2932,06/04/2025,89.55,Beauty,Face Wash,10/11/2024
C-1548,O-3477,06/04/2025,226.15,Home & Kitchen,Spice Rack,04/19/2025
C-2245,O-3486,06/04/2025,169.85,Home & Kitchen,Insulated Flask,10/04/2024
C-0155,O-3802,06/04/2025,106.85,Beauty,Eye Cream,06/12/2025
C-0561,O-3846,06/04/2025,139.42,Home & Kitchen,Knife Set,06/15/2025
C-0940,O-4071,06/04/2025,11.65,Beauty,Face Wash,07/10/2025
C-2455,O-4435,06/04/2025,59.36,Electronics,Mouse Pad,08/23/2025
C-1138,O-5206,06/04/2025,190.2,Clothing,Track Pants,09/10/2024
C-2014,O-5723,06/04/2025,100.25,Electronics,Bluetooth Speaker,04/08/2025
C-1088,O-6658,06/04/2025,309.9,Electronics,Smart Watch Band,10/06/2024
C-2467,O-6733,06/04/2025,184.83,Clothing,Polo Shirt,02/16/2025
C-1995,O-6844,06/04/2025,117.23,Home & Kitchen,Blender,03/08/2025
C-1862,O-1225,06/05/2025,189.99,Home & Kitchen,Blender,03/21/2025
C-1223,O-1540,06/05/2025,45.04,Sports,Yoga Mat,02/12/2025
C-1915,O-2074,06/05/2025,144.83,Beauty,Eye Cream,10/01/2025
C-1725,O-2320,06/05/2025,173.23,Sports,Jump Rope,10/11/2025
C-0217,O-3204,06/05/2025,140.42,Beauty,Hair Oil,08/04/2025
C-1533,O-4873,06/05/2025,36.0,Clothing,Cotton T-Shirt,07/11/2025
C-1980,O-5160,06/05/2025,55.96,Beauty,Sunscreen SPF50,06/20/2025
C-0364,O-5295,06/05/2025,201.7,Home & Kitchen,Bamboo Cutting Board,06/19/2025
C-1167,O-5520,06/05/2025,150.77,Clothing,Polo Shirt,09/14/2025
C-0231,O-6030,06/05/2025,205.81,Home & Kitchen,Air Purifier,08/21/2024
C-1696,O-6033,06/05/2025,124.71,Clothing,Running Shorts,07/10/2025
C-0666,O-6516,06/05/2025,143.82,Clothing,Casual Hoodie,08/24/2024
C-1998,O-1177,06/06/2025,111.19,Home & Kitchen,Air Purifier,09/23/2025
C-1692,O-1865,06/06/2025,251.71,Home & Kitchen,Coffee Maker,11/15/2024
C-1273,O-2774,06/06/2025,92.93,Electronics,Bluetooth Speaker,12/02/2024
C-0081,O-3885,06/06/2025,309.92,Electronics,Portable Charger,08/10/2025
C-0361,O-4734,06/06/2025,274.65,Electronics,Laptop Stand,08/09/2024
C-0574,O-5232,06/06/2025,170.68,Clothing,Linen Shirt,10/20/2025
C-0197,O-6066,06/06/2025,279.42,Home & Kitchen,Knife Set,04/12/2025
C-0483,O-6163,06/06/2025,157.62,Sports,Resistance Bands,05/02/2025
C-1394,O-6585,06/06/2025,145.51,Electronics,Mechanical Keyboard,11/18/2024
C-0821,O-2106,06/07/2025,162.51,Electronics,Laptop Stand,05/26/2025
C-1696,O-2393,06/07/2025,222.43,Electronics,Webcam,07/10/2025
C-0533,O-2850,06/07/2025,145.85,Beauty,Moisturizer,11/07/2024
C-0365,O-3088,06/07/2025,151.87,Clothing,Track Pants,05/18/2025
C-0742,O-3312,06/07/2025,373.99,Electronics,Mechanical Keyboard,09/20/2025
C-2137,O-3835,06/07/2025,243.2,Home & Kitchen,Bamboo Cutting Board,11/27/2025
C-1891,O-4380,06/07/2025,84.03,Beauty,Hair Oil,02/27/2025
C-1178,O-4541,06/07/2025,52.95,Home & Kitchen,LED Desk Lamp,05/05/2025
C-1610,O-5641,06/07/2025,455.74,Electronics,Smart Watch Band,11/06/2024
C-0602,O-6133,06/07/2025,65.2,Beauty,Face Wash,11/13/2025
C-1496,O-6221,06/07/2025,88.0,Beauty,Body Lotion,09/20/2024
C-0230,O-1469,06/08/2025,92.06,Clothing,Cargo Pants,08/28/2024
C-1948,O-2842,06/08/2025,49.62,Clothing,Denim Jacket,09/04/2024
C-1870,O-4202,06/08/2025,87.91,Beauty,Eye Cream,09/11/2025
C-2369,O-4345,06/08/2025,115.13,Electronics,Bluetooth Speaker,10/08/2024
C-0839,O-4617,06/08/2025,137.64,Home & Kitchen,Bamboo Cutting Board,09/24/2025
C-0733,O-5330,06/08/2025,168.87,Clothing,Casual Hoodie,02/20/2025
C-0378,O-5372,06/08/2025,295.01,Home & Kitchen,Knife Set,06/04/2025
C-0468,O-5629,06/08/2025,36.14,Clothing,Linen Shirt,09/04/2024
C-1968,O-5817,06/08/2025,193.53,Home & Kitchen,Storage Containers,08/07/2025
C-2058,O-5932,06/08/2025,431.8,Electronics,Laptop Stand,06/06/2025
C-1912,O-6257,06/08/2025,52.38,Beauty,Body Lotion,02/09/2025
C-0137,O-6623,06/08/2025,115.41,Clothing,Cargo Pants,09/09/2024
C-0364,O-1107,06/09/2025,53.79,Clothing,Formal Shirt,06/19/2025
C-2129,O-1731,06/09/2025,136.32,Clothing,Wool Scarf,07/17/2024
C-1099,O-4265,06/09/2025,242.42,Sports,Gym Bag,10/04/2024
C-2149,O-4362,06/09/2025,278.72,Home & Kitchen,Insulated Flask,09/19/2024
C-0838,O-5530,06/09/2025,139.29,Electronics,USB-C Hub,10/11/2024
C-0565,O-5718,06/09/2025,55.23,Home & Kitchen,Insulated Flask,10/17/2024
C-1677,O-5821,06/09/2025,138.86,Sports,Gym Bag,08/07/2025
C-0069,O-5906,06/09/2025,129.96,Beauty,Sheet Mask Pack,05/29/2025
C-1716,O-6690,06/09/2025,33.32,Home & Kitchen,Storage Containers,01/20/2025
C-0844,O-1829,06/10/2025,45.83,Clothing,Wool Scarf,08/24/2025
C-2449,O-5741,06/10/2025,191.29,Sports,Running Armband,11/09/2025
C-0267,O-5867,06/10/2025,16.49,Clothing,Formal Shirt,06/23/2025
C-2050,O-6093,06/10/2025,56.3,Clothing,Denim Jacket,04/01/2025
C-2277,O-6216,06/10/2025,159.28,Clothing,Polo Shirt,10/18/2024
C-0469,O-1825,06/11/2025,196.75,Electronics,HDMI Cable,08/29/2025
C-1939,O-2214,06/11/2025,126.97,Home & Kitchen,Insulated Flask,07/23/2024
C-1276,O-2778,06/11/2025,55.0,Beauty,Moisturizer,10/14/2024
C-1529,O-2846,06/11/2025,70.53,Clothing,Cargo Pants,07/16/2025
C-0323,O-2885,06/11/2025,117.18,Sports,Dumbbell Set,12/06/2024
C-2108,O-3045,06/11/2025,62.23,Clothing,Running Shorts,11/21/2024
C-1110,O-3257,06/11/2025,226.5,Electronics,Mouse Pad,08/22/2024
C-0843,O-3404,06/11/2025,218.75,Electronics,Mouse Pad,11/25/2024
C-0457,O-3415,06/11/2025,85.36,Sports,Dumbbell Set,02/26/2025
C-1132,O-3655,06/11/2025,401.02,Electronics,Wireless Earbuds,06/13/2025
C-1373,O-3713,06/11/2025,62.2,Clothing,Denim Jacket,09/21/2025
C-2481,O-3805,06/11/2025,81.71,Beauty,Eye Cream,03/11/2025
C-1011,O-4804,06/11/2025,40.31,Clothing,Denim Jacket,10/02/2024
C-0927,O-4874,06/11/2025,56.82,Clothing,Cotton T-Shirt,08/10/2024
C-1829,O-5210,06/11/2025,164.55,Clothing,Cargo Pants,01/21/2025
C-1764,O-5711,06/11/2025,59.84,Beauty,Moisturizer,11/26/2025
C-2136,O-5849,06/11/2025,16.46,Beauty,Eye Cream,07/18/2024
C-2077,O-6196,06/11/2025,391.2,Electronics,Wireless Earbuds,11/22/2025
C-1189,O-6354,06/11/2025,199.41,Clothing,Cotton T-Shirt,11/10/2024
C-2255,O-6808,06/11/2025,112.0,Home & Kitchen,Insulated Flask,07/25/2025
C-0382,O-1115,06/12/2025,270.64,Home & Kitchen,Blender,05/13/2025
C-0918,O-1214,06/12/2025,32.62,Clothing,Linen Shirt,11/21/2025
C-0781,O-1230,06/12/2025,70.93,Electronics,Mechanical Keyboard,07/30/2024
C-0455,O-2085,06/12/2025,124.93,Sports,Dumbbell Set,09/18/2024
C-0436,O-2376,06/12/2025,38.33,Beauty,Sunscreen SPF50,11/02/2024
C-0133,O-2639,06/12/2025,76.89,Clothing,Casual Hoodie,03/04/2025
C-0627,O-3998,06/12/2025,121.91,Electronics,USB-C Hub,05/20/2025
C-1914,O-4060,06/12/2025,257.52,Home & Kitchen,LED Desk Lamp,09/22/2024
C-1130,O-5096,06/12/2025,69.83,Home & Kitchen,Insulated Flask,04/06/2025
C-0783,O-5274,06/12/2025,17.45,Clothing,Polo Shirt,12/10/2024
C-0592,O-5498,06/12/2025,123.68,Home & Kitchen,Bamboo Cutting Board,06/29/2025
C-1410,O-5791,06/12/2025,126.01,Clothing,Denim Jacket,03/01/2025
C-0075,O-6138,06/12/2025,298.68,Electronics,Webcam,04/01/2025
C-0997,O-1357,06/13/2025,176.77,Sports,Foam Roller,02/08/2025
C-0128,O-1563,06/13/2025,213.75,Sports,Swimming Goggles,10/23/2024
C-2019,O-1891,06/13/2025,22.55,Beauty,Vitamin C Serum,08/18/2024
C-2408,O-1946,06/13/2025,50.17,Sports,Foam Roller,10/12/2025
C-0415,O-2063,06/13/2025,149.87,Home & Kitchen,Non-Stick Pan Set,07/26/2024
C-1453,O-2116,06/13/2025,358.59,Electronics,Mechanical Keyboard,11/03/2025
C-1442,O-2614,06/13/2025,66.49,Clothing,Running Shorts,09/08/2024
C-0041,O-4656,06/13/2025,72.9,Clothing,Linen Shirt,09/19/2024
C-0301,O-5103,06/13/2025,99.88,Home & Kitchen,Blender,12/13/2024
C-1075,O-5116,06/13/2025,395.33,Electronics,Webcam,11/30/2025
C-2050,O-5963,06/13/2025,184.65,Electronics,Mouse Pad,04/01/2025
C-0677,O-6079,06/13/2025,243.25,Electronics,Bluetooth Speaker,09/27/2025
C-1400,O-6826,06/13/2025,129.25,Home & Kitchen,Bamboo Cutting Board,10/03/2025
C-0535,O-1096,06/14/2025,41.38,Home & Kitchen,Insulated Flask,10/26/2024
C-1206,O-1355,06/14/2025,240.04,Sports,Swimming Goggles,10/26/2024
C-2274,O-3268,06/14/2025,217.04,Home & Kitchen,Insulated Flask,11/20/2025
C-0916,O-3367,06/14/2025,128.38,Beauty,Eye Cream,07/09/2024
C-1328,O-3857,06/14/2025,52.76,Clothing,Track Pants,04/29/2025
C-0959,O-4575,06/14/2025,293.14,Electronics,Bluetooth Speaker,11/04/2024
C-0261,O-4992,06/14/2025,36.58,Beauty,Body Lotion,10/11/2024
C-2085,O-5583,06/14/2025,425.14,Electronics,Webcam,08/28/2025
C-0615,O-5689,06/14/2025,202.03,Home & Kitchen,Coffee Maker,10/28/2025
C-2412,O-5893,06/14/2025,278.9,Electronics,HDMI Cable,05/17/2025
C-1309,O-6105,06/14/2025,183.96,Sports,Swimming Goggles,05/14/2025
C-1675,O-6567,06/14/2025,199.86,Electronics,HDMI Cable,07/24/2024
C-1869,O-1224,06/15/2025,166.07,Clothing,Cotton T-Shirt,08/20/2025
C-1318,O-2032,06/15/2025,197.81,Electronics,Smart Watch Band,05/13/2025
C-2021,O-2720,06/15/2025,453.79,Electronics,HDMI Cable,07/26/2025
C-0404,O-4807,06/15/2025,84.63,Clothing,Running Shorts,10/28/2025
C-2383,O-5513,06/15/2025,42.05,Clothing,Cargo Pants,12/11/2024
C-2487,O-6014,06/15/2025,60.48,Electronics,Smart Watch Band,09/28/2024
C-1226,O-6308,06/15/2025,29.56,Clothing,Denim Jacket,09/17/2024
C-1304,O-2031,06/16/2025,100.08,Home & Kitchen,Spice Rack,06/24/2025
C-1756,O-2453,06/16/2025,57.84,Sports,Dumbbell Set,07/20/2024
C-1961,O-4054,06/16/2025,363.4,Electronics,Laptop Stand,07/22/2025
C-1836,O-4886,06/16/2025,186.14,Home & Kitchen,Coffee Maker,08/08/2024
C-1101,O-5161,06/16/2025,75.91,Electronics,Mechanical Keyboard,10/07/2024
C-2178,O-6247,06/16/2025,129.88,Clothing,Denim Jacket,04/14/2025
C-1053,O-6613,06/16/2025,147.88,Electronics,Mouse Pad,08/14/2024
C-0568,O-3123,06/17/2025,209.82,Electronics,Portable Charger,10/14/2025
C-1230,O-3351,06/17/2025,71.2,Clothing,Casual Hoodie,06/25/2025
C-0911,O-3828,06/17/2025,33.91,Clothing,Wool Scarf,04/29/2025
C-0666,O-4500,06/17/2025,65.47,Clothing,Linen Shirt,08/24/2024
C-1124,O-4531,06/17/2025,227.55,Sports,Swimming Goggles,02/17/2025
C-0860,O-5721,06/17/2025,112.67,Electronics,Bluetooth Speaker,02/18/2025
C-1602,O-6729,06/17/2025,69.95,Clothing,Cotton T-Shirt,05/27/2025
C-1986,O-1085,06/18/2025,93.97,Sports,Swimming Goggles,09/03/2025
C-1781,O-1603,06/18/2025,21.87,Sports,Sports Towel,04/12/2025
C-1285,O-1972,06/18/2025,455.09,Electronics,Portable Charger,12/10/2024
C-1729,O-2072,06/18/2025,338.25,Electronics,Webcam,05/23/2025
C-2082,O-2695,06/18/2025,211.07,Sports,Running Armband,01/25/2025
C-0236,O-4234,06/18/2025,88.47,Home & Kitchen,Blender,09/21/2024
C-1389,O-4833,06/18/2025,432.74,Electronics,Mechanical Keyboard,07/29/2024
C-2385,O-6097,06/18/2025,70.76,Clothing,Linen Shirt,09/10/2025
C-1528,O-1722,06/19/2025,112.44,Clothing,Track Pants,07/15/2025
C-1812,O-1974,06/19/2025,118.56,Beauty,Sheet Mask Pack,03/03/2025
C-1993,O-2900,06/19/2025,216.14,Electronics,HDMI Cable,10/01/2025
C-1548,O-3666,06/19/2025,124.4,Home & Kitchen,Coffee Maker,04/19/2025
C-0189,O-4522,06/19/2025,53.0,Home & Kitchen,Knife Set,10/20/2024
C-0046,O-6003,06/19/2025,207.06,Home & Kitchen,Air Purifier,08/16/2024
C-1364,O-6818,06/19/2025,71.92,Beauty,Eye Cream,07/16/2025
C-1723,O-6929,06/19/2025,105.33,Beauty,Sunscreen SPF50,06/07/2025
C-2219,O-1057,06/20/2025,286.52,Home & Kitchen,Non-Stick Pan Set,09/23/2024
C-0145,O-2642,06/20/2025,157.57,Sports,Running Armband,01/22/2025
C-1310,O-2897,06/20/2025,74.67,Beauty,Vitamin C Serum,07/21/2025
C-0698,O-4548,06/20/2025,95.63,Electronics,Laptop Stand,02/23/2025
C-1341,O-4723,06/20/2025,208.03,Home & Kitchen,Bamboo Cutting Board,07/09/2025
C-0462,O-6088,06/20/2025,258.72,Electronics,Smart Watch Band,11/19/2024
C-1426,O-1352,06/21/2025,72.05,Sports,Dumbbell Set,06/27/2025
C-1942,O-1729,06/21/2025,68.93,Clothing,Cotton T-Shirt,07/04/2024
C-1870,O-2134,06/21/2025,132.55,Home & Kitchen,Bamboo Cutting Board,09/11/2025
C-1035,O-2347,06/21/2025,98.18,Beauty,Body Lotion,07/02/2025
C-0006,O-2360,06/21/2025,114.25,Home & Kitchen,Insulated Flask,11/20/2024
C-1864,O-2573,06/21/2025,107.3,Clothing,Cotton T-Shirt,07/15/2024
C-1778,O-2836,06/21/2025,82.05,Home & Kitchen,Bamboo Cutting Board,11/08/2025
C-2473,O-4041,06/21/2025,54.12,Electronics,Wireless Earbuds,10/25/2024
C-0750,O-4173,06/21/2025,79.71,Sports,Sports Towel,10/16/2024
C-2498,O-4404,06/21/2025,44.88,Beauty,Hair Oil,08/30/2024
C-0435,O-4520,06/21/2025,17.7,Clothing,Casual Hoodie,03/13/2025
C-0075,O-4757,06/21/2025,149.01,Beauty,Sunscreen SPF50,04/01/2025
C-0682,O-5074,06/21/2025,222.59,Electronics,Laptop Stand,10/10/2024
C-0016,O-5659,06/21/2025,36.94,Sports,Water Bottle,07/28/2024
C-0688,O-5876,06/21/2025,222.68,Electronics,HDMI Cable,03/03/2025
C-1224,O-6699,06/21/2025,116.12,Home & Kitchen,Storage Containers,06/07/2025
C-0765,O-1436,06/22/2025,65.94,Clothing,Polo Shirt,07/02/2024
C-1137,O-1788,06/22/2025,159.45,Clothing,Track Pants,08/15/2025
C-1940,O-2248,06/22/2025,20.06,Beauty,Sheet Mask Pack,08/10/2025
C-2379,O-2618,06/22/2025,43.58,Home & Kitchen,Knife Set,10/20/2024
C-1644,O-3087,06/22/2025,128.26,Beauty,Vitamin C Serum,05/17/2025
C-1862,O-3602,06/22/2025,98.13,Clothing,Casual Hoodie,03/21/2025
C-2404,O-3902,06/22/2025,108.27,Home & Kitchen,Coffee Maker,01/08/2025
C-1137,O-4180,06/22/2025,445.23,Electronics,Wireless Earbuds,08/15/2025
C-1740,O-5311,06/22/2025,152.28,Sports,Yoga Mat,10/21/2024
C-0609,O-6641,06/22/2025,155.23,Home & Kitchen,Blender,04/28/2025
C-1543,O-1159,06/23/2025,101.34,Clothing,Casual Hoodie,10/29/2024
C-2243,O-1999,06/23/2025,237.91,Electronics,Wireless Earbuds,09/30/2024
C-0245,O-2398,06/23/2025,69.52,Clothing,Running Shorts,09/22/2024
C-0442,O-3134,06/23/2025,167.58,Home & Kitchen,Blender,11/29/2025
C-2079,O-4437,06/23/2025,135.26,Electronics,Laptop Stand,10/09/2024
C-0462,O-4636,06/23/2025,486.2,Electronics,Mechanical Keyboard,11/19/2024
C-1594,O-4936,06/23/2025,102.34,Electronics,Portable Charger,09/17/2025
C-0213,O-5617,06/23/2025,258.41,Home & Kitchen,Spice Rack,08/30/2024
C-2013,O-5687,06/23/2025,197.28,Home & Kitchen,Non-Stick Pan Set,05/04/2025
C-0804,O-6429,06/23/2025,130.1,Beauty,Sheet Mask Pack,11/17/2024
C-0463,O-6648,06/23/2025,71.71,Beauty,Lip Balm Set,12/02/2024
C-1729,O-6687,06/23/2025,196.52,Clothing,Denim Jacket,05/23/2025
C-0278,O-1108,06/24/2025,374.19,Electronics,Bluetooth Speaker,11/15/2024
C-1953,O-6893,06/24/2025,137.22,Electronics,Wireless Earbuds,04/20/2025
C-1573,O-1024,06/25/2025,201.95,Sports,Gym Bag,07/05/2025
C-1688,O-1823,06/25/2025,161.43,Electronics,Webcam,04/19/2025
C-2297,O-2825,06/25/2025,305.68,Electronics,Mouse Pad,04/25/2025
C-2405,O-3355,06/25/2025,248.77,Sports,Foam Roller,07/10/2025
C-1849,O-4959,06/25/2025,135.45,Beauty,Face Wash,06/09/2025
C-1824,O-5937,06/25/2025,84.21,Electronics,Bluetooth Speaker,07/06/2024
C-1847,O-6403,06/25/2025,366.27,Electronics,Bluetooth Speaker,05/02/2025
C-0116,O-1092,06/26/2025,52.68,Sports,Sports Towel,11/25/2025
C-2376,O-1773,06/26/2025,29.17,Beauty,Moisturizer,10/26/2024
C-2173,O-2508,06/26/2025,48.28,Clothing,Denim Jacket,02/02/2025
C-1855,O-2544,06/26/2025,87.83,Electronics,HDMI Cable,10/23/2025
C-1507,O-2650,06/26/2025,463.13,Electronics,Mechanical Keyboard,06/27/2025
C-1567,O-4786,06/26/2025,65.78,Beauty,Face Wash,11/02/2024
C-1871,O-6695,06/26/2025,162.96,Clothing,Denim Jacket,06/01/2025
C-1578,O-2392,06/27/2025,104.04,Clothing,Cargo Pants,09/06/2024
C-0819,O-2506,06/27/2025,98.14,Clothing,Denim Jacket,07/22/2025
C-0056,O-2564,06/27/2025,179.9,Clothing,Wool Scarf,12/14/2024
C-0067,O-2687,06/27/2025,190.16,Home & Kitchen,Non-Stick Pan Set,04/03/2025
C-0245,O-3260,06/27/2025,239.18,Sports,Resistance Bands,09/22/2024
C-0806,O-5131,06/27/2025,61.24,Beauty,Sunscreen SPF50,04/09/2025
C-1568,O-5212,06/27/2025,119.26,Electronics,Bluetooth Speaker,01/22/2025
C-0937,O-5705,06/27/2025,198.24,Home & Kitchen,Knife Set,12/27/2024
C-0979,O-5724,06/27/2025,298.28,Home & Kitchen,Bamboo Cutting Board,05/08/2025
C-0338,O-6284,06/27/2025,58.95,Electronics,Smart Watch Band,10/25/2025
C-1341,O-6497,06/27/2025,18.39,Clothing,Cotton T-Shirt,07/09/2025
C-2127,O-6546,06/27/2025,81.87,Beauty,Vitamin C Serum,11/07/2025
C-1212,O-6748,06/27/2025,150.72,Sports,Gym Bag,07/06/2025
C-2356,O-1549,06/28/2025,149.41,Sports,Sports Towel,04/29/2025
C-1359,O-1562,06/28/2025,176.21,Electronics,USB-C Hub,01/21/2025
C-2079,O-1980,06/28/2025,251.93,Electronics,Bluetooth Speaker,10/09/2024
C-1223,O-2312,06/28/2025,450.59,Electronics,Laptop Stand,02/12/2025
C-0478,O-2732,06/28/2025,111.83,Beauty,Lip Balm Set,07/21/2024
C-1675,O-2975,06/28/2025,293.12,Home & Kitchen,Air Purifier,07/24/2024
C-0814,O-3052,06/28/2025,119.13,Clothing,Running Shorts,11/30/2024
C-1093,O-3417,06/28/2025,13.21,Beauty,Vitamin C Serum,07/19/2025
C-2129,O-3457,06/28/2025,110.57,Beauty,Eye Cream,07/17/2024
C-0910,O-4304,06/28/2025,240.45,Electronics,Webcam,07/03/2025
C-0700,O-4498,06/28/2025,63.05,Home & Kitchen,Coffee Maker,04/16/2025
C-0369,O-5231,06/28/2025,244.24,Sports,Sports Towel,01/11/2025
C-0986,O-5794,06/28/2025,152.3,Clothing,Running Shorts,10/08/2025
C-1950,O-6848,06/28/2025,76.45,Beauty,Vitamin C Serum,09/09/2024
C-0911,O-1170,06/29/2025,239.21,Electronics,Portable Charger,04/29/2025
C-1166,O-1386,06/29/2025,105.19,Clothing,Track Pants,06/19/2025
C-1442,O-1497,06/29/2025,298.9,Home & Kitchen,LED Desk Lamp,09/08/2024
C-1394,O-1954,06/29/2025,47.45,Beauty,Perfume Roll-On,11/18/2024
C-1050,O-2066,06/29/2025,97.26,Clothing,Linen Shirt,10/06/2025
C-1944,O-2805,06/29/2025,73.64,Clothing,Track Pants,09/13/2024
C-0821,O-3003,06/29/2025,31.36,Beauty,Eye Cream,05/26/2025
C-0890,O-3008,06/29/2025,105.4,Electronics,Mouse Pad,10/14/2025
C-2412,O-3990,06/29/2025,166.39,Electronics,Bluetooth Speaker,05/17/2025
C-1032,O-4426,06/29/2025,380.85,Electronics,Laptop Stand,07/27/2024
C-0517,O-5507,06/29/2025,26.96,Beauty,Lip Balm Set,09/05/2025
C-1017,O-1071,06/30/2025,140.28,Clothing,Cotton T-Shirt,11/06/2024
C-1395,O-3722,06/30/2025,279.08,Electronics,Mechanical Keyboard,08/09/2024
C-2444,O-4523,06/30/2025,275.57,Home & Kitchen,Non-Stick Pan Set,05/19/2025
C-1245,O-4863,06/30/2025,132.53,Sports,Sports Towel,05/20/2025
C-1372,O-5327,06/30/2025,200.82,Home & Kitchen,Air Purifier,11/28/2024
C-1665,O-6049,06/30/2025,117.45,Beauty,Sunscreen SPF50,12/11/2024
C-1958,O-1095,07/01/2024,52.27,Clothing,Linen Shirt,07/19/2025
C-1627,O-1460,07/01/2024,188.83,Home & Kitchen,Bamboo Cutting Board,04/23/2025
C-0570,O-1600,07/01/2024,73.42,Beauty,Vitamin C Serum,09/19/2025
C-1443,O-2578,07/01/2024,207.6,Electronics,USB-C Hub,06/19/2025
C-1887,O-2852,07/01/2024,267.81,Home & Kitchen,LED Desk Lamp,05/06/2025
C-2471,O-3031,07/01/2024,181.42,Clothing,Polo Shirt,11/20/2025
C-0440,O-3315,07/01/2024,17.0,Beauty,Eye Cream,05/21/2025
C-0772,O-3345,07/01/2024,121.99,Beauty,Perfume Roll-On,09/26/2025
C-0863,O-3482,07/01/2024,217.53,Sports,Jump Rope,10/09/2024
C-2495,O-5068,07/01/2024,70.38,Beauty,Body Lotion,11/20/2024
C-0937,O-5333,07/01/2024,191.99,Clothing,Casual Hoodie,12/27/2024
C-2255,O-5674,07/01/2024,122.99,Clothing,Linen Shirt,07/25/2025
C-1335,O-5901,07/01/2024,174.28,Home & Kitchen,Coffee Maker,12/14/2024
C-0365,O-6935,07/01/2024,133.34,Electronics,Laptop Stand,05/18/2025
C-1293,O-6981,07/01/2024,33.43,Beauty,Moisturizer,06/08/2025
C-2302,O-1101,07/01/2025,416.5,Electronics,Smart Watch Band,04/14/2025
C-1356,O-1287,07/01/2025,95.02,Electronics,Webcam,11/27/2025
C-1827,O-1747,07/01/2025,323.67,Electronics,Wireless Earbuds,10/31/2025
C-0555,O-1768,07/01/2025,212.52,Electronics,Portable Charger,08/12/2024
C-0434,O-2160,07/01/2025,89.4,Clothing,Cotton T-Shirt,08/21/2024
C-1155,O-2384,07/01/2025,103.26,Electronics,Laptop Stand,08/20/2024
C-0581,O-2567,07/01/2025,121.85,Clothing,Casual Hoodie,10/05/2025
C-1030,O-3074,07/01/2025,370.89,Electronics,Bluetooth Speaker,12/26/2024
C-1476,O-3292,07/01/2025,78.56,Clothing,Cargo Pants,11/05/2024
C-1286,O-4171,07/01/2025,11.48,Beauty,Moisturizer,07/08/2025
C-0192,O-4290,07/01/2025,140.54,Beauty,Body Lotion,01/11/2025
C-0880,O-4553,07/01/2025,71.37,Beauty,Face Wash,12/22/2024
C-2083,O-5177,07/01/2025,267.84,Home & Kitchen,Knife Set,07/15/2025
C-1094,O-5287,07/01/2025,63.73,Clothing,Formal Shirt,12/04/2024
C-2345,O-5301,07/01/2025,278.43,Home & Kitchen,Coffee Maker,02/12/2025
C-2325,O-5326,07/01/2025,270.75,Home & Kitchen,Knife Set,11/03/2025
C-2390,O-5369,07/01/2025,336.5,Electronics,Mouse Pad,01/07/2025
C-2335,O-6536,07/01/2025,126.89,Sports,Sports Towel,12/18/2024
C-2209,O-1327,07/02/2024,83.09,Beauty,Sheet Mask Pack,02/19/2025
C-1558,O-2236,07/02/2024,114.09,Clothing,Linen Shirt,05/24/2025
C-1941,O-2559,07/02/2024,102.43,Clothing,Casual Hoodie,03/18/2025
C-0917,O-3755,07/02/2024,245.41,Electronics,HDMI Cable,08/20/2024
C-0517,O-4209,07/02/2024,40.89,Sports,Resistance Bands,09/05/2025
C-0205,O-4349,07/02/2024,258.92,Electronics,HDMI Cable,10/04/2024
C-2253,O-4476,07/02/2024,178.5,Sports,Swimming Goggles,03/06/2025
C-2295,O-4619,07/02/2024,53.72,Electronics,Webcam,08/12/2025
C-0846,O-6508,07/02/2024,459.45,Electronics,Portable Charger,09/15/2024
C-0445,O-6881,07/02/2024,105.6,Beauty,Lip Balm Set,12/10/2024
C-1643,O-6980,07/02/2024,282.03,Electronics,Webcam,11/25/2024
C-2196,O-1068,07/02/2025,123.94,Sports,Water Bottle,06/20/2025
C-0433,O-1454,07/02/2025,267.78,Home & Kitchen,Knife Set,10/19/2025
C-1152,O-2039,07/02/2025,331.36,Electronics,Smart Watch Band,08/23/2024
C-0649,O-2612,07/02/2025,53.99,Clothing,Track Pants,11/15/2025
C-2004,O-3013,07/02/2025,139.16,Home & Kitchen,Insulated Flask,04/23/2025
C-1729,O-3350,07/02/2025,216.9,Home & Kitchen,Non-Stick Pan Set,05/23/2025
C-1287,O-3771,07/02/2025,80.72,Home & Kitchen,Air Purifier,07/17/2025
C-1017,O-4006,07/02/2025,201.03,Home & Kitchen,Blender,11/06/2024
C-2317,O-4357,07/02/2025,150.23,Electronics,Mechanical Keyboard,05/07/2025
C-0848,O-5635,07/02/2025,126.02,Clothing,Denim Jacket,03/29/2025
C-2155,O-5669,07/02/2025,445.59,Electronics,Mechanical Keyboard,05/04/2025
C-1287,O-6315,07/02/2025,180.42,Clothing,Denim Jacket,07/17/2025
C-0952,O-6967,07/02/2025,317.69,Electronics,Mechanical Keyboard,02/17/2025
C-0548,O-2033,07/03/2024,272.9,Home & Kitchen,Non-Stick Pan Set,08/11/2025
C-0873,O-2309,07/03/2024,133.25,Home & Kitchen,Blender,07/03/2025
C-1931,O-4382,07/03/2024,291.98,Home & Kitchen,Knife Set,08/26/2024
C-1521,O-5175,07/03/2024,126.26,Beauty,Sheet Mask Pack,02/27/2025
C-0308,O-5441,07/03/2024,177.35,Electronics,Laptop Stand,08/06/2024
C-1267,O-5516,07/03/2024,299.31,Home & Kitchen,Blender,08/12/2024
C-1620,O-6074,07/03/2024,158.7,Clothing,Linen Shirt,09/22/2024
C-2406,O-6391,07/03/2024,22.13,Clothing,Polo Shirt,05/30/2025
C-0105,O-6564,07/03/2024,55.31,Clothing,Track Pants,07/12/2024
C-1949,O-1167,07/03/2025,170.52,Clothing,Running Shorts,08/31/2024
C-2008,O-1187,07/03/2025,142.73,Beauty,Vitamin C Serum,02/28/2025
C-2193,O-1661,07/03/2025,89.11,Clothing,Formal Shirt,11/21/2024
C-0796,O-1698,07/03/2025,97.26,Sports,Water Bottle,08/30/2025
C-0075,O-1951,07/03/2025,104.77,Beauty,Hair Oil,04/01/2025
C-0429,O-2841,07/03/2025,32.23,Beauty,Moisturizer,10/18/2024
C-1816,O-4633,07/03/2025,188.43,Sports,Water Bottle,02/24/2025
C-2063,O-4907,07/03/2025,77.83,Home & Kitchen,Storage Containers,10/29/2024
C-2411,O-6029,07/03/2025,76.39,Beauty,Sheet Mask Pack,11/14/2025
C-0488,O-6514,07/03/2025,344.39,Electronics,Wireless Earbuds,02/10/2025
C-0770,O-2220,07/04/2024,23.82,Sports,Gym Bag,07/06/2025
C-0878,O-2740,07/04/2024,118.18,Clothing,Polo Shirt,08/26/2025
C-0915,O-3275,07/04/2024,104.27,Clothing,Linen Shirt,04/08/2025
C-1033,O-3598,07/04/2024,26.36,Clothing,Running Shorts,11/12/2024
C-2486,O-4625,07/04/2024,164.06,Home & Kitchen,Air Purifier,06/22/2025
C-0826,O-5238,07/04/2024,170.23,Clothing,Running Shorts,08/25/2025
C-1645,O-6165,07/04/2024,240.55,Electronics,Bluetooth Speaker,05/23/2025
C-0148,O-1348,07/04/2025,489.04,Electronics,Wireless Earbuds,07/18/2025
C-1765,O-2568,07/04/2025,137.23,Electronics,Bluetooth Speaker,10/26/2025
C-1338,O-2691,07/04/2025,181.02,Clothing,Cargo Pants,09/22/2025
C-1414,O-3434,07/04/2025,95.71,Clothing,Polo Shirt,03/02/2025
C-2391,O-6191,07/04/2025,122.38,Beauty,Face Wash,09/16/2025
C-0960,O-6423,07/04/2025,444.4,Electronics,Wireless Earbuds,10/09/2025
C-0284,O-6727,07/04/2025,99.27,Beauty,Sheet Mask Pack,04/15/2025
C-0238,O-1178,07/05/2024,155.82,Clothing,Casual Hoodie,09/09/2024
C-0640,O-1742,07/05/2024,244.39,Sports,Swimming Goggles,12/31/2024
C-0704,O-1791,07/05/2024,232.57,Sports,Resistance Bands,03/28/2025
C-2451,O-2153,07/05/2024,395.2,Electronics,Mechanical Keyboard,01/16/2025
C-1087,O-3536,07/05/2024,86.0,Home & Kitchen,Non-Stick Pan Set,08/30/2025
C-2410,O-3578,07/05/2024,69.14,Electronics,Mouse Pad,03/26/2025
C-0121,O-5044,07/05/2024,51.65,Beauty,Face Wash,12/04/2024
C-0540,O-5056,07/05/2024,160.7,Electronics,Laptop Stand,12/19/2024
C-0681,O-5393,07/05/2024,143.35,Sports,Dumbbell Set,08/31/2024
C-1521,O-5558,07/05/2024,181.72,Electronics,Webcam,02/27/2025
C-1415,O-5717,07/05/2024,78.55,Electronics,Wireless Earbuds,09/03/2025
C-1544,O-6652,07/05/2024,58.09,Beauty,Hair Oil,03/26/2025
C-0050,O-1030,07/05/2025,108.97,Sports,Jump Rope,02/24/2025
C-0814,O-1426,07/05/2025,146.26,Beauty,Lip Balm Set,11/30/2024
C-0230,O-1751,07/05/2025,83.38,Clothing,Cargo Pants,08/28/2024
C-1241,O-1931,07/05/2025,246.28,Home & Kitchen,Knife Set,11/18/2025
C-1700,O-1964,07/05/2025,66.69,Home & Kitchen,LED Desk Lamp,01/16/2025
C-1286,O-2988,07/05/2025,191.87,Sports,Foam Roller,07/08/2025
C-0978,O-3079,07/05/2025,141.0,Home & Kitchen,Blender,08/08/2024
C-1243,O-3310,07/05/2025,119.87,Clothing,Casual Hoodie,10/03/2025
C-0833,O-3719,07/05/2025,31.35,Clothing,Linen Shirt,11/20/2025
C-0288,O-4655,07/05/2025,312.53,Electronics,HDMI Cable,03/28/2025
C-0216,O-4921,07/05/2025,27.35,Clothing,Running Shorts,07/03/2024
C-1665,O-6840,07/05/2025,81.33,Electronics,Bluetooth Speaker,12/11/2024
C-0172,O-1281,07/06/2024,172.72,Home & Kitchen,Knife Set,10/28/2025
C-0775,O-1332,07/06/2024,183.95,Home & Kitchen,Non-Stick Pan Set,03/31/2025
C-1104,O-1907,07/06/2024,136.39,Clothing,Cotton T-Shirt,08/31/2024
C-0074,O-1929,07/06/2024,46.77,Clothing,Cotton T-Shirt,08/15/2025
C-2345,O-1981,07/06/2024,164.0,Clothing,Casual Hoodie,02/12/2025
C-1983,O-2496,07/06/2024,466.96,Electronics,Portable Charger,01/10/2025
C-1511,O-2527,07/06/2024,79.73,Sports,Yoga Mat,09/15/2024
C-1533,O-2855,07/06/2024,33.48,Clothing,Wool Scarf,07/11/2025
C-1709,O-2974,07/06/2024,17.74,Beauty,Sheet Mask Pack,11/09/2024
C-1671,O-3583,07/06/2024,183.59,Home & Kitchen,Bamboo Cutting Board,10/22/2025
C-1246,O-3726,07/06/2024,119.23,Beauty,Body Lotion,12/02/2024
C-0805,O-3904,07/06/2024,47.73,Home & Kitchen,Spice Rack,09/10/2024
C-2267,O-4117,07/06/2024,61.6,Beauty,Eye Cream,09/05/2025
C-1147,O-4133,07/06/2024,284.08,Electronics,Mouse Pad,12/09/2024
C-2057,O-4997,07/06/2024,191.46,Clothing,Cargo Pants,01/30/2025
C-1754,O-5367,07/06/2024,280.4,Electronics,Smart Watch Band,10/21/2024
C-0912,O-5452,07/06/2024,137.13,Sports,Running Armband,04/29/2025
C-0421,O-5454,07/06/2024,234.13,Electronics,Mechanical Keyboard,08/29/2025
C-1229,O-6060,07/06/2024,441.71,Electronics,Laptop Stand,06/23/2025
C-1373,O-6806,07/06/2024,36.11,Beauty,Body Lotion,09/21/2025
C-1333,O-1373,07/06/2025,76.47,Home & Kitchen,Bamboo Cutting Board,07/21/2025
C-0038,O-2254,07/06/2025,53.04,Home & Kitchen,Blender,10/14/2025
C-0256,O-2448,07/06/2025,39.88,Beauty,Body Lotion,10/12/2025
C-2025,O-2491,07/06/2025,109.88,Sports,Water Bottle,11/30/2024
C-1680,O-2703,07/06/2025,277.54,Electronics,HDMI Cable,03/04/2025
C-1794,O-3092,07/06/2025,55.19,Beauty,Vitamin C Serum,07/24/2025
C-0672,O-3546,07/06/2025,189.27,Electronics,Portable Charger,10/30/2024
C-2468,O-3743,07/06/2025,63.09,Home & Kitchen,Storage Containers,04/22/2025
C-1038,O-4058,07/06/2025,16.6,Beauty,Face Wash,07/17/2024
C-1483,O-4246,07/06/2025,179.12,Electronics,Smart Watch Band,01/08/2025
C-0185,O-4328,07/06/2025,28.45,Clothing,Linen Shirt,10/09/2024
C-2396,O-5947,07/06/2025,21.01,Beauty,Sunscreen SPF50,09/13/2025
C-1999,O-6098,07/06/2025,170.33,Sports,Resistance Bands,02/25/2025
C-1542,O-6266,07/06/2025,182.24,Clothing,Wool Scarf,08/01/2025
C-0159,O-6766,07/06/2025,122.24,Home & Kitchen,Air Purifier,07/08/2024
C-2191,O-1274,07/07/2024,42.39,Home & Kitchen,Blender,06/05/2025
C-0331,O-1681,07/07/2024,368.03,Electronics,Bluetooth Speaker,08/26/2025
C-0558,O-4201,07/07/2024,192.17,Clothing,Wool Scarf,07/15/2025
C-0685,O-4491,07/07/2024,168.73,Home & Kitchen,Storage Containers,03/28/2025
C-1281,O-4540,07/07/2024,194.35,Clothing,Denim Jacket,08/10/2024
C-1064,O-4828,07/07/2024,142.15,Clothing,Cotton T-Shirt,09/14/2024
C-1875,O-4986,07/07/2024,192.96,Home & Kitchen,Bamboo Cutting Board,01/06/2025
C-1985,O-5017,07/07/2024,381.1,Electronics,Wireless Earbuds,08/02/2024
C-1190,O-5059,07/07/2024,105.79,Clothing,Formal Shirt,07/25/2025
C-0594,O-1857,07/07/2025,166.95,Clothing,Wool Scarf,06/14/2025
C-0028,O-2079,07/07/2025,63.51,Electronics,Laptop Stand,02/06/2025
C-0071,O-2397,07/07/2025,278.25,Home & Kitchen,Air Purifier,02/20/2025
C-0271,O-3206,07/07/2025,185.45,Home & Kitchen,Insulated Flask,04/18/2025
C-2072,O-3493,07/07/2025,92.57,Clothing,Cargo Pants,10/21/2025
C-0411,O-3571,07/07/2025,395.6,Electronics,Portable Charger,05/14/2025
C-1067,O-3871,07/07/2025,158.05,Home & Kitchen,Bamboo Cutting Board,11/29/2024
C-0179,O-4140,07/07/2025,73.96,Electronics,Mouse Pad,09/15/2025
C-0194,O-4551,07/07/2025,62.79,Clothing,Denim Jacket,11/21/2024
C-0690,O-4911,07/07/2025,174.52,Clothing,Casual Hoodie,09/15/2024
C-1460,O-5986,07/07/2025,478.52,Electronics,Wireless Earbuds,01/23/2025
C-1691,O-6453,07/07/2025,36.15,Sports,Running Armband,09/15/2025
C-2169,O-6923,07/07/2025,224.6,Home & Kitchen,Bamboo Cutting Board,06/05/2025
C-2477,O-1615,07/08/2024,220.84,Home & Kitchen,LED Desk Lamp,09/25/2025
C-0779,O-2303,07/08/2024,231.16,Home & Kitchen,Storage Containers,11/09/2025
C-1997,O-2315,07/08/2024,151.74,Electronics,Portable Charger,08/16/2025
C-0624,O-3303,07/08/2024,84.73,Sports,Sports Towel,02/22/2025
C-0754,O-3523,07/08/2024,143.6,Beauty,Vitamin C Serum,11/20/2025
C-0248,O-4606,07/08/2024,113.48,Home & Kitchen,Storage Containers,03/25/2025
C-1927,O-5100,07/08/2024,82.22,Clothing,Formal Shirt,01/27/2025
C-2241,O-5144,07/08/2024,24.1,Clothing,Polo Shirt,10/14/2024
C-1468,O-5509,07/08/2024,238.09,Electronics,Wireless Earbuds,03/17/2025
C-1886,O-6248,07/08/2024,375.07,Electronics,Wireless Earbuds,06/03/2025
C-0328,O-6715,07/08/2024,57.1,Clothing,Track Pants,07/26/2024
C-1057,O-1587,07/08/2025,160.92,Clothing,Wool Scarf,09/01/2024
C-1227,O-1830,07/08/2025,134.3,Sports,Water Bottle,10/25/2024
C-1668,O-1849,07/08/2025,134.15,Home & Kitchen,Coffee Maker,01/11/2025
C-2175,O-3568,07/08/2025,382.38,Electronics,Portable Charger,04/04/2025
C-0353,O-3836,07/08/2025,89.69,Electronics,Portable Charger,06/25/2025
C-0298,O-4112,07/08/2025,242.94,Electronics,Smart Watch Band,06/07/2025
C-0328,O-4161,07/08/2025,67.38,Sports,Jump Rope,07/26/2024
C-2029,O-4866,07/08/2025,33.75,Beauty,Moisturizer,10/28/2025
C-1879,O-5020,07/08/2025,298.09,Electronics,USB-C Hub,03/12/2025
C-0012,O-5106,07/08/2025,112.04,Electronics,Wireless Earbuds,10/04/2024
C-0714,O-5363,07/08/2025,479.91,Electronics,Mechanical Keyboard,12/17/2024
C-1815,O-6293,07/08/2025,142.45,Beauty,Face Wash,02/17/2025
C-1905,O-1491,07/09/2024,348.34,Electronics,Portable Charger,11/14/2024
C-0044,O-1643,07/09/2024,67.57,Beauty,Moisturizer,01/13/2025
C-1592,O-1861,07/09/2024,233.33,Sports,Running Armband,01/03/2025
C-2446,O-2326,07/09/2024,67.21,Clothing,Formal Shirt,08/24/2024
C-2298,O-2440,07/09/2024,180.8,Electronics,Bluetooth Speaker,11/15/2025
C-0338,O-3501,07/09/2024,271.69,Electronics,Mechanical Keyboard,10/25/2025
C-1741,O-4843,07/09/2024,134.23,Electronics,USB-C Hub,08/31/2025
C-1778,O-5111,07/09/2024,150.22,Clothing,Running Shorts,11/08/2025
C-1562,O-5573,07/09/2024,94.92,Beauty,Face Wash,05/04/2025
C-1002,O-5661,07/09/2024,79.61,Beauty,Sheet Mask Pack,10/10/2024
C-1965,O-5889,07/09/2024,413.0,Electronics,Mechanical Keyboard,06/22/2025
C-1525,O-1376,07/09/2025,73.1,Beauty,Face Wash,08/03/2024
C-2192,O-2872,07/09/2025,491.33,Electronics,USB-C Hub,07/29/2025
C-0693,O-3220,07/09/2025,81.88,Beauty,Lip Balm Set,08/23/2025
C-0064,O-3793,07/09/2025,85.69,Beauty,Sheet Mask Pack,12/15/2024
C-1012,O-5599,07/09/2025,153.06,Sports,Water Bottle,02/03/2025
C-2204,O-5972,07/09/2025,159.46,Home & Kitchen,Coffee Maker,05/31/2025
C-1790,O-6125,07/09/2025,132.2,Home & Kitchen,Air Purifier,06/23/2025
C-0305,O-6319,07/09/2025,43.24,Beauty,Sheet Mask Pack,10/23/2024
C-2300,O-1262,07/10/2024,250.55,Electronics,Laptop Stand,05/30/2025
C-1620,O-2239,07/10/2024,111.88,Home & Kitchen,Spice Rack,09/22/2024
C-0749,O-4162,07/10/2024,282.65,Home & Kitchen,Storage Containers,05/25/2025
C-1783,O-4501,07/10/2024,134.12,Beauty,Face Wash,02/16/2025
C-1968,O-4791,07/10/2024,70.89,Electronics,Laptop Stand,08/07/2025
C-1055,O-4831,07/10/2024,91.13,Clothing,Wool Scarf,10/13/2025
C-0539,O-6320,07/10/2024,74.15,Beauty,Moisturizer,07/13/2025
C-1935,O-6882,07/10/2024,127.99,Beauty,Eye Cream,10/11/2025
C-0609,O-1298,07/10/2025,150.65,Clothing,Linen Shirt,04/28/2025
C-1551,O-1308,07/10/2025,167.08,Home & Kitchen,Coffee Maker,11/03/2024
C-0372,O-1662,07/10/2025,47.13,Home & Kitchen,Insulated Flask,09/20/2025
C-2193,O-3735,07/10/2025,93.26,Home & Kitchen,Blender,11/21/2024
C-0765,O-4259,07/10/2025,171.2,Home & Kitchen,Insulated Flask,07/02/2024
C-1608,O-5078,07/10/2025,464.82,Electronics,Bluetooth Speaker,01/18/2025
C-2041,O-5292,07/10/2025,126.26,Clothing,Running Shorts,03/19/2025
C-0438,O-5592,07/10/2025,93.49,Clothing,Cargo Pants,11/14/2024
C-1732,O-5943,07/10/2025,461.2,Electronics,USB-C Hub,05/03/2025
C-1717,O-6610,07/10/2025,40.41,Clothing,Wool Scarf,08/16/2025
C-1799,O-1346,07/11/2024,178.7,Electronics,HDMI Cable,08/13/2024
C-2456,O-2062,07/11/2024,162.11,Clothing,Polo Shirt,11/16/2025
C-0196,O-2525,07/11/2024,437.62,Electronics,Laptop Stand,01/04/2025
C-0536,O-3224,07/11/2024,108.25,Home & Kitchen,Non-Stick Pan Set,02/09/2025
C-0804,O-4228,07/11/2024,60.08,Home & Kitchen,Non-Stick Pan Set,11/17/2024
C-0681,O-4436,07/11/2024,105.64,Beauty,Eye Cream,08/31/2024
C-2235,O-4867,07/11/2024,180.39,Home & Kitchen,Coffee Maker,11/13/2024
C-1453,O-4895,07/11/2024,53.83,Clothing,Formal Shirt,11/03/2025
C-1216,O-5988,07/11/2024,31.27,Clothing,Track Pants,03/07/2025
C-2348,O-6147,07/11/2024,120.16,Sports,Foam Roller,08/05/2025
C-2376,O-6197,07/11/2024,288.08,Home & Kitchen,Bamboo Cutting Board,10/26/2024
C-2132,O-6218,07/11/2024,207.53,Electronics,Laptop Stand,07/13/2024
C-1079,O-1438,07/11/2025,85.12,Clothing,Track Pants,02/06/2025
C-0526,O-1821,07/11/2025,19.98,Clothing,Linen Shirt,08/11/2024
C-0694,O-2821,07/11/2025,92.03,Clothing,Cargo Pants,10/05/2025
C-1103,O-3436,07/11/2025,130.06,Sports,Dumbbell Set,11/11/2024
C-0837,O-3635,07/11/2025,254.56,Home & Kitchen,Bamboo Cutting Board,06/05/2025
C-0176,O-3715,07/11/2025,90.35,Home & Kitchen,Insulated Flask,01/11/2025
C-0532,O-3862,07/11/2025,138.69,Beauty,Vitamin C Serum,03/02/2025
C-2198,O-4396,07/11/2025,57.26,Sports,Jump Rope,10/09/2024
C-0593,O-6096,07/11/2025,147.12,Sports,Gym Bag,03/22/2025
C-0162,O-6649,07/11/2025,157.26,Electronics,Webcam,02/20/2025
C-1529,O-1280,07/12/2024,63.88,Home & Kitchen,Storage Containers,07/16/2025
C-0870,O-1554,07/12/2024,94.96,Home & Kitchen,Bamboo Cutting Board,05/29/2025
C-1305,O-2511,07/12/2024,152.98,Home & Kitchen,LED Desk Lamp,05/14/2025
C-1863,O-2869,07/12/2024,93.15,Clothing,Cargo Pants,01/07/2025
C-1322,O-3042,07/12/2024,260.86,Home & Kitchen,Spice Rack,11/10/2025
C-1342,O-3065,07/12/2024,110.57,Home & Kitchen,Storage Containers,03/01/2025
C-1426,O-4193,07/12/2024,493.42,Electronics,Webcam,06/27/2025
C-0528,O-5035,07/12/2024,28.44,Clothing,Cargo Pants,03/11/2025
C-2109,O-5672,07/12/2024,148.08,Home & Kitchen,LED Desk Lamp,11/13/2025
C-1826,O-6912,07/12/2024,154.95,Electronics,Webcam,08/21/2025
C-0032,O-6990,07/12/2024,285.68,Home & Kitchen,Blender,07/25/2025
C-1852,O-1724,07/12/2025,36.37,Beauty,Sunscreen SPF50,11/18/2025
C-1824,O-2261,07/12/2025,87.19,Electronics,Bluetooth Speaker,07/06/2024
C-2020,O-2607,07/12/2025,131.1,Home & Kitchen,Knife Set,06/18/2025
C-2495,O-3452,07/12/2025,152.16,Home & Kitchen,Bamboo Cutting Board,11/20/2024
C-0062,O-4107,07/12/2025,70.19,Beauty,Lip Balm Set,12/23/2024
C-1275,O-5280,07/12/2025,68.12,Sports,Swimming Goggles,10/05/2025
C-2100,O-5533,07/12/2025,30.5,Clothing,Polo Shirt,06/11/2025
C-0850,O-5904,07/12/2025,183.26,Home & Kitchen,Knife Set,08/12/2025
C-0684,O-6034,07/12/2025,102.9,Beauty,Perfume Roll-On,02/02/2025
C-1934,O-6625,07/12/2025,153.21,Home & Kitchen,Air Purifier,08/30/2025
C-1080,O-6789,07/12/2025,29.17,Clothing,Polo Shirt,09/14/2025
C-1961,O-6901,07/12/2025,368.64,Electronics,Laptop Stand,07/22/2025
C-0035,O-1372,07/13/2024,184.78,Home & Kitchen,Knife Set,06/18/2025
C-1037,O-1534,07/13/2024,115.55,Clothing,Polo Shirt,05/28/2025
C-1528,O-1752,07/13/2024,72.0,Clothing,Wool Scarf,07/15/2025
C-1296,O-2161,07/13/2024,55.72,Clothing,Polo Shirt,10/05/2024
C-0662,O-2197,07/13/2024,339.98,Electronics,Bluetooth Speaker,09/05/2024
C-1027,O-2678,07/13/2024,347.35,Electronics,Smart Watch Band,11/26/2024
C-2394,O-2939,07/13/2024,385.46,Electronics,HDMI Cable,01/19/2025
C-2168,O-3128,07/13/2024,187.82,Electronics,Mechanical Keyboard,09/18/2025
C-1246,O-4179,07/13/2024,103.33,Electronics,Smart Watch Band,12/02/2024
C-1904,O-4595,07/13/2024,37.32,Beauty,Hair Oil,02/10/2025
C-2307,O-4658,07/13/2024,147.28,Electronics,Mouse Pad,01/01/2025
C-1065,O-4709,07/13/2024,195.77,Electronics,Webcam,09/21/2024
C-0470,O-4934,07/13/2024,96.22,Home & Kitchen,Blender,08/22/2025
C-1824,O-5566,07/13/2024,131.58,Clothing,Cargo Pants,07/06/2024
C-2077,O-6371,07/13/2024,89.47,Clothing,Cargo Pants,11/22/2025
C-1868,O-6483,07/13/2024,241.56,Electronics,HDMI Cable,12/27/2024
C-1140,O-1006,07/13/2025,75.55,Clothing,Polo Shirt,08/01/2024
C-1123,O-1151,07/13/2025,65.57,Beauty,Perfume Roll-On,04/12/2025
C-1704,O-1449,07/13/2025,125.31,Beauty,Moisturizer,07/31/2025
C-1193,O-2070,07/13/2025,154.88,Sports,Swimming Goggles,06/28/2025
C-1141,O-2162,07/13/2025,234.99,Electronics,Webcam,10/02/2024
C-2002,O-2193,07/13/2025,279.79,Home & Kitchen,Knife Set,11/21/2024
C-1019,O-2219,07/13/2025,110.26,Clothing,Polo Shirt,09/09/2024
C-1778,O-2367,07/13/2025,92.16,Electronics,Mouse Pad,11/08/2025
C-2045,O-2388,07/13/2025,201.44,Sports,Resistance Bands,10/04/2025
C-0657,O-2693,07/13/2025,460.34,Electronics,USB-C Hub,01/05/2025
C-0964,O-2861,07/13/2025,167.3,Clothing,Track Pants,07/16/2025
C-2152,O-3371,07/13/2025,140.12,Home & Kitchen,Coffee Maker,10/14/2025
C-0939,O-3685,07/13/2025,69.36,Clothing,Running Shorts,11/13/2024
C-1850,O-3934,07/13/2025,130.24,Clothing,Formal Shirt,04/18/2025
C-0692,O-4056,07/13/2025,60.21,Sports,Swimming Goggles,07/03/2024
C-2283,O-4243,07/13/2025,213.53,Sports,Running Armband,07/25/2025
C-0414,O-4797,07/13/2025,129.54,Sports,Running Armband,11/28/2024
C-0323,O-6369,07/13/2025,167.82,Clothing,Cotton T-Shirt,12/06/2024
C-1731,O-1243,07/14/2024,85.46,Clothing,Cotton T-Shirt,08/07/2025
C-0221,O-1250,07/14/2024,195.65,Home & Kitchen,LED Desk Lamp,09/07/2025
C-0291,O-1447,07/14/2024,170.82,Sports,Water Bottle,03/15/2025
C-2457,O-2375,07/14/2024,144.07,Beauty,Moisturizer,08/30/2025
C-2060,O-2813,07/14/2024,202.98,Home & Kitchen,Non-Stick Pan Set,07/16/2024
C-1995,O-4186,07/14/2024,182.08,Home & Kitchen,Knife Set,03/08/2025
C-0982,O-4273,07/14/2024,40.29,Clothing,Formal Shirt,10/08/2024
C-0172,O-5694,07/14/2024,99.45,Beauty,Body Lotion,10/28/2025
C-1563,O-1125,07/14/2025,168.48,Electronics,Wireless Earbuds,12/09/2024
C-2290,O-1993,07/14/2025,158.37,Sports,Resistance Bands,05/25/2025
C-0157,O-2817,07/14/2025,367.54,Electronics,USB-C Hub,02/21/2025
C-1131,O-2983,07/14/2025,35.54,Clothing,Formal Shirt,05/13/2025
C-0525,O-3265,07/14/2025,42.36,Home & Kitchen,Spice Rack,09/09/2024
C-1832,O-3266,07/14/2025,189.75,Clothing,Casual Hoodie,04/19/2025
C-1318,O-3669,07/14/2025,110.28,Home & Kitchen,Insulated Flask,05/13/2025
C-1094,O-4263,07/14/2025,138.26,Beauty,Sheet Mask Pack,12/04/2024
C-2475,O-4707,07/14/2025,162.84,Home & Kitchen,Insulated Flask,07/11/2025
C-0770,O-5678,07/14/2025,25.67,Sports,Swimming Goggles,07/06/2025
C-0326,O-6821,07/14/2025,35.86,Clothing,Track Pants,12/29/2024
C-1179,O-1486,07/15/2024,71.45,Clothing,Denim Jacket,02/02/2025
C-1053,O-1628,07/15/2024,73.02,Home & Kitchen,Blender,08/14/2024
C-0481,O-1878,07/15/2024,237.67,Home & Kitchen,Knife Set,07/07/2024
C-0783,O-2462,07/15/2024,18.0,Clothing,Wool Scarf,12/10/2024
C-1413,O-2795,07/15/2024,85.36,Sports,Dumbbell Set,08/18/2024
C-1556,O-2943,07/15/2024,119.15,Home & Kitchen,Coffee Maker,09/29/2025
C-0608,O-4692,07/15/2024,15.28,Clothing,Wool Scarf,10/04/2024
C-1649,O-5478,07/15/2024,117.22,Clothing,Wool Scarf,07/15/2025
C-1244,O-2972,07/15/2025,377.02,Electronics,Laptop Stand,05/27/2025
C-1318,O-3179,07/15/2025,357.94,Electronics,Bluetooth Speaker,05/13/2025
C-1968,O-3249,07/15/2025,72.99,Clothing,Polo Shirt,08/07/2025
C-0895,O-3622,07/15/2025,55.26,Electronics,Portable Charger,12/09/2024
C-1789,O-4266,07/15/2025,133.08,Home & Kitchen,Bamboo Cutting Board,11/04/2025
C-1832,O-4521,07/15/2025,20.15,Sports,Yoga Mat,04/19/2025
C-0193,O-4592,07/15/2025,174.37,Clothing,Track Pants,10/03/2025
C-1885,O-5117,07/15/2025,125.83,Home & Kitchen,Blender,03/31/2025
C-1656,O-5373,07/15/2025,128.59,Beauty,Eye Cream,10/04/2025
C-2304,O-5575,07/15/2025,150.7,Sports,Dumbbell Set,07/09/2025
C-2488,O-6073,07/15/2025,64.39,Clothing,Track Pants,09/23/2025
C-1535,O-6077,07/15/2025,354.91,Electronics,Smart Watch Band,05/18/2025
C-0770,O-6437,07/15/2025,52.32,Beauty,Sheet Mask Pack,07/06/2025
C-2335,O-6749,07/15/2025,224.94,Sports,Yoga Mat,12/18/2024
C-1208,O-2576,07/16/2024,67.36,Clothing,Casual Hoodie,07/22/2024
C-1860,O-2709,07/16/2024,168.52,Electronics,Mechanical Keyboard,12/14/2024
C-0888,O-3750,07/16/2024,52.02,Home & Kitchen,Knife Set,10/16/2025
C-1828,O-3971,07/16/2024,124.31,Electronics,Portable Charger,11/01/2025
C-0026,O-4048,07/16/2024,282.32,Electronics,Smart Watch Band,04/11/2025
C-0480,O-4090,07/16/2024,450.03,Electronics,USB-C Hub,11/01/2025
C-1175,O-4781,07/16/2024,125.74,Home & Kitchen,Storage Containers,08/26/2024
C-0306,O-4796,07/16/2024,23.67,Clothing,Casual Hoodie,09/16/2024
C-1552,O-5496,07/16/2024,216.02,Electronics,USB-C Hub,11/16/2024
C-0327,O-6024,07/16/2024,143.29,Electronics,Wireless Earbuds,08/27/2025
C-1358,O-1171,07/16/2025,258.69,Electronics,Portable Charger,12/13/2024
C-2042,O-1418,07/16/2025,76.1,Clothing,Cotton T-Shirt,01/25/2025
C-0882,O-2510,07/16/2025,37.63,Clothing,Wool Scarf,09/19/2024
C-1201,O-3022,07/16/2025,140.29,Home & Kitchen,Air Purifier,05/17/2025
C-2194,O-4215,07/16/2025,30.09,Clothing,Track Pants,09/19/2024
C-2225,O-4841,07/16/2025,426.72,Electronics,Portable Charger,05/21/2025
C-1212,O-5837,07/16/2025,108.15,Clothing,Wool Scarf,07/06/2025
C-0641,O-6309,07/16/2025,28.42,Beauty,Sunscreen SPF50,05/06/2025
C-2132,O-6339,07/16/2025,206.01,Electronics,Portable Charger,07/13/2024
C-2123,O-6662,07/16/2025,144.7,Beauty,Sunscreen SPF50,11/30/2025
C-2146,O-6917,07/16/2025,76.85,Beauty,Sunscreen SPF50,06/28/2025
C-0294,O-1611,07/17/2024,346.07,Electronics,Mouse Pad,09/07/2025
C-1841,O-1668,07/17/2024,201.97,Electronics,Wireless Earbuds,08/11/2025
C-0372,O-1710,07/17/2024,44.93,Clothing,Formal Shirt,09/20/2025
C-2027,O-3219,07/17/2024,139.88,Home & Kitchen,Blender,07/21/2025
C-0583,O-3464,07/17/2024,78.17,Sports,Foam Roller,10/19/2025
C-2304,O-3618,07/17/2024,180.42,Home & Kitchen,Coffee Maker,07/09/2025
C-2240,O-3801,07/17/2024,225.2,Sports,Jump Rope,08/22/2025
C-2382,O-4409,07/17/2024,480.93,Electronics,USB-C Hub,12/26/2024
C-2417,O-4954,07/17/2024,91.42,Beauty,Moisturizer,06/26/2025
C-1141,O-5026,07/17/2024,210.23,Sports,Running Armband,10/02/2024
C-1090,O-5623,07/17/2024,118.55,Electronics,Laptop Stand,09/11/2025
C-0604,O-5954,07/17/2024,126.44,Home & Kitchen,Air Purifier,10/31/2025
C-1708,O-6063,07/17/2024,43.53,Clothing,Linen Shirt,10/30/2024
C-0601,O-6347,07/17/2024,121.11,Home & Kitchen,Air Purifier,08/21/2025
C-1641,O-1075,07/17/2025,185.14,Home & Kitchen,Coffee Maker,01/25/2025
C-1153,O-1774,07/17/2025,57.64,Beauty,Sheet Mask Pack,12/07/2024
C-1515,O-2086,07/17/2025,293.7,Home & Kitchen,Storage Containers,08/01/2024
C-0790,O-2282,07/17/2025,191.36,Home & Kitchen,Storage Containers,10/16/2025
C-1404,O-3485,07/17/2025,90.79,Beauty,Face Wash,03/20/2025
C-1405,O-3527,07/17/2025,104.32,Clothing,Denim Jacket,02/06/2025
C-0071,O-3560,07/17/2025,231.18,Home & Kitchen,Knife Set,02/20/2025
C-1334,O-4538,07/17/2025,145.2,Home & Kitchen,Blender,12/05/2024
C-0768,O-5040,07/17/2025,22.84,Sports,Running Armband,08/25/2024
C-0888,O-6979,07/17/2025,237.19,Electronics,HDMI Cable,10/16/2025
C-0299,O-1032,07/18/2024,97.1,Home & Kitchen,Non-Stick Pan Set,11/11/2024
C-0538,O-1778,07/18/2024,142.84,Clothing,Formal Shirt,03/20/2025
C-0186,O-2560,07/18/2024,254.72,Home & Kitchen,Bamboo Cutting Board,09/01/2024
C-1567,O-2771,07/18/2024,238.84,Sports,Running Armband,11/02/2024
C-0796,O-2820,07/18/2024,181.08,Clothing,Wool Scarf,08/30/2025
C-2189,O-3178,07/18/2024,224.12,Home & Kitchen,Air Purifier,03/04/2025
C-0968,O-3445,07/18/2024,94.37,Beauty,Lip Balm Set,07/26/2024
C-2299,O-3744,07/18/2024,125.92,Beauty,Face Wash,03/06/2025
C-1107,O-3763,07/18/2024,71.98,Beauty,Body Lotion,08/25/2025
C-1113,O-4331,07/18/2024,183.46,Home & Kitchen,Coffee Maker,06/26/2025
C-1081,O-4368,07/18/2024,46.7,Clothing,Track Pants,10/06/2025
C-0750,O-4465,07/18/2024,23.41,Clothing,Denim Jacket,10/16/2024
C-0582,O-4670,07/18/2024,229.02,Home & Kitchen,Bamboo Cutting Board,03/07/2025
C-1862,O-4720,07/18/2024,121.76,Electronics,Bluetooth Speaker,03/21/2025
C-0638,O-5261,07/18/2024,46.8,Home & Kitchen,Knife Set,02/18/2025
C-1545,O-5644,07/18/2024,19.46,Clothing,Linen Shirt,03/24/2025
C-1579,O-6402,07/18/2024,391.58,Electronics,Mechanical Keyboard,05/13/2025
C-2306,O-6592,07/18/2024,117.35,Electronics,USB-C Hub,01/21/2025
C-0653,O-6709,07/18/2024,475.09,Electronics,Mechanical Keyboard,10/24/2025
C-1498,O-6992,07/18/2024,126.03,Clothing,Denim Jacket,04/29/2025
C-0298,O-1098,07/18/2025,186.15,Home & Kitchen,Knife Set,06/07/2025
C-2116,O-1147,07/18/2025,120.81,Beauty,Perfume Roll-On,08/27/2025
C-0498,O-2524,07/18/2025,26.74,Sports,Resistance Bands,11/08/2024
C-2099,O-2993,07/18/2025,498.04,Electronics,Mechanical Keyboard,11/24/2025
C-0726,O-3231,07/18/2025,410.66,Electronics,Smart Watch Band,09/21/2024
C-1334,O-3342,07/18/2025,168.86,Home & Kitchen,Knife Set,12/05/2024
C-2237,O-3376,07/18/2025,43.38,Home & Kitchen,Spice Rack,01/08/2025
C-1227,O-3461,07/18/2025,139.42,Electronics,Mouse Pad,10/25/2024
C-2222,O-4136,07/18/2025,76.51,Electronics,Bluetooth Speaker,07/25/2025
C-0998,O-4184,07/18/2025,65.29,Home & Kitchen,Insulated Flask,09/28/2025
C-2402,O-4864,07/18/2025,277.55,Electronics,Wireless Earbuds,09/03/2024
C-1307,O-4912,07/18/2025,226.31,Electronics,Smart Watch Band,11/10/2024
C-0343,O-5335,07/18/2025,184.57,Home & Kitchen,Bamboo Cutting Board,05/09/2025
C-2165,O-5341,07/18/2025,33.48,Clothing,Cotton T-Shirt,12/23/2024
C-0867,O-5511,07/18/2025,191.15,Home & Kitchen,Spice Rack,05/03/2025
C-0561,O-5561,07/18/2025,181.09,Electronics,HDMI Cable,06/15/2025
C-2106,O-5970,07/18/2025,397.6,Electronics,Mechanical Keyboard,06/26/2025
C-2473,O-6149,07/18/2025,344.39,Electronics,Mechanical Keyboard,10/25/2024
C-0579,O-1489,07/19/2024,23.04,Clothing,Track Pants,09/27/2024
C-2215,O-1813,07/19/2024,247.86,Sports,Yoga Mat,09/26/2024
C-0699,O-2148,07/19/2024,105.89,Home & Kitchen,Air Purifier,04/22/2025
C-1554,O-2647,07/19/2024,131.46,Home & Kitchen,Non-Stick Pan Set,10/06/2025
C-0921,O-2894,07/19/2024,42.52,Home & Kitchen,LED Desk Lamp,06/26/2025
C-1363,O-3532,07/19/2024,102.79,Clothing,Denim Jacket,11/05/2025
C-2118,O-1265,07/19/2025,97.43,Clothing,Track Pants,02/22/2025
C-2186,O-1855,07/19/2025,112.03,Home & Kitchen,Coffee Maker,09/17/2024
C-1023,O-2154,07/19/2025,41.02,Sports,Water Bottle,06/02/2025
C-2051,O-2189,07/19/2025,188.95,Clothing,Cargo Pants,07/22/2025
C-1620,O-2316,07/19/2025,180.06,Clothing,Cargo Pants,09/22/2024
C-0201,O-2889,07/19/2025,234.2,Home & Kitchen,LED Desk Lamp,09/27/2025
C-2327,O-3129,07/19/2025,36.39,Beauty,Vitamin C Serum,12/01/2025
C-0634,O-3131,07/19/2025,219.25,Home & Kitchen,Spice Rack,04/16/2025
C-2279,O-3304,07/19/2025,169.44,Clothing,Running Shorts,05/08/2025
C-1642,O-4532,07/19/2025,220.02,Electronics,Wireless Earbuds,06/14/2025
C-1406,O-5955,07/19/2025,80.51,Electronics,Smart Watch Band,12/01/2024
C-0089,O-6302,07/19/2025,120.78,Electronics,Mouse Pad,08/13/2025
C-1403,O-6421,07/19/2025,150.54,Sports,Water Bottle,07/20/2024
C-2227,O-1084,07/20/2024,130.33,Sports,Gym Bag,10/18/2024
C-1653,O-1188,07/20/2024,145.04,Electronics,USB-C Hub,10/21/2025
C-1661,O-1318,07/20/2024,142.62,Beauty,Face Wash,04/24/2025
C-0760,O-1439,07/20/2024,238.4,Home & Kitchen,Insulated Flask,05/19/2025
C-1124,O-2976,07/20/2024,39.21,Beauty,Lip Balm Set,02/17/2025
C-1598,O-3001,07/20/2024,242.22,Electronics,Laptop Stand,12/04/2024
C-1925,O-3271,07/20/2024,86.07,Clothing,Denim Jacket,09/26/2025
C-1622,O-3299,07/20/2024,106.06,Clothing,Formal Shirt,03/29/2025
C-1946,O-3955,07/20/2024,231.34,Electronics,Portable Charger,09/07/2025
C-1966,O-4527,07/20/2024,154.83,Home & Kitchen,Storage Containers,10/30/2024
C-2464,O-4990,07/20/2024,398.79,Electronics,Laptop Stand,04/26/2025
C-2444,O-5019,07/20/2024,288.13,Home & Kitchen,Air Purifier,05/19/2025
C-1343,O-5905,07/20/2024,55.39,Beauty,Face Wash,09/28/2025
C-2188,O-6269,07/20/2024,105.58,Home & Kitchen,Air Purifier,12/14/2024
C-1640,O-6295,07/20/2024,382.7,Electronics,Webcam,10/19/2025
C-0264,O-6509,07/20/2024,87.33,Clothing,Cargo Pants,12/01/2025
C-2407,O-6525,07/20/2024,78.59,Sports,Yoga Mat,01/18/2025
C-0154,O-1190,07/20/2025,117.97,Beauty,Face Wash,09/04/2024
C-0820,O-1695,07/20/2025,75.94,Beauty,Sunscreen SPF50,10/10/2025
C-0271,O-1757,07/20/2025,337.46,Electronics,Mechanical Keyboard,04/18/2025
C-1358,O-2078,07/20/2025,421.74,Electronics,USB-C Hub,12/13/2024
C-1161,O-2187,07/20/2025,44.78,Home & Kitchen,Spice Rack,09/26/2025
C-2486,O-2982,07/20/2025,337.83,Electronics,Wireless Earbuds,06/22/2025
C-2317,O-3077,07/20/2025,36.58,Home & Kitchen,Knife Set,05/07/2025
C-1108,O-3226,07/20/2025,172.92,Clothing,Track Pants,06/28/2025
C-1211,O-3645,07/20/2025,139.81,Beauty,Body Lotion,10/15/2025
C-0698,O-3670,07/20/2025,221.43,Home & Kitchen,Storage Containers,02/23/2025
C-0276,O-4220,07/20/2025,164.84,Home & Kitchen,Air Purifier,05/03/2025
C-2270,O-5975,07/20/2025,170.31,Clothing,Track Pants,09/17/2024
C-1932,O-1937,07/21/2024,43.97,Beauty,Eye Cream,10/08/2025
C-1702,O-2765,07/21/2024,322.19,Electronics,HDMI Cable,04/22/2025
C-0303,O-3182,07/21/2024,282.73,Home & Kitchen,Spice Rack,09/11/2025
C-1654,O-3608,07/21/2024,158.55,Electronics,Bluetooth Speaker,11/03/2024
C-1333,O-4489,07/21/2024,106.21,Clothing,Polo Shirt,07/21/2025
C-1617,O-4596,07/21/2024,58.51,Home & Kitchen,Coffee Maker,06/11/2025
C-1934,O-4787,07/21/2024,141.21,Clothing,Polo Shirt,08/30/2025
C-1854,O-5217,07/21/2024,64.62,Sports,Running Armband,11/29/2025
C-2279,O-6630,07/21/2024,187.23,Clothing,Cotton T-Shirt,05/08/2025
C-0006,O-1058,07/21/2025,24.55,Beauty,Face Wash,11/20/2024
C-0410,O-1680,07/21/2025,133.15,Beauty,Moisturizer,02/26/2025
C-0605,O-2255,07/21/2025,176.27,Sports,Running Armband,11/15/2025
C-2402,O-2737,07/21/2025,104.27,Beauty,Lip Balm Set,09/03/2024
C-1413,O-3776,07/21/2025,251.37,Electronics,Webcam,08/18/2024
C-1040,O-4083,07/21/2025,437.83,Electronics,Bluetooth Speaker,03/29/2025
C-2126,O-4694,07/21/2025,384.7,Electronics,Portable Charger,08/31/2024
C-1885,O-5152,07/21/2025,204.5,Home & Kitchen,Blender,03/31/2025
C-1477,O-5242,07/21/2025,70.58,Home & Kitchen,Bamboo Cutting Board,07/12/2025
C-0574,O-5324,07/21/2025,86.94,Beauty,Sunscreen SPF50,10/20/2025
C-1395,O-5514,07/21/2025,217.5,Home & Kitchen,Bamboo Cutting Board,08/09/2024
C-0444,O-5620,07/21/2025,95.38,Clothing,Linen Shirt,09/30/2025
C-0454,O-5976,07/21/2025,47.9,Clothing,Linen Shirt,09/24/2025
C-1644,O-6700,07/21/2025,196.75,Electronics,Mechanical Keyboard,05/17/2025
C-2141,O-6835,07/21/2025,136.99,Beauty,Body Lotion,10/07/2024
C-0505,O-2379,07/22/2024,86.25,Beauty,Sunscreen SPF50,10/16/2025
C-0969,O-2518,07/22/2024,197.77,Clothing,Linen Shirt,06/01/2025
C-1772,O-3000,07/22/2024,16.18,Clothing,Formal Shirt,05/18/2025
C-2342,O-3631,07/22/2024,72.32,Home & Kitchen,LED Desk Lamp,10/09/2024
C-1142,O-5085,07/22/2024,173.63,Home & Kitchen,Storage Containers,02/06/2025
C-0579,O-5643,07/22/2024,48.75,Home & Kitchen,Non-Stick Pan Set,09/27/2024
C-1415,O-6312,07/22/2024,149.91,Clothing,Casual Hoodie,09/03/2025
C-0573,O-6455,07/22/2024,112.36,Clothing,Denim Jacket,11/08/2025
C-0489,O-1254,07/22/2025,300.47,Electronics,Portable Charger,04/06/2025
C-0402,O-2287,07/22/2025,107.09,Sports,Water Bottle,09/26/2025
C-1842,O-2624,07/22/2025,300.41,Electronics,Smart Watch Band,11/20/2025
C-0507,O-2763,07/22/2025,250.03,Home & Kitchen,Air Purifier,08/21/2024
C-2310,O-2840,07/22/2025,113.65,Home & Kitchen,Non-Stick Pan Set,01/31/2025
C-2488,O-5622,07/22/2025,51.03,Clothing,Casual Hoodie,09/23/2025
C-0887,O-5807,07/22/2025,25.82,Home & Kitchen,LED Desk Lamp,02/23/2025
C-1647,O-5895,07/22/2025,94.49,Clothing,Cargo Pants,08/13/2025
C-2084,O-5923,07/22/2025,88.97,Home & Kitchen,LED Desk Lamp,05/17/2025
C-2138,O-6365,07/22/2025,119.84,Electronics,Laptop Stand,09/14/2025
C-1684,O-1315,07/23/2024,308.07,Electronics,USB-C Hub,08/21/2024
C-2192,O-1415,07/23/2024,176.95,Electronics,Bluetooth Speaker,07/29/2025
C-1876,O-1495,07/23/2024,187.22,Electronics,HDMI Cable,11/21/2024
C-0258,O-1730,07/23/2024,126.89,Beauty,Lip Balm Set,09/13/2024
C-1924,O-1827,07/23/2024,151.18,Sports,Running Armband,06/01/2025
C-0653,O-2247,07/23/2024,141.17,Home & Kitchen,Insulated Flask,10/24/2025
C-2064,O-2349,07/23/2024,363.52,Electronics,Portable Charger,11/03/2025
C-2012,O-2492,07/23/2024,192.46,Clothing,Polo Shirt,08/28/2025
C-1194,O-2987,07/23/2024,441.83,Electronics,Bluetooth Speaker,09/12/2024
C-0702,O-3111,07/23/2024,203.83,Home & Kitchen,Storage Containers,09/11/2024
C-1711,O-3319,07/23/2024,181.23,Clothing,Cotton T-Shirt,08/08/2025
C-2420,O-3929,07/23/2024,38.4,Clothing,Running Shorts,05/01/2025
C-1393,O-5887,07/23/2024,69.85,Home & Kitchen,Insulated Flask,11/27/2024
C-1875,O-5897,07/23/2024,91.79,Beauty,Sheet Mask Pack,01/06/2025
C-0913,O-1219,07/23/2025,29.58,Clothing,Casual Hoodie,07/23/2024
C-1597,O-1409,07/23/2025,240.01,Electronics,Bluetooth Speaker,11/05/2024
C-0655,O-1530,07/23/2025,236.27,Home & Kitchen,Non-Stick Pan Set,09/25/2025
C-1567,O-3749,07/23/2025,185.84,Clothing,Denim Jacket,11/02/2024
C-1728,O-4613,07/23/2025,184.11,Clothing,Wool Scarf,06/01/2025
C-0976,O-5170,07/23/2025,96.01,Beauty,Hair Oil,11/21/2024
C-0566,O-5532,07/23/2025,110.86,Beauty,Perfume Roll-On,09/17/2025
C-1292,O-6385,07/23/2025,52.89,Sports,Sports Towel,08/23/2024
C-1930,O-1487,07/24/2024,54.2,Clothing,Track Pants,09/30/2025
C-1280,O-1575,07/24/2024,200.68,Home & Kitchen,Bamboo Cutting Board,12/24/2024
C-0867,O-2449,07/24/2024,82.07,Sports,Running Armband,05/03/2025
C-1675,O-2915,07/24/2024,45.79,Clothing,Casual Hoodie,07/24/2024
C-0465,O-3230,07/24/2024,44.01,Beauty,Sunscreen SPF50,07/28/2025
C-1558,O-3426,07/24/2024,81.41,Home & Kitchen,Bamboo Cutting Board,05/24/2025
C-1667,O-3569,07/24/2024,197.49,Electronics,Portable Charger,05/17/2025
C-1842,O-3789,07/24/2024,115.75,Clothing,Linen Shirt,11/20/2025
C-0384,O-3901,07/24/2024,33.45,Beauty,Eye Cream,05/31/2025
C-1545,O-4114,07/24/2024,59.79,Home & Kitchen,LED Desk Lamp,03/24/2025
C-2373,O-4502,07/24/2024,41.4,Clothing,Polo Shirt,09/07/2024
C-2199,O-4756,07/24/2024,79.72,Sports,Running Armband,09/21/2025
C-1698,O-5248,07/24/2024,74.18,Sports,Jump Rope,08/15/2025
C-1407,O-5720,07/24/2024,50.91,Home & Kitchen,Storage Containers,09/07/2025
C-1553,O-6210,07/24/2024,126.83,Beauty,Moisturizer,09/14/2024
C-1840,O-6494,07/24/2024,174.81,Home & Kitchen,Air Purifier,08/07/2024
C-1836,O-6722,07/24/2024,160.9,Clothing,Running Shorts,08/08/2024
C-1349,O-2529,07/24/2025,466.19,Electronics,USB-C Hub,10/24/2025
C-0087,O-2756,07/24/2025,460.5,Electronics,Laptop Stand,03/27/2025
C-0002,O-3774,07/24/2025,157.09,Electronics,Mechanical Keyboard,07/26/2024
C-2410,O-4101,07/24/2025,76.31,Clothing,Denim Jacket,03/26/2025
C-1778,O-6199,07/24/2025,75.05,Home & Kitchen,Blender,11/08/2025
C-1814,O-6636,07/24/2025,134.9,Clothing,Running Shorts,08/21/2024
C-2370,O-6779,07/24/2025,247.63,Home & Kitchen,Bamboo Cutting Board,09/22/2025
C-1011,O-6828,07/24/2025,186.11,Clothing,Formal Shirt,10/02/2024
C-1882,O-1711,07/25/2024,197.52,Sports,Foam Roller,07/28/2025
C-1770,O-2054,07/25/2024,256.14,Home & Kitchen,Insulated Flask,11/02/2025
C-1182,O-2174,07/25/2024,204.23,Electronics,Laptop Stand,04/23/2025
C-0919,O-2381,07/25/2024,116.32,Electronics,Mechanical Keyboard,04/20/2025
C-1768,O-2711,07/25/2024,61.4,Home & Kitchen,Coffee Maker,01/29/2025
C-2132,O-3221,07/25/2024,24.62,Clothing,Running Shorts,07/13/2024
C-0232,O-3296,07/25/2024,265.41,Electronics,Webcam,11/01/2025
C-0783,O-3348,07/25/2024,104.48,Electronics,Portable Charger,12/10/2024
C-1810,O-5529,07/25/2024,132.03,Clothing,Polo Shirt,11/18/2024
C-1894,O-6595,07/25/2024,239.92,Sports,Resistance Bands,10/20/2025
C-1724,O-6810,07/25/2024,139.46,Sports,Dumbbell Set,10/29/2025
C-0172,O-1517,07/25/2025,193.16,Home & Kitchen,Knife Set,10/28/2025
C-1398,O-1822,07/25/2025,496.38,Electronics,Laptop Stand,11/20/2024
C-1028,O-2027,07/25/2025,154.59,Sports,Water Bottle,11/11/2024
C-0209,O-2333,07/25/2025,144.53,Clothing,Formal Shirt,11/10/2025
C-1660,O-2413,07/25/2025,340.99,Electronics,Laptop Stand,08/21/2024
C-1434,O-3919,07/25/2025,123.47,Beauty,Sunscreen SPF50,08/04/2025
C-2339,O-4257,07/25/2025,301.87,Electronics,Webcam,09/14/2025
C-1567,O-5996,07/25/2025,29.75,Home & Kitchen,Coffee Maker,11/02/2024
C-1798,O-3175,07/26/2024,128.08,Beauty,Sunscreen SPF50,04/24/2025
C-0258,O-4291,07/26/2024,94.86,Sports,Gym Bag,09/13/2024
C-2238,O-4847,07/26/2024,75.04,Beauty,Body Lotion,09/15/2025
C-2039,O-5475,07/26/2024,152.78,Home & Kitchen,LED Desk Lamp,08/02/2025
C-1153,O-5935,07/26/2024,60.14,Electronics,USB-C Hub,12/07/2024
C-0437,O-6412,07/26/2024,203.52,Sports,Foam Roller,10/11/2025
C-1389,O-6436,07/26/2024,118.1,Clothing,Linen Shirt,07/29/2024
C-1975,O-1329,07/26/2025,33.08,Clothing,Linen Shirt,09/08/2025
C-2242,O-1910,07/26/2025,130.1,Electronics,Portable Charger,07/27/2024
C-1892,O-2143,07/26/2025,173.32,Clothing,Cargo Pants,09/02/2024
C-0912,O-2176,07/26/2025,96.84,Clothing,Running Shorts,04/29/2025
C-0168,O-3068,07/26/2025,25.8,Beauty,Face Wash,04/12/2025
C-0025,O-3180,07/26/2025,416.17,Electronics,Wireless Earbuds,06/14/2025
C-1298,O-3254,07/26/2025,111.87,Sports,Jump Rope,04/17/2025
C-2076,O-4022,07/26/2025,115.01,Home & Kitchen,Coffee Maker,07/04/2025
C-1010,O-4025,07/26/2025,59.18,Beauty,Moisturizer,10/09/2025
C-1657,O-4039,07/26/2025,117.86,Beauty,Vitamin C Serum,03/11/2025
C-2451,O-4084,07/26/2025,98.64,Home & Kitchen,Air Purifier,01/16/2025
C-0407,O-4651,07/26/2025,55.4,Electronics,Mouse Pad,04/17/2025
C-0601,O-5247,07/26/2025,88.84,Beauty,Hair Oil,08/21/2025
C-1849,O-5571,07/26/2025,124.87,Electronics,HDMI Cable,06/09/2025
C-0890,O-5648,07/26/2025,248.25,Home & Kitchen,LED Desk Lamp,10/14/2025
C-1566,O-5875,07/26/2025,125.99,Clothing,Cargo Pants,02/15/2025
C-2329,O-6001,07/26/2025,141.69,Sports,Yoga Mat,08/07/2024
C-0145,O-6332,07/26/2025,155.37,Clothing,Cargo Pants,01/22/2025
C-0138,O-6374,07/26/2025,21.61,Beauty,Sheet Mask Pack,11/06/2024
C-1306,O-6746,07/26/2025,137.11,Clothing,Cargo Pants,08/06/2025
C-2208,O-6823,07/26/2025,224.02,Electronics,Portable Charger,11/15/2025
C-0161,O-6899,07/26/2025,244.71,Electronics,Bluetooth Speaker,08/30/2024
C-0398,O-1122,07/27/2024,489.68,Electronics,Portable Charger,09/14/2025
C-0569,O-2218,07/27/2024,101.85,Home & Kitchen,Storage Containers,12/04/2024
C-0227,O-2646,07/27/2024,84.79,Beauty,Lip Balm Set,08/29/2024
C-1425,O-2669,07/27/2024,232.22,Sports,Gym Bag,07/02/2024
C-1537,O-3009,07/27/2024,85.38,Clothing,Casual Hoodie,03/13/2025
C-1769,O-3082,07/27/2024,60.86,Electronics,USB-C Hub,05/29/2025
C-1537,O-3287,07/27/2024,133.77,Home & Kitchen,Insulated Flask,03/13/2025
C-0235,O-3659,07/27/2024,111.03,Home & Kitchen,Insulated Flask,08/28/2024
C-1372,O-3758,07/27/2024,218.84,Electronics,Bluetooth Speaker,11/28/2024
C-0765,O-3810,07/27/2024,83.23,Sports,Foam Roller,07/02/2024
C-0640,O-3925,07/27/2024,468.58,Electronics,Mouse Pad,12/31/2024
C-1891,O-6107,07/27/2024,95.35,Electronics,Mechanical Keyboard,02/27/2025
C-2124,O-6608,07/27/2024,116.92,Sports,Jump Rope,10/10/2025
C-1839,O-1638,07/27/2025,212.79,Home & Kitchen,Storage Containers,12/28/2024
C-0256,O-1651,07/27/2025,62.77,Clothing,Cotton T-Shirt,10/12/2025
C-1839,O-2167,07/27/2025,108.13,Clothing,Casual Hoodie,12/28/2024
C-0323,O-2485,07/27/2025,492.54,Electronics,USB-C Hub,12/06/2024
C-0857,O-5083,07/27/2025,156.93,Clothing,Running Shorts,09/09/2024
C-0371,O-5087,07/27/2025,146.22,Clothing,Cargo Pants,08/15/2024
C-2227,O-5424,07/27/2025,404.24,Electronics,Laptop Stand,10/18/2024
C-1039,O-6178,07/27/2025,483.43,Electronics,Bluetooth Speaker,12/26/2024
C-2041,O-1809,07/28/2024,159.05,Sports,Running Armband,03/19/2025
C-2403,O-2860,07/28/2024,130.17,Electronics,Smart Watch Band,10/13/2024
C-1496,O-5132,07/28/2024,356.4,Electronics,Webcam,09/20/2024
C-2059,O-5250,07/28/2024,72.44,Sports,Jump Rope,05/07/2025
C-0549,O-5266,07/28/2024,26.94,Home & Kitchen,Spice Rack,01/20/2025
C-0467,O-5764,07/28/2024,110.06,Clothing,Linen Shirt,02/05/2025
C-1991,O-6176,07/28/2024,234.86,Electronics,Laptop Stand,10/12/2024
C-0037,O-6801,07/28/2024,100.45,Home & Kitchen,Coffee Maker,08/14/2024
C-0421,O-1184,07/28/2025,45.9,Clothing,Formal Shirt,08/29/2025
C-0455,O-1717,07/28/2025,22.56,Clothing,Linen Shirt,09/18/2024
C-0488,O-1814,07/28/2025,96.87,Clothing,Cargo Pants,02/10/2025
C-1338,O-2229,07/28/2025,110.68,Beauty,Lip Balm Set,09/22/2025
C-2140,O-2799,07/28/2025,126.88,Clothing,Linen Shirt,10/18/2024
C-2178,O-2873,07/28/2025,31.05,Beauty,Sunscreen SPF50,04/14/2025
C-0403,O-2912,07/28/2025,292.92,Home & Kitchen,Knife Set,02/04/2025
C-1940,O-3354,07/28/2025,69.18,Beauty,Sunscreen SPF50,08/10/2025
C-0237,O-5812,07/28/2025,66.83,Clothing,Casual Hoodie,01/07/2025
C-2404,O-1358,07/29/2024,27.5,Clothing,Formal Shirt,01/08/2025
C-1728,O-2155,07/29/2024,208.72,Sports,Gym Bag,06/01/2025
C-1375,O-2415,07/29/2024,293.71,Electronics,USB-C Hub,02/13/2025
C-0934,O-2938,07/29/2024,52.41,Beauty,Eye Cream,04/29/2025
C-0526,O-3360,07/29/2024,35.89,Sports,Foam Roller,08/11/2024
C-0649,O-3974,07/29/2024,51.15,Home & Kitchen,Bamboo Cutting Board,11/15/2025
C-2213,O-4391,07/29/2024,369.84,Electronics,Laptop Stand,01/07/2025
C-2187,O-4511,07/29/2024,54.44,Electronics,Laptop Stand,05/03/2025
C-2404,O-4834,07/29/2024,166.85,Electronics,HDMI Cable,01/08/2025
C-2469,O-5263,07/29/2024,228.01,Home & Kitchen,Insulated Flask,12/20/2024
C-1315,O-5596,07/29/2024,53.37,Clothing,Track Pants,07/06/2025
C-1357,O-6511,07/29/2024,270.41,Electronics,Bluetooth Speaker,09/02/2025
C-1484,O-6640,07/29/2024,127.36,Home & Kitchen,Non-Stick Pan Set,11/21/2025
C-2276,O-1609,07/29/2025,127.59,Beauty,Hair Oil,10/12/2025
C-0014,O-1660,07/29/2025,47.88,Sports,Foam Roller,02/24/2025
C-1876,O-2136,07/29/2025,180.66,Sports,Jump Rope,11/21/2024
C-1529,O-2190,07/29/2025,28.18,Clothing,Linen Shirt,07/16/2025
C-0742,O-2264,07/29/2025,70.2,Clothing,Cargo Pants,09/20/2025
C-0861,O-2342,07/29/2025,108.72,Electronics,Bluetooth Speaker,10/01/2024
C-1548,O-2373,07/29/2025,393.55,Electronics,Wireless Earbuds,04/19/2025
C-0943,O-2395,07/29/2025,287.13,Electronics,Mechanical Keyboard,12/16/2024
C-0713,O-2621,07/29/2025,139.13,Beauty,Sheet Mask Pack,08/31/2024
C-2498,O-2666,07/29/2025,86.16,Clothing,Cargo Pants,08/30/2024
C-1991,O-3605,07/29/2025,279.36,Electronics,HDMI Cable,10/12/2024
C-1943,O-3767,07/29/2025,150.05,Sports,Jump Rope,02/09/2025
C-0379,O-4698,07/29/2025,250.61,Home & Kitchen,Air Purifier,05/18/2025
C-2409,O-4778,07/29/2025,398.7,Electronics,Mouse Pad,10/25/2024
C-2397,O-5312,07/29/2025,57.06,Home & Kitchen,Air Purifier,08/03/2025
C-1033,O-5637,07/29/2025,465.86,Electronics,HDMI Cable,11/12/2024
C-2148,O-1149,07/30/2024,426.64,Electronics,Webcam,08/11/2025
C-2331,O-1557,07/30/2024,56.27,Beauty,Lip Balm Set,09/26/2024
C-0630,O-1906,07/30/2024,254.32,Electronics,Mouse Pad,01/13/2025
C-0962,O-2749,07/30/2024,54.79,Clothing,Track Pants,03/26/2025
C-1359,O-3026,07/30/2024,112.89,Beauty,Moisturizer,01/21/2025
C-0972,O-5115,07/30/2024,60.49,Electronics,USB-C Hub,10/19/2025
C-1155,O-5495,07/30/2024,119.17,Clothing,Polo Shirt,08/20/2024
C-1459,O-5665,07/30/2024,66.78,Beauty,Sunscreen SPF50,04/27/2025
C-1738,O-5737,07/30/2024,36.93,Clothing,Track Pants,07/13/2025
C-0915,O-6457,07/30/2024,167.81,Electronics,Mechanical Keyboard,04/08/2025
C-1552,O-6713,07/30/2024,26.73,Home & Kitchen,Air Purifier,11/16/2024
C-1793,O-6734,07/30/2024,451.03,Electronics,Mechanical Keyboard,11/02/2024
C-0412,O-2224,07/30/2025,146.71,Clothing,Casual Hoodie,02/16/2025
C-1918,O-2536,07/30/2025,203.2,Electronics,Bluetooth Speaker,10/23/2024
C-2398,O-2835,07/30/2025,144.8,Electronics,Smart Watch Band,07/05/2024
C-0141,O-3040,07/30/2025,294.37,Home & Kitchen,LED Desk Lamp,12/17/2024
C-0582,O-3253,07/30/2025,176.57,Clothing,Cotton T-Shirt,03/07/2025
C-1406,O-4418,07/30/2025,67.12,Clothing,Track Pants,12/01/2024
C-1025,O-5734,07/30/2025,430.64,Electronics,USB-C Hub,07/03/2024
C-1058,O-5980,07/30/2025,366.61,Electronics,USB-C Hub,11/03/2025
C-2487,O-6322,07/30/2025,138.51,Clothing,Wool Scarf,09/28/2024
C-1725,O-6918,07/30/2025,106.34,Home & Kitchen,Knife Set,10/11/2025
C-0484,O-1042,07/31/2024,65.32,Clothing,Cargo Pants,08/04/2025
C-0552,O-1808,07/31/2024,423.64,Electronics,Wireless Earbuds,10/13/2024
C-1482,O-1967,07/31/2024,147.76,Clothing,Cotton T-Shirt,06/13/2025
C-0790,O-2497,07/31/2024,165.73,Home & Kitchen,Storage Containers,10/16/2025
C-1534,O-2623,07/31/2024,44.76,Sports,Gym Bag,08/12/2025
C-2295,O-6505,07/31/2024,131.97,Beauty,Sunscreen SPF50,08/12/2025
C-2346,O-6958,07/31/2024,145.1,Home & Kitchen,Knife Set,09/30/2025
C-0198,O-1109,07/31/2025,194.28,Clothing,Cargo Pants,10/17/2025
C-0465,O-1264,07/31/2025,61.12,Electronics,Portable Charger,07/28/2025
C-1019,O-2582,07/31/2025,180.21,Clothing,Denim Jacket,09/09/2024
C-0846,O-3199,07/31/2025,100.16,Home & Kitchen,Air Purifier,09/15/2024
C-0112,O-3720,07/31/2025,82.71,Electronics,Mouse Pad,12/09/2024
C-0155,O-4355,07/31/2025,118.12,Sports,Sports Towel,06/12/2025
C-1965,O-5307,07/31/2025,218.94,Home & Kitchen,Non-Stick Pan Set,06/22/2025
C-0574,O-5395,07/31/2025,82.2,Home & Kitchen,Blender,10/20/2025
C-1287,O-5548,07/31/2025,96.55,Home & Kitchen,Knife Set,07/17/2025
C-0508,O-1152,08/01/2024,317.32,Electronics,Mouse Pad,03/24/2025
C-0235,O-2815,08/01/2024,149.61,Beauty,Body Lotion,08/28/2024
C-0100,O-3656,08/01/2024,390.9,Electronics,USB-C Hub,09/04/2024
C-1711,O-3741,08/01/2024,231.05,Home & Kitchen,Air Purifier,08/08/2025
C-0607,O-3943,08/01/2024,146.39,Beauty,Sunscreen SPF50,07/18/2024
C-2082,O-3979,08/01/2024,145.87,Beauty,Sunscreen SPF50,01/25/2025
C-0951,O-5052,08/01/2024,298.16,Home & Kitchen,Spice Rack,11/22/2024
C-0240,O-5445,08/01/2024,198.23,Clothing,Linen Shirt,02/26/2025
C-1801,O-6795,08/01/2024,160.77,Sports,Sports Towel,09/19/2024
C-0883,O-6803,08/01/2024,57.27,Beauty,Sheet Mask Pack,07/27/2025
C-1678,O-2003,08/01/2025,202.55,Electronics,Mechanical Keyboard,11/30/2025
C-1467,O-2037,08/01/2025,106.14,Electronics,Wireless Earbuds,10/28/2025
C-2358,O-3104,08/01/2025,245.94,Home & Kitchen,Insulated Flask,09/26/2024
C-2352,O-3122,08/01/2025,107.5,Beauty,Sheet Mask Pack,06/19/2025
C-0171,O-3308,08/01/2025,38.02,Beauty,Lip Balm Set,11/13/2024
C-1465,O-4524,08/01/2025,63.3,Clothing,Track Pants,05/14/2025
C-1714,O-4739,08/01/2025,239.12,Sports,Running Armband,07/10/2025
C-0192,O-4974,08/01/2025,120.94,Clothing,Casual Hoodie,01/11/2025
C-2149,O-5034,08/01/2025,303.65,Electronics,Mechanical Keyboard,09/19/2024
C-1991,O-5104,08/01/2025,220.74,Sports,Jump Rope,10/12/2024
C-2316,O-5806,08/01/2025,279.92,Home & Kitchen,Spice Rack,11/20/2024
C-0084,O-6157,08/01/2025,121.45,Beauty,Face Wash,03/29/2025
C-2324,O-2495,08/02/2024,497.18,Electronics,Laptop Stand,10/03/2025
C-2013,O-3353,08/02/2024,20.74,Clothing,Wool Scarf,05/04/2025
C-1163,O-3510,08/02/2024,138.03,Clothing,Wool Scarf,04/06/2025
C-1392,O-4174,08/02/2024,191.83,Clothing,Cotton T-Shirt,06/09/2025
C-1218,O-5461,08/02/2024,67.56,Electronics,Bluetooth Speaker,08/15/2025
C-1212,O-6355,08/02/2024,138.17,Clothing,Cotton T-Shirt,07/06/2025
C-0890,O-6942,08/02/2024,57.07,Electronics,Bluetooth Speaker,10/14/2025
C-1593,O-6969,08/02/2024,73.26,Beauty,Perfume Roll-On,11/10/2024
C-0899,O-1090,08/02/2025,47.58,Clothing,Running Shorts,05/03/2025
C-1480,O-1305,08/02/2025,178.09,Clothing,Polo Shirt,09/24/2025
C-2339,O-1445,08/02/2025,196.59,Home & Kitchen,Storage Containers,09/14/2025
C-2084,O-2093,08/02/2025,62.4,Beauty,Perfume Roll-On,05/17/2025
C-2267,O-2672,08/02/2025,217.46,Sports,Dumbbell Set,09/05/2025
C-2169,O-2712,08/02/2025,49.31,Sports,Gym Bag,06/05/2025
C-0156,O-3168,08/02/2025,158.79,Electronics,Bluetooth Speaker,07/22/2024
C-1481,O-4185,08/02/2025,233.4,Electronics,Wireless Earbuds,07/31/2025
C-2017,O-4428,08/02/2025,85.59,Home & Kitchen,LED Desk Lamp,09/11/2025
C-0184,O-4701,08/02/2025,185.09,Electronics,Laptop Stand,08/25/2024
C-0430,O-4768,08/02/2025,116.48,Beauty,Vitamin C Serum,09/09/2025
C-1494,O-4798,08/02/2025,221.05,Home & Kitchen,Knife Set,05/25/2025
C-1646,O-5267,08/02/2025,35.08,Home & Kitchen,Blender,06/19/2025
C-0674,O-5399,08/02/2025,58.23,Beauty,Face Wash,02/17/2025
C-1022,O-1150,08/03/2024,145.36,Clothing,Wool Scarf,02/24/2025
C-2217,O-1246,08/03/2024,33.96,Clothing,Polo Shirt,03/10/2025
C-2215,O-1370,08/03/2024,174.17,Clothing,Cargo Pants,09/26/2024
C-0148,O-1815,08/03/2024,448.12,Electronics,Portable Charger,07/18/2025
C-0827,O-2417,08/03/2024,489.5,Electronics,Bluetooth Speaker,08/14/2024
C-1170,O-3932,08/03/2024,57.59,Electronics,Bluetooth Speaker,11/11/2025
C-0797,O-4069,08/03/2024,75.12,Clothing,Casual Hoodie,11/07/2025
C-0045,O-4850,08/03/2024,53.61,Clothing,Casual Hoodie,09/10/2024
C-1652,O-5098,08/03/2024,162.76,Clothing,Polo Shirt,03/05/2025
C-1541,O-5961,08/03/2024,98.45,Clothing,Formal Shirt,11/24/2025
C-2332,O-6158,08/03/2024,168.39,Sports,Foam Roller,10/20/2024
C-0199,O-6215,08/03/2024,45.53,Beauty,Face Wash,03/13/2025
C-2339,O-1564,08/03/2025,439.07,Electronics,Bluetooth Speaker,09/14/2025
C-1033,O-3520,08/03/2025,258.58,Electronics,Mouse Pad,11/12/2024
C-1601,O-3756,08/03/2025,102.55,Electronics,Wireless Earbuds,12/13/2024
C-1824,O-4167,08/03/2025,125.69,Electronics,USB-C Hub,07/06/2024
C-0768,O-4307,08/03/2025,235.24,Home & Kitchen,Coffee Maker,08/25/2024
C-0240,O-4458,08/03/2025,153.76,Clothing,Formal Shirt,02/26/2025
C-2245,O-5124,08/03/2025,112.94,Clothing,Wool Scarf,10/04/2024
C-1043,O-5300,08/03/2025,205.42,Electronics,Bluetooth Speaker,09/05/2025
C-0385,O-6017,08/03/2025,94.81,Clothing,Wool Scarf,08/17/2025
C-0849,O-6145,08/03/2025,278.67,Electronics,Wireless Earbuds,06/12/2025
C-0712,O-6443,08/03/2025,31.02,Sports,Yoga Mat,09/12/2024
C-1969,O-6711,08/03/2025,366.09,Electronics,HDMI Cable,11/08/2024
C-0513,O-6896,08/03/2025,119.96,Home & Kitchen,Bamboo Cutting Board,05/31/2025
C-0249,O-2058,08/04/2024,159.79,Clothing,Denim Jacket,01/26/2025
C-1241,O-2610,08/04/2024,147.23,Home & Kitchen,Blender,11/18/2025
C-1748,O-4353,08/04/2024,64.86,Electronics,Laptop Stand,11/04/2025
C-2340,O-4963,08/04/2024,124.15,Sports,Jump Rope,10/17/2024
C-2234,O-5055,08/04/2024,135.63,Home & Kitchen,Insulated Flask,10/13/2024
C-1931,O-5072,08/04/2024,216.27,Sports,Swimming Goggles,08/26/2024
C-1138,O-5940,08/04/2024,65.78,Beauty,Hair Oil,09/10/2024
C-2074,O-6059,08/04/2024,138.44,Electronics,Webcam,05/12/2025
C-1351,O-6573,08/04/2024,111.34,Home & Kitchen,Insulated Flask,07/12/2025
C-1194,O-1601,08/04/2025,78.81,Home & Kitchen,Spice Rack,09/12/2024
C-1202,O-1947,08/04/2025,203.07,Sports,Gym Bag,09/13/2025
C-2151,O-2613,08/04/2025,136.35,Clothing,Running Shorts,08/20/2025
C-1030,O-2635,08/04/2025,264.92,Home & Kitchen,Coffee Maker,12/26/2024
C-0189,O-2981,08/04/2025,93.71,Home & Kitchen,Spice Rack,10/20/2024
C-0346,O-3018,08/04/2025,143.18,Beauty,Moisturizer,07/25/2024
C-0168,O-3683,08/04/2025,43.98,Clothing,Cargo Pants,04/12/2025
C-1477,O-3817,08/04/2025,76.4,Clothing,Linen Shirt,07/12/2025
C-0276,O-4045,08/04/2025,129.59,Electronics,Bluetooth Speaker,05/03/2025
C-1208,O-4577,08/04/2025,399.42,Electronics,HDMI Cable,07/22/2024
C-0595,O-5095,08/04/2025,77.03,Clothing,Denim Jacket,04/13/2025
C-2143,O-6129,08/04/2025,34.18,Clothing,Linen Shirt,03/04/2025
C-1449,O-6395,08/04/2025,106.31,Electronics,Mouse Pad,06/26/2025
C-1092,O-6474,08/04/2025,58.71,Sports,Foam Roller,03/19/2025
C-0851,O-6837,08/04/2025,84.91,Beauty,Lip Balm Set,09/21/2024
C-2304,O-1739,08/05/2024,65.68,Home & Kitchen,Insulated Flask,07/09/2025
C-0087,O-1858,08/05/2024,106.7,Beauty,Moisturizer,03/27/2025
C-1969,O-2865,08/05/2024,130.78,Electronics,Mechanical Keyboard,11/08/2024
C-1338,O-3288,08/05/2024,180.54,Home & Kitchen,Insulated Flask,09/22/2025
C-0401,O-4099,08/05/2024,255.67,Electronics,Wireless Earbuds,09/26/2025
C-1698,O-4528,08/05/2024,242.48,Electronics,Webcam,08/15/2025
C-1110,O-4631,08/05/2024,315.79,Electronics,Webcam,08/22/2024
C-0621,O-4653,08/05/2024,400.74,Electronics,Laptop Stand,04/04/2025
C-2345,O-4870,08/05/2024,272.16,Home & Kitchen,Air Purifier,02/12/2025
C-0008,O-1103,08/05/2025,14.53,Beauty,Eye Cream,09/28/2024
C-1046,O-1641,08/05/2025,150.85,Clothing,Casual Hoodie,10/31/2025
C-1351,O-1658,08/05/2025,219.59,Home & Kitchen,Storage Containers,07/12/2025
C-2470,O-2119,08/05/2025,238.2,Sports,Water Bottle,10/12/2025
C-1683,O-2126,08/05/2025,108.11,Electronics,Bluetooth Speaker,08/19/2024
C-2190,O-2149,08/05/2025,354.82,Electronics,Wireless Earbuds,08/03/2025
C-0232,O-3173,08/05/2025,108.54,Clothing,Formal Shirt,11/01/2025
C-1876,O-3313,08/05/2025,278.23,Home & Kitchen,Air Purifier,11/21/2024
C-1154,O-3764,08/05/2025,448.45,Electronics,Mouse Pad,12/09/2024
C-0618,O-4497,08/05/2025,113.77,Clothing,Cargo Pants,06/04/2025
C-0969,O-4654,08/05/2025,111.0,Beauty,Sheet Mask Pack,06/01/2025
C-0612,O-4716,08/05/2025,205.99,Electronics,HDMI Cable,03/07/2025
C-0498,O-4785,08/05/2025,190.68,Home & Kitchen,Knife Set,11/08/2024
C-1111,O-5199,08/05/2025,281.89,Electronics,Laptop Stand,04/21/2025
C-0467,O-5528,08/05/2025,140.75,Clothing,Track Pants,02/05/2025
C-1689,O-1222,08/06/2024,252.12,Home & Kitchen,Non-Stick Pan Set,07/09/2024
C-0574,O-1666,08/06/2024,157.32,Electronics,Smart Watch Band,10/20/2025
C-0218,O-2550,08/06/2024,43.11,Home & Kitchen,LED Desk Lamp,03/29/2025
C-0427,O-2644,08/06/2024,135.31,Clothing,Casual Hoodie,11/29/2024
C-2287,O-2736,08/06/2024,76.56,Sports,Yoga Mat,09/14/2025
C-2435,O-2933,08/06/2024,83.05,Beauty,Vitamin C Serum,09/07/2025
C-2123,O-3167,08/06/2024,35.61,Clothing,Denim Jacket,11/30/2025
C-0212,O-4650,08/06/2024,286.63,Electronics,Mechanical Keyboard,08/15/2025
C-2364,O-5581,08/06/2024,26.33,Clothing,Denim Jacket,10/10/2025
C-1604,O-5690,08/06/2024,120.75,Clothing,Running Shorts,06/20/2025
C-0719,O-5874,08/06/2024,91.51,Home & Kitchen,Air Purifier,10/23/2025
C-2359,O-6781,08/06/2024,139.08,Clothing,Denim Jacket,10/27/2024
C-1208,O-1938,08/06/2025,96.2,Electronics,Wireless Earbuds,07/22/2024
C-2364,O-2482,08/06/2025,127.23,Beauty,Face Wash,10/10/2025
C-1658,O-2552,08/06/2025,150.78,Clothing,Casual Hoodie,11/22/2024
C-2008,O-2744,08/06/2025,157.26,Home & Kitchen,Storage Containers,02/28/2025
C-0876,O-3707,08/06/2025,39.78,Clothing,Wool Scarf,11/27/2024
C-2437,O-4381,08/06/2025,201.82,Electronics,Smart Watch Band,11/11/2025
C-0621,O-5086,08/06/2025,144.1,Clothing,Linen Shirt,04/04/2025
C-1811,O-5738,08/06/2025,329.65,Electronics,Smart Watch Band,10/20/2024
C-1785,O-6016,08/06/2025,66.97,Sports,Dumbbell Set,04/22/2025
C-2392,O-2096,08/07/2024,253.44,Electronics,Webcam,08/10/2025
C-1911,O-2680,08/07/2024,166.68,Sports,Foam Roller,10/26/2025
C-1464,O-2880,08/07/2024,93.37,Home & Kitchen,Knife Set,05/20/2025
C-0802,O-3438,08/07/2024,31.04,Sports,Gym Bag,07/28/2025
C-0636,O-3514,08/07/2024,443.81,Electronics,Smart Watch Band,01/15/2025
C-0172,O-3559,08/07/2024,120.62,Clothing,Cotton T-Shirt,10/28/2025
C-0119,O-4573,08/07/2024,318.01,Electronics,HDMI Cable,05/02/2025
C-1048,O-5075,08/07/2024,178.54,Home & Kitchen,Coffee Maker,07/06/2025
C-0362,O-5660,08/07/2024,237.78,Sports,Swimming Goggles,10/20/2024
C-2370,O-5835,08/07/2024,53.47,Beauty,Moisturizer,09/22/2025
C-0056,O-5945,08/07/2024,434.96,Electronics,Wireless Earbuds,12/14/2024
C-0610,O-6575,08/07/2024,261.62,Electronics,Bluetooth Speaker,02/12/2025
C-1531,O-6987,08/07/2024,26.91,Beauty,Hair Oil,09/17/2024
C-2007,O-1496,08/07/2025,120.36,Home & Kitchen,Non-Stick Pan Set,05/25/2025
C-0822,O-1653,08/07/2025,98.79,Electronics,Mouse Pad,01/10/2025
C-0392,O-2137,08/07/2025,90.92,Home & Kitchen,Non-Stick Pan Set,05/05/2025
C-1152,O-2503,08/07/2025,190.21,Electronics,Smart Watch Band,08/23/2024
C-0193,O-2523,08/07/2025,106.27,Clothing,Polo Shirt,10/03/2025
C-1543,O-3407,08/07/2025,415.4,Electronics,Webcam,10/29/2024
C-0206,O-4160,08/07/2025,77.08,Clothing,Linen Shirt,02/28/2025
C-1366,O-4881,08/07/2025,126.21,Clothing,Linen Shirt,11/05/2024
C-0213,O-5110,08/07/2025,228.11,Electronics,Mechanical Keyboard,08/30/2024
C-1455,O-6484,08/07/2025,218.45,Sports,Foam Roller,11/16/2024
C-0004,O-1657,08/08/2024,66.69,Home & Kitchen,Bamboo Cutting Board,03/08/2025
C-1625,O-2144,08/08/2024,369.09,Electronics,Bluetooth Speaker,08/01/2024
C-1393,O-3691,08/08/2024,198.73,Clothing,Cotton T-Shirt,11/27/2024
C-0348,O-5172,08/08/2024,225.18,Home & Kitchen,Bamboo Cutting Board,08/13/2025
C-1347,O-5630,08/08/2024,37.06,Home & Kitchen,Coffee Maker,03/02/2025
C-1043,O-5884,08/08/2024,165.21,Clothing,Wool Scarf,09/05/2025
C-2429,O-6325,08/08/2024,462.41,Electronics,Bluetooth Speaker,07/18/2025
C-1637,O-6819,08/08/2024,281.02,Electronics,Laptop Stand,09/24/2025
C-2344,O-6925,08/08/2024,326.12,Electronics,Mouse Pad,02/13/2025
C-2418,O-1607,08/08/2025,136.66,Home & Kitchen,Knife Set,10/12/2025
C-2176,O-1707,08/08/2025,98.7,Clothing,Denim Jacket,08/17/2024
C-0500,O-1905,08/08/2025,169.84,Clothing,Denim Jacket,08/08/2025
C-2245,O-2250,08/08/2025,388.52,Electronics,Laptop Stand,10/04/2024
C-0081,O-2266,08/08/2025,240.46,Home & Kitchen,Storage Containers,08/10/2025
C-0728,O-2370,08/08/2025,44.1,Home & Kitchen,LED Desk Lamp,09/16/2025
C-1241,O-2615,08/08/2025,219.44,Electronics,Mouse Pad,11/18/2025
C-2253,O-2856,08/08/2025,208.82,Home & Kitchen,Spice Rack,03/06/2025
C-1740,O-2859,08/08/2025,159.29,Home & Kitchen,Insulated Flask,10/21/2024
C-1230,O-3217,08/08/2025,248.37,Sports,Resistance Bands,06/25/2025
C-2432,O-3821,08/08/2025,421.91,Electronics,Laptop Stand,09/02/2025
C-1792,O-3953,08/08/2025,29.6,Clothing,Running Shorts,04/21/2025
C-0751,O-4738,08/08/2025,109.24,Clothing,Cotton T-Shirt,12/12/2024
C-1711,O-4919,08/08/2025,67.89,Electronics,Mouse Pad,08/08/2025
C-1284,O-5315,08/08/2025,60.0,Sports,Dumbbell Set,09/23/2025
C-1950,O-1325,08/09/2024,80.47,Beauty,Perfume Roll-On,09/09/2024
C-1862,O-2446,08/09/2024,65.02,Home & Kitchen,Spice Rack,03/21/2025
C-1527,O-2884,08/09/2024,221.86,Electronics,Bluetooth Speaker,10/04/2025
C-1557,O-3356,08/09/2024,129.22,Sports,Resistance Bands,09/28/2024
C-1871,O-3818,08/09/2024,125.56,Electronics,Bluetooth Speaker,06/01/2025
C-0662,O-5417,08/09/2024,423.86,Electronics,HDMI Cable,09/05/2024
C-2174,O-5746,08/09/2024,172.29,Clothing,Wool Scarf,10/30/2025
C-0347,O-5755,08/09/2024,207.73,Home & Kitchen,Air Purifier,01/14/2025
C-0311,O-6742,08/09/2024,285.33,Home & Kitchen,Non-Stick Pan Set,09/14/2025
C-2480,O-1391,08/09/2025,401.44,Electronics,Mouse Pad,10/13/2024
C-1240,O-1889,08/09/2025,291.22,Home & Kitchen,Air Purifier,12/29/2024
C-2219,O-2159,08/09/2025,73.45,Sports,Resistance Bands,09/23/2024
C-0836,O-2366,08/09/2025,378.42,Electronics,Webcam,11/27/2025
C-2340,O-2677,08/09/2025,212.76,Electronics,Portable Charger,10/17/2024
C-1313,O-3387,08/09/2025,225.85,Electronics,Laptop Stand,10/04/2024
C-0501,O-3694,08/09/2025,246.64,Home & Kitchen,Air Purifier,07/28/2024
C-2442,O-4027,08/09/2025,161.85,Electronics,Laptop Stand,11/21/2024
C-1246,O-5323,08/09/2025,222.79,Sports,Running Armband,12/02/2024
C-0498,O-5845,08/09/2025,167.5,Electronics,Smart Watch Band,11/08/2024
C-0406,O-6441,08/09/2025,193.5,Clothing,Linen Shirt,09/25/2024
C-0167,O-6963,08/09/2025,75.99,Electronics,Laptop Stand,03/01/2025
C-0999,O-1263,08/10/2024,129.88,Home & Kitchen,Insulated Flask,09/29/2025
C-2360,O-2133,08/10/2024,202.73,Home & Kitchen,Bamboo Cutting Board,11/23/2024
C-0504,O-2270,08/10/2024,343.69,Electronics,Webcam,11/16/2024
C-1765,O-2428,08/10/2024,43.48,Beauty,Sheet Mask Pack,10/26/2025
C-2466,O-3005,08/10/2024,58.79,Beauty,Perfume Roll-On,04/08/2025
C-1613,O-3080,08/10/2024,172.66,Clothing,Polo Shirt,11/27/2025
C-0398,O-3212,08/10/2024,262.77,Electronics,Mechanical Keyboard,09/14/2025
C-2329,O-3289,08/10/2024,111.19,Beauty,Moisturizer,08/07/2024
C-0597,O-3392,08/10/2024,66.95,Clothing,Cargo Pants,07/11/2024
C-2434,O-3799,08/10/2024,237.46,Home & Kitchen,Storage Containers,07/28/2025
C-0684,O-4638,08/10/2024,170.7,Sports,Resistance Bands,02/02/2025
C-1168,O-4922,08/10/2024,326.54,Electronics,Webcam,10/22/2024
C-0057,O-5176,08/10/2024,135.91,Electronics,Mechanical Keyboard,07/15/2025
C-0961,O-2097,08/10/2025,449.92,Electronics,Mechanical Keyboard,07/13/2025
C-0787,O-2969,08/10/2025,95.42,Beauty,Vitamin C Serum,10/04/2024
C-0844,O-3339,08/10/2025,446.33,Electronics,Mechanical Keyboard,08/24/2025
C-2015,O-3498,08/10/2025,143.28,Home & Kitchen,Knife Set,09/01/2024
C-1020,O-4021,08/10/2025,146.1,Home & Kitchen,Storage Containers,01/29/2025
C-1794,O-4504,08/10/2025,15.71,Clothing,Track Pants,07/24/2025
C-0741,O-4887,08/10/2025,33.48,Clothing,Casual Hoodie,01/02/2025
C-1444,O-5682,08/10/2025,113.86,Clothing,Denim Jacket,03/04/2025
C-0926,O-6407,08/10/2025,59.59,Electronics,Portable Charger,10/08/2024
C-1247,O-1070,08/11/2024,116.75,Electronics,Laptop Stand,09/24/2025
C-0182,O-1706,08/11/2024,27.73,Sports,Swimming Goggles,08/25/2025
C-2283,O-1796,08/11/2024,102.08,Electronics,Mouse Pad,07/25/2025
C-1654,O-3576,08/11/2024,32.2,Clothing,Cargo Pants,11/03/2024
C-1921,O-3664,08/11/2024,19.86,Clothing,Polo Shirt,01/24/2025
C-1114,O-3754,08/11/2024,76.98,Beauty,Vitamin C Serum,10/15/2024
C-1549,O-4238,08/11/2024,91.49,Beauty,Vitamin C Serum,11/15/2025
C-1298,O-4417,08/11/2024,119.47,Beauty,Eye Cream,04/17/2025
C-2280,O-5467,08/11/2024,169.15,Home & Kitchen,Spice Rack,07/07/2024
C-1610,O-6064,08/11/2024,158.25,Home & Kitchen,Knife Set,11/06/2024
C-1647,O-6524,08/11/2024,174.36,Electronics,Mouse Pad,08/13/2025
C-0981,O-6857,08/11/2024,52.24,Beauty,Eye Cream,10/27/2024
C-2279,O-1136,08/11/2025,167.91,Home & Kitchen,Bamboo Cutting Board,05/08/2025
C-2133,O-1160,08/11/2025,165.67,Home & Kitchen,Non-Stick Pan Set,07/18/2024
C-1626,O-6798,08/11/2025,261.86,Home & Kitchen,LED Desk Lamp,11/22/2025
C-0736,O-6895,08/11/2025,41.05,Home & Kitchen,LED Desk Lamp,08/11/2024
C-2292,O-1890,08/12/2024,71.71,Home & Kitchen,Bamboo Cutting Board,11/03/2025
C-0030,O-2212,08/12/2024,406.3,Electronics,HDMI Cable,10/13/2024
C-1656,O-3139,08/12/2024,165.02,Clothing,Polo Shirt,10/04/2025
C-2054,O-3340,08/12/2024,15.75,Clothing,Linen Shirt,01/09/2025
C-0224,O-3412,08/12/2024,25.04,Beauty,Face Wash,01/11/2025
C-0934,O-4002,08/12/2024,147.9,Beauty,Vitamin C Serum,04/29/2025
C-2348,O-4016,08/12/2024,263.23,Home & Kitchen,Non-Stick Pan Set,08/05/2025
C-0779,O-4518,08/12/2024,138.35,Clothing,Formal Shirt,11/09/2025
C-1560,O-4661,08/12/2024,268.26,Home & Kitchen,Spice Rack,09/05/2024
C-0322,O-6233,08/12/2024,190.5,Electronics,Mouse Pad,08/21/2025
C-1473,O-2183,08/12/2025,96.65,Clothing,Polo Shirt,08/18/2024
C-1575,O-2198,08/12/2025,167.6,Home & Kitchen,Coffee Maker,10/22/2025
C-0780,O-2351,08/12/2025,176.0,Clothing,Track Pants,11/02/2024
C-1157,O-2420,08/12/2025,154.09,Clothing,Wool Scarf,04/05/2025
C-1961,O-2814,08/12/2025,173.38,Electronics,Portable Charger,07/22/2025
C-2455,O-2862,08/12/2025,51.76,Sports,Water Bottle,08/23/2025
C-1886,O-3994,08/12/2025,448.15,Electronics,Wireless Earbuds,06/03/2025
C-0139,O-5168,08/12/2025,150.07,Clothing,Formal Shirt,11/09/2024
C-0659,O-5489,08/12/2025,100.07,Clothing,Formal Shirt,03/16/2025
C-1961,O-5667,08/12/2025,102.15,Beauty,Vitamin C Serum,07/22/2025
C-0401,O-6112,08/12/2025,45.26,Sports,Jump Rope,09/26/2025
C-0886,O-6244,08/12/2025,142.22,Home & Kitchen,Non-Stick Pan Set,11/24/2024
C-1481,O-6487,08/12/2025,190.92,Sports,Yoga Mat,07/31/2025
C-2218,O-1367,08/13/2024,96.89,Beauty,Hair Oil,09/14/2024
C-2010,O-1760,08/13/2024,126.84,Beauty,Face Wash,11/24/2024
C-0721,O-1847,08/13/2024,199.91,Sports,Foam Roller,08/17/2025
C-0673,O-3337,08/13/2024,125.78,Clothing,Running Shorts,08/31/2025
C-2483,O-3454,08/13/2024,111.16,Electronics,Mechanical Keyboard,08/03/2024
C-0074,O-3718,08/13/2024,139.66,Sports,Yoga Mat,08/15/2025
C-0737,O-4448,08/13/2024,77.02,Clothing,Denim Jacket,12/27/2024
C-0004,O-4459,08/13/2024,89.8,Beauty,Vitamin C Serum,03/08/2025
C-1088,O-4618,08/13/2024,28.62,Sports,Resistance Bands,10/06/2024
C-0190,O-5784,08/13/2024,86.36,Electronics,USB-C Hub,03/12/2025
C-1493,O-6069,08/13/2024,445.77,Electronics,Bluetooth Speaker,04/27/2025
C-0381,O-1361,08/13/2025,45.91,Home & Kitchen,Insulated Flask,05/04/2025
C-1901,O-1635,08/13/2025,153.04,Clothing,Polo Shirt,04/29/2025
C-0649,O-2441,08/13/2025,64.35,Beauty,Lip Balm Set,11/15/2025
C-1782,O-2845,08/13/2025,61.73,Clothing,Casual Hoodie,05/02/2025
C-0188,O-2891,08/13/2025,82.72,Sports,Dumbbell Set,06/13/2025
C-0135,O-2947,08/13/2025,164.54,Home & Kitchen,Insulated Flask,09/26/2024
C-1175,O-4326,08/13/2025,345.58,Electronics,Mouse Pad,08/26/2024
C-1155,O-4462,08/13/2025,188.84,Home & Kitchen,Coffee Maker,08/20/2024
C-2238,O-4652,08/13/2025,25.38,Clothing,Running Shorts,09/15/2025
C-1679,O-4920,08/13/2025,422.61,Electronics,Laptop Stand,10/12/2025
C-1911,O-5045,08/13/2025,375.97,Electronics,Smart Watch Band,10/26/2025
C-0975,O-5262,08/13/2025,56.49,Home & Kitchen,Air Purifier,10/28/2024
C-0636,O-6619,08/13/2025,40.22,Clothing,Linen Shirt,01/15/2025
C-1766,O-6784,08/13/2025,195.15,Clothing,Formal Shirt,09/02/2024
C-1518,O-1328,08/14/2024,88.11,Home & Kitchen,Knife Set,08/05/2024
C-0655,O-1689,08/14/2024,178.28,Electronics,Laptop Stand,09/25/2025
C-1475,O-2081,08/14/2024,65.5,Sports,Water Bottle,04/06/2025
C-0630,O-2346,08/14/2024,297.72,Electronics,Mechanical Keyboard,01/13/2025
C-0348,O-2385,08/14/2024,142.87,Home & Kitchen,Air Purifier,08/13/2025
C-1158,O-2654,08/14/2024,136.21,Clothing,Linen Shirt,09/27/2025
C-1303,O-3171,08/14/2024,118.87,Home & Kitchen,Air Purifier,11/22/2024
C-1019,O-4009,08/14/2024,147.95,Sports,Gym Bag,09/09/2024
C-0166,O-4451,08/14/2024,433.25,Electronics,HDMI Cable,09/11/2024
C-0390,O-4490,08/14/2024,167.72,Clothing,Wool Scarf,07/24/2025
C-1557,O-6011,08/14/2024,47.1,Clothing,Cotton T-Shirt,09/28/2024
C-1642,O-1207,08/14/2025,212.21,Sports,Dumbbell Set,06/14/2025
C-0669,O-2280,08/14/2025,140.16,Clothing,Formal Shirt,05/08/2025
C-1417,O-2522,08/14/2025,272.22,Electronics,Laptop Stand,09/03/2024
C-1721,O-3016,08/14/2025,101.58,Sports,Resistance Bands,08/09/2024
C-0263,O-3678,08/14/2025,352.85,Electronics,USB-C Hub,02/04/2025
C-0580,O-3679,08/14/2025,224.65,Home & Kitchen,Bamboo Cutting Board,04/12/2025
C-1151,O-4928,08/14/2025,423.93,Electronics,Mechanical Keyboard,09/25/2024
C-1133,O-5029,08/14/2025,192.74,Clothing,Casual Hoodie,06/25/2025
C-2051,O-5366,08/14/2025,127.74,Clothing,Formal Shirt,07/22/2025
C-1170,O-6728,08/14/2025,42.6,Beauty,Body Lotion,11/11/2025
C-0860,O-6904,08/14/2025,190.13,Home & Kitchen,Knife Set,02/18/2025
C-1274,O-1573,08/15/2024,264.77,Home & Kitchen,Blender,09/02/2024
C-2073,O-2142,08/15/2024,133.19,Clothing,Denim Jacket,07/03/2025
C-2314,O-2418,08/15/2024,37.56,Home & Kitchen,Spice Rack,08/23/2025
C-0770,O-2863,08/15/2024,91.78,Electronics,Mechanical Keyboard,07/06/2025
C-1647,O-3156,08/15/2024,160.78,Electronics,Smart Watch Band,08/13/2025
C-0055,O-3326,08/15/2024,220.22,Home & Kitchen,Bamboo Cutting Board,07/09/2025
C-0988,O-3626,08/15/2024,115.1,Clothing,Formal Shirt,09/03/2025
C-0731,O-3652,08/15/2024,40.85,Clothing,Casual Hoodie,07/27/2024
C-2117,O-4218,08/15/2024,277.22,Home & Kitchen,Insulated Flask,11/18/2024
C-0763,O-6009,08/15/2024,178.65,Clothing,Track Pants,10/27/2024
C-1649,O-6099,08/15/2024,398.04,Electronics,HDMI Cable,07/15/2025
C-0911,O-6153,08/15/2024,224.21,Electronics,USB-C Hub,04/29/2025
C-1385,O-6975,08/15/2024,187.22,Sports,Water Bottle,07/31/2025
C-2083,O-1340,08/15/2025,95.96,Beauty,Perfume Roll-On,07/15/2025
C-1575,O-1344,08/15/2025,103.78,Home & Kitchen,Storage Containers,10/22/2025
C-1618,O-1802,08/15/2025,228.89,Home & Kitchen,Coffee Maker,08/12/2024
C-1599,O-2353,08/15/2025,75.62,Home & Kitchen,LED Desk Lamp,05/08/2025
C-1175,O-2436,08/15/2025,184.67,Clothing,Linen Shirt,08/26/2024
C-2366,O-2848,08/15/2025,165.86,Home & Kitchen,Air Purifier,11/07/2025
C-0652,O-2906,08/15/2025,231.6,Home & Kitchen,Insulated Flask,04/18/2025
C-0387,O-4010,08/15/2025,183.35,Clothing,Cotton T-Shirt,11/08/2024
C-2456,O-4605,08/15/2025,122.14,Home & Kitchen,LED Desk Lamp,11/16/2025
C-0853,O-4823,08/15/2025,81.25,Clothing,Running Shorts,07/25/2025
C-1516,O-5198,08/15/2025,125.9,Clothing,Linen Shirt,11/24/2024
C-1574,O-5204,08/15/2025,238.41,Electronics,Bluetooth Speaker,07/13/2025
C-0813,O-5283,08/15/2025,56.3,Home & Kitchen,Spice Rack,11/14/2025
C-0552,O-5632,08/15/2025,147.79,Clothing,Linen Shirt,10/13/2024
C-0470,O-5646,08/15/2025,187.82,Sports,Water Bottle,08/22/2025
C-0684,O-5725,08/15/2025,166.17,Clothing,Polo Shirt,02/02/2025
C-0552,O-6246,08/15/2025,152.18,Clothing,Formal Shirt,10/13/2024
C-0601,O-6620,08/15/2025,219.55,Home & Kitchen,Coffee Maker,08/21/2025
C-1232,O-6868,08/15/2025,370.65,Electronics,Mechanical Keyboard,02/27/2025
C-1444,O-6937,08/15/2025,182.73,Electronics,Mouse Pad,03/04/2025
C-2399,O-1275,08/16/2024,123.37,Home & Kitchen,Coffee Maker,02/05/2025
C-2451,O-1888,08/16/2024,328.85,Electronics,HDMI Cable,01/16/2025
C-1646,O-2011,08/16/2024,77.89,Clothing,Cotton T-Shirt,06/19/2025
C-1476,O-2221,08/16/2024,175.92,Sports,Gym Bag,11/05/2024
C-0918,O-2357,08/16/2024,35.75,Home & Kitchen,Bamboo Cutting Board,11/21/2025
C-2197,O-2652,08/16/2024,220.85,Sports,Yoga Mat,08/24/2024
C-0064,O-3153,08/16/2024,227.07,Sports,Water Bottle,12/15/2024
C-1300,O-3840,08/16/2024,169.59,Electronics,Smart Watch Band,12/01/2024
C-1362,O-4150,08/16/2024,348.79,Electronics,HDMI Cable,08/23/2024
C-1755,O-4181,08/16/2024,26.92,Clothing,Formal Shirt,01/12/2025
C-2127,O-4292,08/16/2024,267.73,Electronics,USB-C Hub,11/07/2025
C-1230,O-4820,08/16/2024,61.37,Clothing,Cargo Pants,06/25/2025
C-0735,O-5064,08/16/2024,425.0,Electronics,Laptop Stand,04/02/2025
C-2395,O-5229,08/16/2024,50.49,Electronics,Mechanical Keyboard,10/04/2025
C-1224,O-5329,08/16/2024,195.52,Electronics,HDMI Cable,06/07/2025
C-0399,O-5346,08/16/2024,198.49,Home & Kitchen,Knife Set,05/26/2025
C-2280,O-6404,08/16/2024,59.67,Clothing,Cargo Pants,07/07/2024
C-0742,O-6530,08/16/2024,119.25,Clothing,Wool Scarf,09/20/2025
C-0982,O-6964,08/16/2024,134.31,Clothing,Linen Shirt,10/08/2024
C-2494,O-1141,08/16/2025,360.73,Electronics,Laptop Stand,12/17/2024
C-2350,O-1832,08/16/2025,114.0,Beauty,Eye Cream,11/25/2025
C-1718,O-1971,08/16/2025,132.3,Beauty,Perfume Roll-On,11/25/2025
C-1563,O-2061,08/16/2025,154.9,Electronics,Mechanical Keyboard,12/09/2024
C-0763,O-2313,08/16/2025,94.7,Clothing,Denim Jacket,10/27/2024
C-2377,O-3333,08/16/2025,156.95,Clothing,Wool Scarf,07/24/2024
C-2229,O-3809,08/16/2025,51.26,Clothing,Polo Shirt,07/06/2024
C-1294,O-4446,08/16/2025,258.47,Electronics,Webcam,09/06/2024
C-2046,O-4456,08/16/2025,34.24,Clothing,Cotton T-Shirt,07/15/2025
C-0095,O-5691,08/16/2025,119.77,Home & Kitchen,Blender,08/18/2024
C-0934,O-5809,08/16/2025,235.51,Home & Kitchen,Coffee Maker,04/29/2025
C-1678,O-6688,08/16/2025,365.55,Electronics,USB-C Hub,11/30/2025
C-0199,O-1011,08/17/2024,57.33,Electronics,Mouse Pad,03/13/2025
C-1728,O-4198,08/17/2024,132.88,Clothing,Cotton T-Shirt,06/01/2025
C-0540,O-4408,08/17/2024,256.3,Electronics,Portable Charger,12/19/2024
C-0704,O-4868,08/17/2024,456.85,Electronics,Bluetooth Speaker,03/28/2025
C-0024,O-4926,08/17/2024,187.38,Clothing,Cotton T-Shirt,09/06/2025
C-0374,O-6854,08/17/2024,55.74,Electronics,Mouse Pad,01/18/2025
C-1048,O-2899,08/17/2025,485.48,Electronics,Smart Watch Band,07/06/2025
C-1756,O-3790,08/17/2025,149.73,Home & Kitchen,Coffee Maker,07/20/2024
C-0251,O-3791,08/17/2025,43.03,Beauty,Body Lotion,03/02/2025
C-0821,O-3952,08/17/2025,464.89,Electronics,Mouse Pad,05/26/2025
C-0377,O-4122,08/17/2025,81.24,Sports,Running Armband,09/10/2024
C-2222,O-4483,08/17/2025,97.14,Electronics,Mouse Pad,07/25/2025
C-1634,O-5621,08/17/2025,51.44,Beauty,Sheet Mask Pack,09/13/2024
C-1095,O-6065,08/17/2025,161.34,Home & Kitchen,Air Purifier,10/29/2025
C-2484,O-6962,08/17/2025,54.65,Clothing,Linen Shirt,10/04/2025
C-1181,O-1735,08/18/2024,255.17,Electronics,Portable Charger,03/19/2025
C-0074,O-3730,08/18/2024,122.46,Clothing,Linen Shirt,08/15/2025
C-0920,O-4369,08/18/2024,140.54,Home & Kitchen,Storage Containers,02/21/2025
C-0504,O-4529,08/18/2024,186.36,Electronics,Portable Charger,11/16/2024
C-0486,O-5268,08/18/2024,55.6,Clothing,Running Shorts,02/11/2025
C-1625,O-5771,08/18/2024,172.49,Electronics,Wireless Earbuds,08/01/2024
C-0409,O-5989,08/18/2024,124.15,Home & Kitchen,Knife Set,10/04/2024
C-2341,O-6268,08/18/2024,47.83,Beauty,Lip Balm Set,07/11/2024
C-0005,O-6448,08/18/2024,165.8,Home & Kitchen,Storage Containers,02/14/2025
C-2000,O-6698,08/18/2024,37.84,Sports,Running Armband,02/08/2025
C-2458,O-1164,08/18/2025,223.35,Home & Kitchen,Air Purifier,09/28/2025
C-2091,O-1604,08/18/2025,18.74,Beauty,Face Wash,09/01/2025
C-2437,O-1804,08/18/2025,376.34,Electronics,Mechanical Keyboard,11/11/2025
C-0602,O-1973,08/18/2025,179.2,Clothing,Casual Hoodie,11/13/2025
C-1420,O-2109,08/18/2025,194.3,Sports,Sports Towel,07/17/2024
C-0609,O-2258,08/18/2025,158.38,Electronics,Bluetooth Speaker,04/28/2025
C-1618,O-3456,08/18/2025,144.69,Beauty,Body Lotion,08/12/2024
C-1837,O-3473,08/18/2025,100.15,Clothing,Linen Shirt,12/27/2024
C-1932,O-3869,08/18/2025,138.05,Clothing,Denim Jacket,10/08/2025
C-1597,O-5449,08/18/2025,232.29,Electronics,Laptop Stand,11/05/2024
C-1341,O-6366,08/18/2025,107.33,Electronics,USB-C Hub,07/09/2025
C-1576,O-6425,08/18/2025,185.45,Sports,Water Bottle,11/10/2024
C-0200,O-1191,08/19/2024,38.26,Home & Kitchen,Non-Stick Pan Set,09/16/2024
C-1459,O-1769,08/19/2024,133.21,Clothing,Track Pants,04/27/2025
C-1993,O-2992,08/19/2024,137.82,Beauty,Moisturizer,10/01/2025
C-1285,O-3148,08/19/2024,290.86,Home & Kitchen,Non-Stick Pan Set,12/10/2024
C-2195,O-3362,08/19/2024,364.2,Electronics,Bluetooth Speaker,11/25/2025
C-0685,O-3451,08/19/2024,59.76,Clothing,Running Shorts,03/28/2025
C-0507,O-3696,08/19/2024,91.3,Home & Kitchen,LED Desk Lamp,08/21/2024
C-2397,O-5510,08/19/2024,339.34,Electronics,Webcam,08/03/2025
C-0246,O-5580,08/19/2024,380.19,Electronics,HDMI Cable,09/03/2025
C-1945,O-5920,08/19/2024,55.86,Beauty,Sheet Mask Pack,08/16/2024
C-1638,O-6304,08/19/2024,196.99,Electronics,USB-C Hub,08/30/2025
C-0546,O-6517,08/19/2024,50.72,Clothing,Track Pants,05/16/2025
C-2384,O-1296,08/19/2025,136.88,Beauty,Lip Balm Set,06/04/2025
C-2342,O-1389,08/19/2025,21.08,Beauty,Sunscreen SPF50,10/09/2024
C-2471,O-1806,08/19/2025,84.14,Sports,Swimming Goggles,11/20/2025
C-1229,O-2602,08/19/2025,166.75,Clothing,Running Shorts,06/23/2025
C-1447,O-3431,08/19/2025,454.3,Electronics,Portable Charger,11/14/2024
C-2325,O-4109,08/19/2025,256.6,Electronics,Smart Watch Band,11/03/2025
C-1449,O-4318,08/19/2025,419.47,Electronics,USB-C Hub,06/26/2025
C-0879,O-4634,08/19/2025,98.16,Clothing,Polo Shirt,01/01/2025
C-0703,O-4987,08/19/2025,33.31,Home & Kitchen,Air Purifier,02/25/2025
C-1231,O-5141,08/19/2025,115.78,Home & Kitchen,Knife Set,11/29/2024
C-0506,O-5998,08/19/2025,251.66,Home & Kitchen,Knife Set,01/03/2025
C-0762,O-6401,08/19/2025,20.99,Sports,Resistance Bands,05/28/2025
C-0210,O-6450,08/19/2025,139.66,Clothing,Casual Hoodie,11/05/2025
C-2147,O-6931,08/19/2025,135.9,Home & Kitchen,Non-Stick Pan Set,03/31/2025
C-2115,O-1521,08/20/2024,229.12,Electronics,Mouse Pad,07/07/2024
C-0851,O-1538,08/20/2024,343.97,Electronics,Wireless Earbuds,09/21/2024
C-0692,O-1876,08/20/2024,126.07,Clothing,Cargo Pants,07/03/2024
C-2455,O-3665,08/20/2024,448.61,Electronics,Portable Charger,08/23/2025
C-1900,O-4176,08/20/2024,175.04,Sports,Sports Towel,10/29/2024
C-0376,O-4306,08/20/2024,37.53,Home & Kitchen,Spice Rack,09/15/2025
C-0844,O-4358,08/20/2024,153.14,Home & Kitchen,Blender,08/24/2025
C-2426,O-4764,08/20/2024,64.6,Electronics,Portable Charger,05/09/2025
C-1868,O-6005,08/20/2024,65.09,Home & Kitchen,Air Purifier,12/27/2024
C-0910,O-6338,08/20/2024,72.08,Beauty,Eye Cream,07/03/2025
C-0176,O-1669,08/20/2025,256.27,Electronics,HDMI Cable,01/11/2025
C-2117,O-2940,08/20/2025,194.89,Clothing,Running Shorts,11/18/2024
C-0770,O-3043,08/20/2025,98.84,Clothing,Casual Hoodie,07/06/2025
C-0371,O-3090,08/20/2025,133.3,Clothing,Polo Shirt,08/15/2024
C-1480,O-3579,08/20/2025,68.67,Home & Kitchen,Bamboo Cutting Board,09/24/2025
C-0470,O-3588,08/20/2025,215.11,Home & Kitchen,Bamboo Cutting Board,08/22/2025
C-0604,O-3747,08/20/2025,174.74,Home & Kitchen,Insulated Flask,10/31/2025
C-1488,O-3933,08/20/2025,230.27,Sports,Sports Towel,09/23/2024
C-0248,O-4154,08/20/2025,70.96,Beauty,Perfume Roll-On,03/25/2025
C-1221,O-4158,08/20/2025,30.91,Sports,Swimming Goggles,05/14/2025
C-0098,O-4168,08/20/2025,277.83,Home & Kitchen,Insulated Flask,12/11/2024
C-2213,O-5572,08/20/2025,144.0,Clothing,Denim Jacket,01/07/2025
C-0688,O-6273,08/20/2025,38.29,Clothing,Running Shorts,03/03/2025
C-1889,O-1078,08/21/2024,244.92,Electronics,Smart Watch Band,03/25/2025
C-0448,O-2549,08/21/2024,85.38,Home & Kitchen,Coffee Maker,03/23/2025
C-2265,O-3440,08/21/2024,469.4,Electronics,HDMI Cable,09/19/2025
C-0589,O-3762,08/21/2024,200.31,Home & Kitchen,LED Desk Lamp,01/03/2025
C-1711,O-4172,08/21/2024,201.77,Electronics,Bluetooth Speaker,08/08/2025
C-0852,O-4229,08/21/2024,148.56,Electronics,USB-C Hub,06/02/2025
C-2097,O-4566,08/21/2024,438.56,Electronics,Smart Watch Band,07/24/2025
C-0167,O-4703,08/21/2024,417.17,Electronics,Smart Watch Band,03/01/2025
C-0409,O-5785,08/21/2024,125.05,Sports,Yoga Mat,10/04/2024
C-0853,O-6300,08/21/2024,240.4,Electronics,Webcam,07/25/2025
C-2468,O-6778,08/21/2024,220.64,Home & Kitchen,Storage Containers,04/22/2025
C-0717,O-1354,08/21/2025,28.39,Clothing,Track Pants,09/23/2025
C-2247,O-2285,08/21/2025,213.27,Electronics,Bluetooth Speaker,07/30/2025
C-2316,O-2779,08/21/2025,106.66,Beauty,Face Wash,11/20/2024
C-0133,O-2923,08/21/2025,130.7,Beauty,Body Lotion,03/04/2025
C-1739,O-3227,08/21/2025,284.3,Home & Kitchen,Air Purifier,06/05/2025
C-1076,O-3386,08/21/2025,69.31,Electronics,Mechanical Keyboard,09/14/2025
C-2088,O-3389,08/21/2025,91.37,Home & Kitchen,Air Purifier,11/27/2024
C-2051,O-3701,08/21/2025,134.86,Beauty,Perfume Roll-On,07/22/2025
C-1004,O-4666,08/21/2025,421.27,Electronics,USB-C Hub,07/03/2025
C-0217,O-5348,08/21/2025,64.27,Home & Kitchen,Non-Stick Pan Set,08/04/2025
C-0337,O-5967,08/21/2025,103.63,Clothing,Polo Shirt,08/09/2024
C-0841,O-6203,08/21/2025,273.65,Electronics,Webcam,10/11/2025
C-0134,O-6207,08/21/2025,104.04,Home & Kitchen,Air Purifier,09/19/2024
C-1750,O-2335,08/22/2024,82.26,Clothing,Formal Shirt,07/25/2025
C-1612,O-2479,08/22/2024,70.07,Beauty,Eye Cream,10/04/2024
C-1454,O-4769,08/22/2024,52.09,Home & Kitchen,Bamboo Cutting Board,01/03/2025
C-0034,O-5714,08/22/2024,46.86,Clothing,Formal Shirt,07/03/2025
C-0601,O-5921,08/22/2024,69.6,Sports,Running Armband,08/21/2025
C-0512,O-6089,08/22/2024,58.84,Home & Kitchen,Coffee Maker,10/09/2025
C-0046,O-6124,08/22/2024,205.06,Sports,Water Bottle,08/16/2024
C-0995,O-6549,08/22/2024,27.35,Home & Kitchen,Blender,08/03/2024
C-1473,O-2628,08/22/2025,118.7,Home & Kitchen,Coffee Maker,08/18/2024
C-0592,O-3027,08/22/2025,393.13,Electronics,Mechanical Keyboard,06/29/2025
C-1412,O-3745,08/22/2025,147.42,Beauty,Sunscreen SPF50,11/02/2024
C-1947,O-4008,08/22/2025,36.12,Beauty,Hair Oil,06/18/2025
C-1859,O-5036,08/22/2025,219.63,Electronics,Laptop Stand,06/04/2025
C-2299,O-5380,08/22/2025,298.15,Electronics,Smart Watch Band,03/06/2025
C-2435,O-6116,08/22/2025,254.5,Electronics,Wireless Earbuds,09/07/2025
C-2057,O-1051,08/23/2024,491.64,Electronics,HDMI Cable,01/30/2025
C-1750,O-2047,08/23/2024,70.56,Beauty,Hair Oil,07/25/2025
C-0969,O-2325,08/23/2024,143.16,Home & Kitchen,Insulated Flask,06/01/2025
C-0003,O-2337,08/23/2024,83.29,Home & Kitchen,Insulated Flask,04/08/2025
C-2182,O-2668,08/23/2024,173.93,Home & Kitchen,Non-Stick Pan Set,07/17/2024
C-1172,O-4275,08/23/2024,169.65,Sports,Dumbbell Set,08/16/2024
C-1399,O-4572,08/23/2024,186.11,Home & Kitchen,Blender,10/24/2025
C-1947,O-4825,08/23/2024,162.51,Clothing,Cotton T-Shirt,06/18/2025
C-2162,O-4999,08/23/2024,447.12,Electronics,Portable Charger,10/31/2025
C-1668,O-5914,08/23/2024,113.85,Home & Kitchen,LED Desk Lamp,01/11/2025
C-1093,O-6307,08/23/2024,452.91,Electronics,USB-C Hub,07/19/2025
C-1294,O-1334,08/23/2025,93.82,Clothing,Running Shorts,09/06/2024
C-2407,O-3623,08/23/2025,339.36,Electronics,Portable Charger,01/18/2025
C-1305,O-3788,08/23/2025,307.59,Electronics,Webcam,05/14/2025
C-0632,O-4447,08/23/2025,375.22,Electronics,Smart Watch Band,11/08/2025
C-0962,O-5128,08/23/2025,428.16,Electronics,Mechanical Keyboard,03/26/2025
C-1430,O-6068,08/23/2025,163.56,Clothing,Running Shorts,09/26/2024
C-0018,O-6169,08/23/2025,178.8,Clothing,Casual Hoodie,09/03/2025
C-1019,O-6382,08/23/2025,61.03,Electronics,Bluetooth Speaker,09/09/2024
C-2249,O-1605,08/24/2024,419.34,Electronics,HDMI Cable,04/25/2025
C-1096,O-2294,08/24/2024,182.73,Sports,Gym Bag,09/07/2024
C-1367,O-2546,08/24/2024,33.1,Clothing,Wool Scarf,04/18/2025
C-1925,O-3671,08/24/2024,90.88,Clothing,Casual Hoodie,09/26/2025
C-1369,O-4159,08/24/2024,186.5,Clothing,Polo Shirt,12/12/2024
C-1274,O-4222,08/24/2024,62.98,Home & Kitchen,Storage Containers,09/02/2024
C-2078,O-5091,08/24/2024,78.23,Beauty,Sheet Mask Pack,10/21/2025
C-0137,O-5351,08/24/2024,133.26,Electronics,Wireless Earbuds,09/09/2024
C-2398,O-5830,08/24/2024,144.07,Clothing,Running Shorts,07/05/2024
C-2434,O-6571,08/24/2024,160.55,Electronics,USB-C Hub,07/28/2025
C-2364,O-6609,08/24/2024,115.67,Sports,Dumbbell Set,10/10/2025
C-2252,O-6741,08/24/2024,158.39,Clothing,Track Pants,09/25/2024
C-1932,O-6910,08/24/2024,190.49,Electronics,Smart Watch Band,10/08/2025
C-0779,O-1118,08/24/2025,97.95,Home & Kitchen,Storage Containers,11/09/2025
C-1103,O-1156,08/24/2025,102.71,Clothing,Cotton T-Shirt,11/11/2024
C-1859,O-1536,08/24/2025,126.02,Clothing,Linen Shirt,06/04/2025
C-1694,O-1966,08/24/2025,121.25,Beauty,Perfume Roll-On,07/10/2025
C-1117,O-3158,08/24/2025,251.48,Home & Kitchen,Knife Set,11/06/2025
C-1402,O-4130,08/24/2025,256.71,Electronics,Wireless Earbuds,09/20/2024
C-1107,O-5881,08/24/2025,353.55,Electronics,Portable Charger,08/25/2025
C-0482,O-6852,08/24/2025,87.69,Home & Kitchen,Storage Containers,06/26/2025
C-2287,O-1216,08/25/2024,277.51,Electronics,USB-C Hub,09/14/2025
C-0301,O-1271,08/25/2024,301.14,Electronics,Portable Charger,12/13/2024
C-1939,O-1395,08/25/2024,285.79,Electronics,Mechanical Keyboard,07/23/2024
C-1567,O-1471,08/25/2024,74.07,Clothing,Cotton T-Shirt,11/02/2024
C-1414,O-1634,08/25/2024,39.44,Home & Kitchen,Coffee Maker,03/02/2025
C-1985,O-1696,08/25/2024,40.26,Beauty,Vitamin C Serum,08/02/2024
C-0609,O-1897,08/25/2024,261.61,Electronics,Wireless Earbuds,04/28/2025
C-0844,O-2175,08/25/2024,204.33,Sports,Water Bottle,08/24/2025
C-2378,O-2251,08/25/2024,74.05,Beauty,Face Wash,06/17/2025
C-1068,O-2752,08/25/2024,202.93,Electronics,Webcam,09/06/2024
C-1317,O-3760,08/25/2024,174.64,Clothing,Running Shorts,07/07/2025
C-1916,O-5139,08/25/2024,37.78,Clothing,Polo Shirt,07/06/2025
C-1103,O-1616,08/25/2025,104.4,Sports,Sports Towel,11/11/2024
C-1420,O-2660,08/25/2025,158.71,Home & Kitchen,Blender,07/17/2024
C-1322,O-4445,08/25/2025,316.14,Electronics,USB-C Hub,11/10/2025
C-1563,O-6057,08/25/2025,197.82,Home & Kitchen,Blender,12/09/2024
C-1819,O-6220,08/25/2025,145.89,Beauty,Face Wash,08/28/2025
C-1026,O-6663,08/25/2025,192.66,Home & Kitchen,Storage Containers,04/10/2025
C-1177,O-3146,08/26/2024,49.79,Clothing,Cotton T-Shirt,01/26/2025
C-0437,O-3566,08/26/2024,180.06,Sports,Jump Rope,10/11/2025
C-2294,O-3739,08/26/2024,198.15,Clothing,Cotton T-Shirt,12/29/2024
C-0620,O-5051,08/26/2024,77.31,Clothing,Casual Hoodie,10/08/2025
C-0169,O-5979,08/26/2024,34.96,Sports,Swimming Goggles,11/10/2025
C-0350,O-6205,08/26/2024,247.32,Sports,Water Bottle,04/12/2025
C-1632,O-6241,08/26/2024,69.09,Clothing,Wool Scarf,05/01/2025
C-2290,O-6985,08/26/2024,125.58,Clothing,Denim Jacket,05/25/2025
C-0621,O-1022,08/26/2025,261.49,Home & Kitchen,Spice Rack,04/04/2025
C-0068,O-2469,08/26/2025,467.25,Electronics,Smart Watch Band,02/10/2025
C-1301,O-2751,08/26/2025,93.66,Clothing,Polo Shirt,06/07/2025
C-1657,O-3586,08/26/2025,81.95,Sports,Dumbbell Set,03/11/2025
C-1652,O-3765,08/26/2025,62.73,Home & Kitchen,Blender,03/05/2025
C-0877,O-3879,08/26/2025,112.59,Beauty,Sunscreen SPF50,03/08/2025
C-0790,O-4719,08/26/2025,78.72,Clothing,Casual Hoodie,10/16/2025
C-1075,O-5178,08/26/2025,182.76,Home & Kitchen,Bamboo Cutting Board,11/30/2025
C-0105,O-5406,08/26/2025,86.65,Home & Kitchen,Storage Containers,07/12/2024
C-0534,O-5944,08/26/2025,131.79,Clothing,Cotton T-Shirt,10/28/2025
C-1891,O-5953,08/26/2025,116.3,Clothing,Cargo Pants,02/27/2025
C-1916,O-6534,08/26/2025,221.03,Sports,Foam Roller,07/06/2025
C-2363,O-6665,08/26/2025,73.54,Electronics,Webcam,06/17/2025
C-0370,O-1094,08/27/2024,58.97,Electronics,Webcam,03/18/2025
C-0218,O-1244,08/27/2024,492.59,Electronics,USB-C Hub,03/29/2025
C-0602,O-1317,08/27/2024,282.49,Electronics,USB-C Hub,11/13/2025
C-0599,O-1419,08/27/2024,82.12,Electronics,Mechanical Keyboard,09/26/2024
C-0690,O-2256,08/27/2024,130.83,Electronics,Mouse Pad,09/15/2024
C-1641,O-2411,08/27/2024,420.13,Electronics,USB-C Hub,01/25/2025
C-2456,O-4029,08/27/2024,24.09,Clothing,Cotton T-Shirt,11/16/2025
C-2441,O-4542,08/27/2024,227.47,Electronics,Webcam,04/22/2025
C-0549,O-4882,08/27/2024,485.14,Electronics,Webcam,01/20/2025
C-2348,O-5251,08/27/2024,192.36,Electronics,Mechanical Keyboard,08/05/2025
C-0162,O-5684,08/27/2024,118.34,Beauty,Hair Oil,02/20/2025
C-2467,O-5836,08/27/2024,320.62,Electronics,USB-C Hub,02/16/2025
C-1425,O-6471,08/27/2024,107.8,Beauty,Sheet Mask Pack,07/02/2024
C-2129,O-1061,08/27/2025,151.08,Home & Kitchen,Insulated Flask,07/17/2024
C-1499,O-1404,08/27/2025,54.75,Electronics,Portable Charger,05/10/2025
C-1741,O-1923,08/27/2025,415.77,Electronics,Smart Watch Band,08/31/2025
C-1901,O-2473,08/27/2025,21.75,Sports,Running Armband,04/29/2025
C-0788,O-3103,08/27/2025,311.4,Electronics,HDMI Cable,02/16/2025
C-0874,O-4146,08/27/2025,62.56,Clothing,Linen Shirt,07/19/2025
C-1176,O-4375,08/27/2025,163.07,Clothing,Polo Shirt,07/08/2024
C-0108,O-5387,08/27/2025,112.3,Beauty,Sheet Mask Pack,06/14/2025
C-2036,O-5540,08/27/2025,178.24,Clothing,Denim Jacket,08/27/2025
C-1203,O-6637,08/27/2025,197.39,Electronics,Wireless Earbuds,08/19/2025
C-2448,O-1345,08/28/2024,167.27,Sports,Jump Rope,07/10/2024
C-0593,O-2071,08/28/2024,436.42,Electronics,HDMI Cable,03/22/2025
C-1551,O-2216,08/28/2024,205.44,Sports,Gym Bag,11/03/2024
C-2000,O-2311,08/28/2024,100.17,Clothing,Linen Shirt,02/08/2025
C-0175,O-2439,08/28/2024,217.43,Home & Kitchen,LED Desk Lamp,08/21/2025
C-1024,O-2653,08/28/2024,247.35,Electronics,USB-C Hub,11/29/2024
C-1301,O-3177,08/28/2024,234.47,Electronics,Bluetooth Speaker,06/07/2025
C-0082,O-4471,08/28/2024,240.01,Electronics,Mechanical Keyboard,10/13/2025
C-0723,O-4827,08/28/2024,238.79,Home & Kitchen,Insulated Flask,11/25/2025
C-0674,O-4840,08/28/2024,96.35,Beauty,Vitamin C Serum,02/17/2025
C-1851,O-6177,08/28/2024,20.32,Beauty,Face Wash,10/09/2025
C-1111,O-6519,08/28/2024,134.3,Sports,Dumbbell Set,04/21/2025
C-2250,O-6957,08/28/2024,60.96,Home & Kitchen,Insulated Flask,08/28/2025
C-1306,O-1507,08/28/2025,121.89,Sports,Dumbbell Set,08/06/2025
C-1699,O-1553,08/28/2025,302.19,Electronics,Laptop Stand,08/22/2024
C-1895,O-1560,08/28/2025,212.07,Sports,Yoga Mat,05/11/2025
C-0711,O-2034,08/28/2025,234.68,Home & Kitchen,Spice Rack,11/23/2024
C-1868,O-2464,08/28/2025,168.21,Clothing,Wool Scarf,12/27/2024
C-2393,O-2531,08/28/2025,168.49,Home & Kitchen,Coffee Maker,07/30/2024
C-2170,O-3119,08/28/2025,93.42,Home & Kitchen,LED Desk Lamp,10/06/2024
C-0760,O-3377,08/28/2025,154.51,Electronics,Wireless Earbuds,05/19/2025
C-1012,O-3385,08/28/2025,141.27,Beauty,Hair Oil,02/03/2025
C-0057,O-3593,08/28/2025,251.18,Electronics,Webcam,07/15/2025
C-2216,O-4199,08/28/2025,17.58,Clothing,Casual Hoodie,04/29/2025
C-1067,O-4413,08/28/2025,471.07,Electronics,Smart Watch Band,11/29/2024
C-0739,O-4844,08/28/2025,202.78,Sports,Sports Towel,09/26/2025
C-1927,O-5071,08/28/2025,28.19,Clothing,Linen Shirt,01/27/2025
C-2094,O-5273,08/28/2025,149.52,Beauty,Lip Balm Set,01/17/2025
C-2326,O-6122,08/28/2025,190.88,Clothing,Denim Jacket,08/15/2025
C-1275,O-6815,08/28/2025,110.69,Clothing,Formal Shirt,10/05/2025
C-1151,O-1087,08/29/2024,84.12,Beauty,Body Lotion,09/25/2024
C-0619,O-1970,08/29/2024,243.71,Sports,Swimming Goggles,06/26/2025
C-2408,O-5487,08/29/2024,335.76,Electronics,Webcam,10/12/2025
C-1393,O-5524,08/29/2024,134.9,Clothing,Polo Shirt,11/27/2024
C-0367,O-5649,08/29/2024,315.2,Electronics,Wireless Earbuds,10/27/2024
C-2410,O-5939,08/29/2024,89.94,Beauty,Moisturizer,03/26/2025
C-1120,O-1758,08/29/2025,369.61,Electronics,Mouse Pad,06/24/2025
C-0740,O-2012,08/29/2025,192.82,Electronics,HDMI Cable,04/11/2025
C-0018,O-2476,08/29/2025,119.02,Electronics,Wireless Earbuds,09/03/2025
C-2461,O-5005,08/29/2025,254.05,Home & Kitchen,Bamboo Cutting Board,09/23/2024
C-0309,O-5167,08/29/2025,107.98,Beauty,Perfume Roll-On,07/14/2025
C-1480,O-6392,08/29/2025,406.57,Electronics,Portable Charger,09/24/2025
C-2347,O-6938,08/29/2025,165.73,Electronics,Smart Watch Band,07/19/2025
C-1686,O-1002,08/30/2024,181.33,Sports,Jump Rope,11/19/2025
C-1543,O-2244,08/30/2024,55.12,Sports,Gym Bag,10/29/2024
C-0274,O-3060,08/30/2024,30.13,Beauty,Vitamin C Serum,05/06/2025
C-2282,O-3127,08/30/2024,71.34,Home & Kitchen,Coffee Maker,06/06/2025
C-0380,O-3866,08/30/2024,178.81,Clothing,Cotton T-Shirt,11/05/2024
C-1440,O-4137,08/30/2024,217.31,Electronics,Smart Watch Band,07/17/2024
C-2243,O-4187,08/30/2024,372.71,Electronics,Mechanical Keyboard,09/30/2024
C-0637,O-4225,08/30/2024,175.44,Electronics,Portable Charger,04/30/2025
C-1554,O-4681,08/30/2024,140.87,Sports,Swimming Goggles,10/06/2025
C-2225,O-5203,08/30/2024,139.72,Home & Kitchen,Air Purifier,05/21/2025
C-2456,O-5455,08/30/2024,158.61,Home & Kitchen,Coffee Maker,11/16/2025
C-1100,O-6276,08/30/2024,54.11,Sports,Gym Bag,09/16/2025
C-1228,O-6972,08/30/2024,166.8,Electronics,Mechanical Keyboard,01/15/2025
C-2053,O-1034,08/30/2025,30.25,Clothing,Cargo Pants,09/13/2024
C-1769,O-1939,08/30/2025,93.42,Beauty,Eye Cream,05/29/2025
C-0718,O-2135,08/30/2025,379.96,Electronics,Smart Watch Band,11/05/2024
C-0390,O-2521,08/30/2025,112.23,Home & Kitchen,Bamboo Cutting Board,07/24/2025
C-0630,O-3639,08/30/2025,364.86,Electronics,Webcam,01/13/2025
C-1847,O-4390,08/30/2025,159.56,Clothing,Cargo Pants,05/02/2025
C-1420,O-4423,08/30/2025,17.0,Beauty,Eye Cream,07/17/2024
C-0773,O-5313,08/30/2025,37.78,Clothing,Polo Shirt,08/22/2024
C-1547,O-5314,08/30/2025,15.28,Clothing,Denim Jacket,02/05/2025
C-1671,O-6515,08/30/2025,104.98,Electronics,Webcam,10/22/2025
C-0164,O-1033,08/31/2024,136.52,Sports,Running Armband,08/02/2024
C-1387,O-1431,08/31/2024,365.6,Electronics,USB-C Hub,07/19/2025
C-0698,O-1490,08/31/2024,65.19,Clothing,Linen Shirt,02/23/2025
C-0132,O-1699,08/31/2024,172.56,Clothing,Denim Jacket,08/29/2024
C-0256,O-4478,08/31/2024,144.04,Clothing,Track Pants,10/12/2025
C-2369,O-4743,08/31/2024,29.14,Home & Kitchen,Insulated Flask,10/08/2024
C-0304,O-5527,08/31/2024,81.16,Electronics,Webcam,07/10/2024
C-0843,O-6796,08/31/2024,19.2,Clothing,Polo Shirt,11/25/2024
C-2399,O-6877,08/31/2024,138.28,Home & Kitchen,Knife Set,02/05/2025
C-0475,O-1192,08/31/2025,116.25,Clothing,Denim Jacket,01/28/2025
C-1588,O-1249,08/31/2025,242.14,Sports,Gym Bag,10/04/2025
C-0887,O-3262,08/31/2025,131.83,Clothing,Formal Shirt,02/23/2025
C-0921,O-4249,08/31/2025,134.74,Clothing,Formal Shirt,06/26/2025
C-1707,O-5376,08/31/2025,102.46,Clothing,Formal Shirt,04/13/2025
C-0270,O-6150,08/31/2025,274.54,Electronics,Bluetooth Speaker,07/14/2025
C-1676,O-2750,09/01/2024,96.94,Home & Kitchen,Insulated Flask,10/01/2024
C-0160,O-3021,09/01/2024,263.24,Home & Kitchen,LED Desk Lamp,09/11/2024
C-1616,O-3897,09/01/2024,38.28,Beauty,Moisturizer,12/23/2024
C-2224,O-4067,09/01/2024,94.94,Beauty,Sunscreen SPF50,08/03/2025
C-0635,O-4081,09/01/2024,104.03,Clothing,Wool Scarf,10/11/2024
C-1685,O-5219,09/01/2024,379.09,Electronics,Laptop Stand,04/15/2025
C-0941,O-5859,09/01/2024,49.19,Clothing,Casual Hoodie,11/26/2025
C-1785,O-6182,09/01/2024,151.0,Electronics,Portable Charger,04/22/2025
C-1540,O-6539,09/01/2024,138.09,Electronics,HDMI Cable,01/07/2025
C-2338,O-1242,09/01/2025,103.63,Home & Kitchen,Storage Containers,06/05/2025
C-0932,O-1501,09/01/2025,241.91,Electronics,USB-C Hub,11/12/2024
C-1179,O-1763,09/01/2025,62.8,Electronics,Webcam,02/02/2025
C-0467,O-1777,09/01/2025,36.56,Clothing,Denim Jacket,02/05/2025
C-1602,O-2571,09/01/2025,91.14,Sports,Dumbbell Set,05/27/2025
C-0289,O-2924,09/01/2025,47.83,Sports,Swimming Goggles,11/30/2025
C-0127,O-3391,09/01/2025,367.01,Electronics,Bluetooth Speaker,07/20/2024
C-1709,O-5418,09/01/2025,230.68,Sports,Running Armband,11/09/2024
C-1817,O-5655,09/01/2025,157.51,Clothing,Casual Hoodie,08/23/2024
C-1324,O-6283,09/01/2025,241.57,Home & Kitchen,Spice Rack,02/17/2025
C-2110,O-6342,09/01/2025,175.65,Clothing,Denim Jacket,01/05/2025
C-2326,O-1063,09/02/2024,58.8,Clothing,Running Shorts,08/15/2025
C-1183,O-4095,09/02/2024,226.48,Sports,Water Bottle,06/01/2025
C-1433,O-5063,09/02/2024,390.91,Electronics,Bluetooth Speaker,07/21/2024
C-2344,O-5135,09/02/2024,62.3,Clothing,Running Shorts,02/13/2025
C-0348,O-5512,09/02/2024,132.71,Electronics,Wireless Earbuds,08/13/2025
C-2461,O-6589,09/02/2024,65.91,Electronics,Mechanical Keyboard,09/23/2024
C-0596,O-6607,09/02/2024,44.37,Clothing,Running Shorts,04/09/2025
C-0984,O-6689,09/02/2024,26.49,Sports,Foam Roller,11/16/2024
C-0102,O-6903,09/02/2024,256.15,Home & Kitchen,Insulated Flask,07/26/2025
C-1879,O-1700,09/02/2025,148.93,Electronics,Laptop Stand,03/12/2025
C-0776,O-1882,09/02/2025,62.95,Electronics,USB-C Hub,11/12/2024
C-1228,O-2075,09/02/2025,99.05,Clothing,Denim Jacket,01/15/2025
C-1021,O-2295,09/02/2025,145.71,Home & Kitchen,Air Purifier,02/07/2025
C-1438,O-2336,09/02/2025,131.79,Electronics,Wireless Earbuds,07/18/2025
C-1643,O-3512,09/02/2025,121.2,Beauty,Lip Balm Set,11/25/2024
C-0192,O-3984,09/02/2025,138.32,Clothing,Polo Shirt,01/11/2025
C-0184,O-4624,09/02/2025,143.61,Clothing,Formal Shirt,08/25/2024
C-0476,O-4722,09/02/2025,200.85,Sports,Jump Rope,09/04/2025
C-0561,O-4949,09/02/2025,102.24,Home & Kitchen,Non-Stick Pan Set,06/15/2025
C-2325,O-5552,09/02/2025,186.83,Clothing,Track Pants,11/03/2025
C-1758,O-5703,09/02/2025,51.75,Clothing,Track Pants,05/18/2025
C-1439,O-6194,09/02/2025,109.67,Clothing,Running Shorts,03/17/2025
C-2381,O-6270,09/02/2025,185.83,Sports,Yoga Mat,03/07/2025
C-0059,O-6580,09/02/2025,150.96,Clothing,Polo Shirt,01/31/2025
C-1468,O-1008,09/03/2024,40.5,Beauty,Sheet Mask Pack,03/17/2025
C-1593,O-1667,09/03/2024,79.96,Beauty,Face Wash,11/10/2024
C-2265,O-2757,09/03/2024,82.88,Home & Kitchen,Storage Containers,09/19/2025
C-1077,O-3047,09/03/2024,99.92,Beauty,Sheet Mask Pack,10/10/2024
C-0354,O-3553,09/03/2024,122.15,Electronics,Laptop Stand,08/14/2025
C-0067,O-4091,09/03/2024,151.86,Home & Kitchen,Knife Set,04/03/2025
C-0204,O-4129,09/03/2024,279.47,Home & Kitchen,LED Desk Lamp,07/16/2024
C-1582,O-4327,09/03/2024,161.29,Clothing,Formal Shirt,08/25/2025
C-0434,O-4894,09/03/2024,174.11,Clothing,Casual Hoodie,08/21/2024
C-1091,O-4951,09/03/2024,188.8,Home & Kitchen,Non-Stick Pan Set,05/17/2025
C-1225,O-6067,09/03/2024,369.77,Electronics,USB-C Hub,12/20/2024
C-2066,O-1324,09/03/2025,23.48,Beauty,Eye Cream,01/26/2025
C-0211,O-1532,09/03/2025,68.42,Clothing,Polo Shirt,02/04/2025
C-1336,O-1693,09/03/2025,153.53,Electronics,Laptop Stand,01/02/2025
C-1431,O-2454,09/03/2025,142.43,Clothing,Track Pants,07/05/2025
C-2269,O-3612,09/03/2025,157.28,Home & Kitchen,Non-Stick Pan Set,11/08/2025
C-0985,O-4206,09/03/2025,244.27,Home & Kitchen,Air Purifier,08/02/2025
C-0365,O-4352,09/03/2025,134.67,Beauty,Sheet Mask Pack,05/18/2025
C-1272,O-6971,09/03/2025,142.47,Home & Kitchen,Knife Set,11/26/2025
C-0700,O-1674,09/04/2024,25.99,Beauty,Sunscreen SPF50,04/16/2025
C-1826,O-2131,09/04/2024,123.06,Beauty,Eye Cream,08/21/2025
C-1134,O-2210,09/04/2024,58.43,Clothing,Linen Shirt,07/07/2024
C-0320,O-3811,09/04/2024,161.1,Home & Kitchen,Spice Rack,10/14/2024
C-2397,O-3954,09/04/2024,144.4,Clothing,Running Shorts,08/03/2025
C-1172,O-4394,09/04/2024,198.81,Clothing,Casual Hoodie,08/16/2024
C-1511,O-5545,09/04/2024,35.63,Beauty,Body Lotion,09/15/2024
C-2082,O-5854,09/04/2024,147.11,Electronics,Webcam,01/25/2025
C-0302,O-6482,09/04/2024,197.71,Clothing,Casual Hoodie,09/26/2025
C-2329,O-1031,09/04/2025,156.1,Clothing,Running Shorts,08/07/2024
C-0511,O-3587,09/04/2025,273.95,Electronics,Smart Watch Band,02/02/2025
C-2449,O-3733,09/04/2025,123.13,Beauty,Eye Cream,11/09/2025
C-1824,O-5254,09/04/2025,52.47,Clothing,Wool Scarf,07/06/2024
C-1489,O-5790,09/04/2025,194.63,Home & Kitchen,Air Purifier,09/08/2025
C-2377,O-6185,09/04/2025,116.67,Home & Kitchen,Spice Rack,07/24/2024
C-1447,O-6331,09/04/2025,248.39,Sports,Yoga Mat,11/14/2024
C-0199,O-6802,09/04/2025,147.29,Electronics,USB-C Hub,03/13/2025
C-0692,O-1803,09/05/2024,77.65,Clothing,Casual Hoodie,07/03/2024
C-1777,O-2087,09/05/2024,407.7,Electronics,USB-C Hub,03/28/2025
C-0025,O-2177,09/05/2024,143.51,Beauty,Sunscreen SPF50,06/14/2025
C-2360,O-2232,09/05/2024,275.3,Home & Kitchen,Knife Set,11/23/2024
C-0252,O-2822,09/05/2024,116.38,Electronics,HDMI Cable,03/29/2025
C-1201,O-2919,09/05/2024,90.86,Beauty,Lip Balm Set,05/17/2025
C-1270,O-3017,09/05/2024,57.43,Clothing,Formal Shirt,05/26/2025
C-1452,O-3113,09/05/2024,151.04,Sports,Dumbbell Set,10/19/2025
C-0661,O-3245,09/05/2024,204.9,Electronics,Mouse Pad,10/25/2024
C-2142,O-4632,09/05/2024,116.45,Clothing,Casual Hoodie,11/30/2024
C-1445,O-5257,09/05/2024,25.74,Clothing,Linen Shirt,10/15/2024
C-1142,O-5653,09/05/2024,154.86,Clothing,Linen Shirt,02/06/2025
C-2209,O-5869,09/05/2024,15.45,Beauty,Body Lotion,02/19/2025
C-0533,O-6865,09/05/2024,144.37,Beauty,Body Lotion,11/07/2024
C-0876,O-6947,09/05/2024,15.94,Clothing,Cargo Pants,11/27/2024
C-1959,O-1208,09/05/2025,56.09,Home & Kitchen,Air Purifier,07/27/2025
C-1358,O-1623,09/05/2025,68.5,Clothing,Formal Shirt,12/13/2024
C-2170,O-1965,09/05/2025,122.25,Beauty,Vitamin C Serum,10/06/2024
C-2416,O-1997,09/05/2025,450.08,Electronics,Portable Charger,06/22/2025
C-0591,O-2399,09/05/2025,75.14,Electronics,Webcam,02/03/2025
C-1772,O-3072,09/05/2025,439.33,Electronics,Bluetooth Speaker,05/18/2025
C-0271,O-4227,09/05/2025,152.77,Sports,Gym Bag,04/18/2025
C-1433,O-4736,09/05/2025,290.64,Electronics,Mechanical Keyboard,07/21/2024
C-0632,O-5130,09/05/2025,23.69,Sports,Running Armband,11/08/2025
C-2179,O-5804,09/05/2025,167.87,Electronics,Mechanical Keyboard,08/03/2024
C-1400,O-5838,09/05/2025,176.42,Sports,Water Bottle,10/03/2025
C-1967,O-5936,09/05/2025,72.0,Clothing,Denim Jacket,12/30/2024
C-1345,O-6279,09/05/2025,266.67,Home & Kitchen,Non-Stick Pan Set,10/03/2025
C-2481,O-3248,09/06/2024,148.97,Home & Kitchen,Insulated Flask,03/11/2025
C-1145,O-4641,09/06/2024,360.26,Electronics,Mouse Pad,10/08/2025
C-1461,O-4788,09/06/2024,60.49,Clothing,Denim Jacket,08/14/2024
C-1292,O-5070,09/06/2024,179.12,Sports,Yoga Mat,08/23/2024
C-1775,O-5222,09/06/2024,93.49,Beauty,Body Lotion,06/16/2025
C-1298,O-6459,09/06/2024,95.39,Clothing,Polo Shirt,04/17/2025
C-1888,O-1826,09/06/2025,98.32,Home & Kitchen,Knife Set,07/12/2024
C-1567,O-2547,09/06/2025,231.21,Electronics,Webcam,11/02/2024
C-1058,O-3157,09/06/2025,81.34,Home & Kitchen,Bamboo Cutting Board,11/03/2025
C-1391,O-3850,09/06/2025,201.15,Sports,Gym Bag,10/10/2024
C-2237,O-4020,09/06/2025,194.79,Home & Kitchen,Storage Containers,01/08/2025
C-0130,O-4939,09/06/2025,120.61,Beauty,Lip Balm Set,05/11/2025
C-2298,O-4979,09/06/2025,86.31,Beauty,Sunscreen SPF50,11/15/2025
C-2120,O-5593,09/06/2025,307.08,Electronics,Smart Watch Band,12/02/2024
C-1425,O-5598,09/06/2025,115.9,Clothing,Running Shorts,07/02/2024
C-2479,O-5890,09/06/2025,74.7,Clothing,Casual Hoodie,09/09/2025
C-2070,O-5902,09/06/2025,108.4,Sports,Resistance Bands,04/16/2025
C-0884,O-6324,09/06/2025,68.91,Electronics,HDMI Cable,03/04/2025
C-2455,O-6645,09/06/2025,153.41,Clothing,Polo Shirt,08/23/2025
C-0665,O-6853,09/06/2025,322.72,Electronics,HDMI Cable,09/14/2024
C-2144,O-1443,09/07/2024,130.39,Electronics,USB-C Hub,01/13/2025
C-1960,O-2390,09/07/2024,481.81,Electronics,Mechanical Keyboard,10/03/2025
C-0565,O-2631,09/07/2024,176.69,Clothing,Cargo Pants,10/17/2024
C-1368,O-2995,09/07/2024,50.34,Home & Kitchen,Blender,09/24/2024
C-1090,O-3273,09/07/2024,161.39,Clothing,Casual Hoodie,09/11/2025
C-0316,O-3446,09/07/2024,124.42,Beauty,Face Wash,08/10/2024
C-2402,O-3557,09/07/2024,211.94,Sports,Water Bottle,09/03/2024
C-2465,O-3768,09/07/2024,13.18,Beauty,Face Wash,08/03/2024
C-0714,O-4329,09/07/2024,195.81,Clothing,Cargo Pants,12/17/2024
C-1838,O-4550,09/07/2024,288.09,Electronics,Wireless Earbuds,09/01/2025
C-1656,O-4961,09/07/2024,178.22,Clothing,Formal Shirt,10/04/2025
C-1546,O-5483,09/07/2024,116.18,Home & Kitchen,Knife Set,09/30/2025
C-1713,O-5525,09/07/2024,122.05,Electronics,Smart Watch Band,06/13/2025
C-0178,O-5602,09/07/2024,248.96,Home & Kitchen,Storage Containers,10/08/2024
C-1453,O-5960,09/07/2024,289.37,Electronics,Bluetooth Speaker,11/03/2025
C-0967,O-1853,09/07/2025,128.82,Electronics,Bluetooth Speaker,10/26/2025
C-2307,O-1916,09/07/2025,414.95,Electronics,Mechanical Keyboard,01/01/2025
C-0925,O-2052,09/07/2025,65.28,Sports,Water Bottle,11/18/2024
C-0774,O-2199,09/07/2025,163.79,Electronics,Mechanical Keyboard,01/25/2025
C-1590,O-2237,09/07/2025,162.54,Clothing,Wool Scarf,06/18/2025
C-1541,O-3280,09/07/2025,107.0,Home & Kitchen,Non-Stick Pan Set,11/24/2025
C-0782,O-3318,09/07/2025,45.93,Home & Kitchen,Insulated Flask,03/03/2025
C-0678,O-3988,09/07/2025,66.37,Home & Kitchen,Storage Containers,05/01/2025
C-0363,O-3991,09/07/2025,69.81,Electronics,Mechanical Keyboard,09/18/2025
C-1688,O-4503,09/07/2025,42.31,Home & Kitchen,Bamboo Cutting Board,04/19/2025
C-1269,O-5129,09/07/2025,183.35,Electronics,Wireless Earbuds,01/09/2025
C-1312,O-5347,09/07/2025,155.78,Clothing,Wool Scarf,11/08/2024
C-1670,O-5640,09/07/2025,41.27,Clothing,Track Pants,11/23/2025
C-2425,O-6419,09/07/2025,57.99,Clothing,Casual Hoodie,03/02/2025
C-0742,O-6677,09/07/2025,129.64,Clothing,Cargo Pants,09/20/2025
C-1553,O-1544,09/08/2024,19.09,Beauty,Perfume Roll-On,09/14/2024
C-1975,O-2166,09/08/2024,183.74,Clothing,Linen Shirt,09/08/2025
C-1700,O-3300,09/08/2024,66.2,Electronics,Smart Watch Band,01/16/2025
C-0596,O-3384,09/08/2024,119.74,Clothing,Denim Jacket,04/09/2025
C-0103,O-3957,09/08/2024,72.57,Beauty,Moisturizer,10/23/2025
C-2359,O-4004,09/08/2024,169.11,Clothing,Linen Shirt,10/27/2024
C-1189,O-5196,09/08/2024,86.12,Clothing,Cotton T-Shirt,11/10/2024
C-1084,O-6128,09/08/2024,438.79,Electronics,HDMI Cable,06/13/2025
C-1671,O-6200,09/08/2024,469.17,Electronics,USB-C Hub,10/22/2025
C-0564,O-6237,09/08/2024,232.61,Electronics,Portable Charger,11/14/2025
C-2016,O-6694,09/08/2024,103.17,Home & Kitchen,Air Purifier,12/27/2024
C-0436,O-6999,09/08/2024,273.91,Home & Kitchen,Air Purifier,11/02/2024
C-0108,O-2401,09/08/2025,137.61,Clothing,Denim Jacket,06/14/2025
C-2498,O-3056,09/08/2025,16.85,Beauty,Face Wash,08/30/2024
C-1825,O-3435,09/08/2025,206.7,Electronics,Portable Charger,12/09/2024
C-1988,O-3724,09/08/2025,96.97,Beauty,Vitamin C Serum,03/04/2025
C-2163,O-4761,09/08/2025,273.5,Electronics,Webcam,08/27/2024
C-2398,O-4803,09/08/2025,54.81,Beauty,Sunscreen SPF50,07/05/2024
C-0243,O-5739,09/08/2025,190.96,Home & Kitchen,Coffee Maker,03/10/2025
C-1551,O-5880,09/08/2025,229.79,Home & Kitchen,Storage Containers,11/03/2024
C-2020,O-6048,09/08/2025,170.7,Electronics,Webcam,06/18/2025
C-1339,O-6445,09/08/2025,430.74,Electronics,Bluetooth Speaker,08/14/2024
C-0922,O-6635,09/08/2025,105.79,Sports,Sports Towel,02/10/2025
C-1681,O-6832,09/08/2025,496.61,Electronics,Webcam,02/06/2025
C-1643,O-1052,09/09/2024,118.29,Beauty,Face Wash,11/25/2024
C-0825,O-2073,09/09/2024,143.53,Clothing,Polo Shirt,02/25/2025
C-2222,O-3547,09/09/2024,442.95,Electronics,USB-C Hub,07/25/2025
C-1051,O-4615,09/09/2024,20.72,Beauty,Sheet Mask Pack,11/28/2025
C-1139,O-5221,09/09/2024,55.45,Electronics,Smart Watch Band,11/23/2024
C-1528,O-5297,09/09/2024,172.82,Home & Kitchen,Bamboo Cutting Board,07/15/2025
C-1219,O-5773,09/09/2024,91.03,Home & Kitchen,Air Purifier,09/19/2024
C-0872,O-6394,09/09/2024,168.2,Electronics,Bluetooth Speaker,04/27/2025
C-1938,O-6772,09/09/2024,395.21,Electronics,Smart Watch Band,05/12/2025
C-0128,O-6983,09/09/2024,414.79,Electronics,Portable Charger,10/23/2024
C-2476,O-1613,09/09/2025,165.09,Home & Kitchen,Spice Rack,08/12/2024
C-1801,O-2803,09/09/2025,108.2,Home & Kitchen,Insulated Flask,09/19/2024
C-1034,O-2877,09/09/2025,156.86,Clothing,Formal Shirt,07/16/2024
C-0673,O-4052,09/09/2025,463.78,Electronics,Bluetooth Speaker,08/31/2025
C-1582,O-4080,09/09/2025,138.33,Sports,Swimming Goggles,08/25/2025
C-1460,O-4567,09/09/2025,105.45,Home & Kitchen,LED Desk Lamp,01/23/2025
C-0337,O-4702,09/09/2025,86.87,Clothing,Formal Shirt,08/09/2024
C-1784,O-5340,09/09/2025,73.3,Electronics,Webcam,05/01/2025
C-0754,O-5671,09/09/2025,110.22,Clothing,Polo Shirt,11/20/2025
C-0684,O-5736,09/09/2025,128.21,Electronics,Bluetooth Speaker,02/02/2025
C-1663,O-1598,09/10/2024,237.12,Home & Kitchen,Blender,09/02/2025
C-2120,O-1968,09/10/2024,230.74,Electronics,Laptop Stand,12/02/2024
C-0391,O-4197,09/10/2024,307.09,Electronics,Wireless Earbuds,12/26/2024
C-1756,O-4941,09/10/2024,33.52,Clothing,Wool Scarf,07/20/2024
C-0251,O-4981,09/10/2024,121.91,Clothing,Running Shorts,03/02/2025
C-1038,O-6495,09/10/2024,105.66,Clothing,Running Shorts,07/17/2024
C-2060,O-6977,09/10/2024,36.66,Home & Kitchen,Non-Stick Pan Set,07/16/2024
C-1215,O-1714,09/10/2025,85.94,Beauty,Eye Cream,10/17/2024
C-1378,O-2101,09/10/2025,90.66,Clothing,Cargo Pants,07/28/2024
C-0296,O-2371,09/10/2025,95.11,Electronics,Mechanical Keyboard,08/15/2024
C-1155,O-2729,09/10/2025,59.7,Home & Kitchen,Storage Containers,08/20/2024
C-1911,O-3069,09/10/2025,233.58,Home & Kitchen,Spice Rack,10/26/2025
C-1831,O-3950,09/10/2025,94.78,Home & Kitchen,Blender,05/25/2025
C-0997,O-4599,09/10/2025,360.54,Electronics,Wireless Earbuds,02/08/2025
C-2008,O-4839,09/10/2025,54.32,Home & Kitchen,Spice Rack,02/28/2025
C-2426,O-4878,09/10/2025,61.99,Electronics,HDMI Cable,05/09/2025
C-1229,O-5608,09/10/2025,51.99,Electronics,Webcam,06/23/2025
C-0080,O-6612,09/10/2025,71.59,Beauty,Face Wash,11/24/2025
C-0336,O-6974,09/10/2025,102.11,Electronics,USB-C Hub,07/27/2025
C-0476,O-1692,09/11/2024,92.98,Beauty,Body Lotion,09/04/2025
C-0006,O-1713,09/11/2024,113.22,Clothing,Wool Scarf,11/20/2024
C-0366,O-2433,09/11/2024,166.07,Electronics,Mouse Pad,09/20/2025
C-1398,O-3233,09/11/2024,333.95,Electronics,Mouse Pad,11/20/2024
C-2218,O-3383,09/11/2024,436.03,Electronics,USB-C Hub,09/14/2024
C-1165,O-5047,09/11/2024,57.51,Electronics,Bluetooth Speaker,10/25/2024
C-2392,O-5065,09/11/2024,158.18,Home & Kitchen,Storage Containers,08/10/2025
C-0312,O-5872,09/11/2024,193.24,Electronics,Webcam,11/08/2024
C-0784,O-6378,09/11/2024,155.62,Electronics,Mouse Pad,05/15/2025
C-0731,O-6732,09/11/2024,85.19,Sports,Jump Rope,07/27/2024
C-1563,O-2185,09/11/2025,93.33,Beauty,Face Wash,12/09/2024
C-1778,O-2671,09/11/2025,123.04,Beauty,Moisturizer,11/08/2025
C-0622,O-3481,09/11/2025,297.37,Home & Kitchen,Bamboo Cutting Board,05/10/2025
C-0747,O-4560,09/11/2025,129.12,Sports,Swimming Goggles,08/23/2025
C-0521,O-4728,09/11/2025,106.29,Electronics,Bluetooth Speaker,07/20/2024
C-1734,O-5289,09/11/2025,35.27,Sports,Yoga Mat,11/14/2025
C-1990,O-5666,09/11/2025,109.18,Clothing,Denim Jacket,09/07/2024
C-2169,O-6051,09/11/2025,461.08,Electronics,Wireless Earbuds,06/05/2025
C-0941,O-6492,09/11/2025,145.3,Sports,Dumbbell Set,11/26/2025
C-1704,O-2690,09/12/2024,64.35,Home & Kitchen,Bamboo Cutting Board,07/31/2025
C-0761,O-3349,09/12/2024,477.96,Electronics,Mouse Pad,03/16/2025
C-0191,O-3591,09/12/2024,290.44,Home & Kitchen,Air Purifier,01/13/2025
C-1097,O-4330,09/12/2024,198.48,Electronics,Laptop Stand,10/02/2024
C-2261,O-5305,09/12/2024,270.09,Home & Kitchen,Bamboo Cutting Board,11/17/2025
C-1853,O-5320,09/12/2024,66.07,Clothing,Formal Shirt,11/15/2024
C-0453,O-5801,09/12/2024,119.08,Beauty,Sheet Mask Pack,04/08/2025
C-2201,O-5924,09/12/2024,78.95,Home & Kitchen,Air Purifier,09/16/2024
C-0017,O-6413,09/12/2024,135.96,Clothing,Casual Hoodie,01/20/2025
C-1427,O-2223,09/12/2025,246.98,Sports,Foam Roller,03/04/2025
C-1620,O-3716,09/12/2025,111.08,Clothing,Cotton T-Shirt,09/22/2024
C-0504,O-4402,09/12/2025,140.59,Beauty,Hair Oil,11/16/2024
C-1415,O-4946,09/12/2025,80.14,Beauty,Lip Balm Set,09/03/2025
C-0946,O-5030,09/12/2025,413.06,Electronics,Mechanical Keyboard,04/29/2025
C-1743,O-5603,09/12/2025,263.98,Home & Kitchen,Blender,07/28/2024
C-1858,O-5792,09/12/2025,96.25,Clothing,Casual Hoodie,10/24/2024
C-2405,O-5850,09/12/2025,124.65,Home & Kitchen,Bamboo Cutting Board,07/10/2025
C-2010,O-5911,09/12/2025,265.5,Home & Kitchen,Knife Set,11/24/2024
C-1418,O-6348,09/12/2025,59.44,Clothing,Casual Hoodie,10/22/2024
C-1364,O-6586,09/12/2025,269.28,Electronics,Mouse Pad,07/16/2025
C-1050,O-1886,09/13/2024,73.45,Electronics,Wireless Earbuds,10/06/2025
C-1312,O-3152,09/13/2024,81.85,Home & Kitchen,Spice Rack,11/08/2024
C-0616,O-3797,09/13/2024,28.46,Clothing,Running Shorts,06/18/2025
C-0696,O-4066,09/13/2024,109.99,Beauty,Hair Oil,04/25/2025
C-0571,O-4118,09/13/2024,56.99,Beauty,Hair Oil,12/28/2024
C-1215,O-4816,09/13/2024,128.53,Beauty,Perfume Roll-On,10/17/2024
C-0136,O-5419,09/13/2024,15.54,Beauty,Eye Cream,11/10/2025
C-0121,O-5679,09/13/2024,48.7,Sports,Dumbbell Set,12/04/2024
C-1777,O-1180,09/13/2025,85.91,Clothing,Polo Shirt,03/28/2025
C-0339,O-2327,09/13/2025,378.16,Electronics,USB-C Hub,02/13/2025
C-1014,O-2329,09/13/2025,365.52,Electronics,Bluetooth Speaker,08/21/2024
C-1322,O-2509,09/13/2025,44.34,Beauty,Hair Oil,11/10/2025
C-0360,O-5112,09/13/2025,330.73,Electronics,Wireless Earbuds,03/29/2025
C-1018,O-6467,09/13/2025,70.9,Beauty,Perfume Roll-On,01/27/2025
C-1893,O-6558,09/13/2025,98.33,Clothing,Wool Scarf,10/30/2024
C-2101,O-2734,09/14/2024,270.37,Home & Kitchen,Insulated Flask,03/21/2025
C-0551,O-2984,09/14/2024,167.5,Clothing,Cargo Pants,03/06/2025
C-2486,O-3650,09/14/2024,87.61,Electronics,HDMI Cable,06/22/2025
C-0377,O-4103,09/14/2024,462.26,Electronics,Mechanical Keyboard,09/10/2024
C-1896,O-4582,09/14/2024,84.03,Beauty,Face Wash,12/11/2024
C-1575,O-5107,09/14/2024,29.52,Home & Kitchen,Bamboo Cutting Board,10/22/2025
C-0974,O-6020,09/14/2024,237.51,Electronics,Wireless Earbuds,08/23/2025
C-0894,O-6451,09/14/2024,288.15,Electronics,Portable Charger,04/21/2025
C-0699,O-2478,09/14/2025,136.7,Electronics,Mechanical Keyboard,04/22/2025
C-0863,O-2723,09/14/2025,177.72,Clothing,Linen Shirt,10/09/2024
C-2383,O-2957,09/14/2025,110.8,Beauty,Sunscreen SPF50,12/11/2024
C-0248,O-3246,09/14/2025,55.4,Electronics,Mouse Pad,03/25/2025
C-2365,O-4288,09/14/2025,90.25,Clothing,Wool Scarf,01/28/2025
C-2413,O-4904,09/14/2025,176.43,Clothing,Wool Scarf,08/02/2025
C-2156,O-5058,09/14/2025,67.06,Home & Kitchen,Spice Rack,09/21/2024
C-2185,O-5119,09/14/2025,206.97,Electronics,Mouse Pad,08/12/2025
C-2469,O-5481,09/14/2025,214.6,Home & Kitchen,Non-Stick Pan Set,12/20/2024
C-1061,O-1076,09/15/2024,138.99,Electronics,Bluetooth Speaker,10/19/2024
C-0727,O-1253,09/15/2024,380.79,Electronics,USB-C Hub,08/10/2024
C-1729,O-2279,09/15/2024,129.99,Home & Kitchen,Bamboo Cutting Board,05/23/2025
C-2486,O-2429,09/15/2024,164.39,Sports,Sports Towel,06/22/2025
C-2490,O-2514,09/15/2024,212.59,Home & Kitchen,Knife Set,02/28/2025
C-2407,O-4124,09/15/2024,148.39,Clothing,Formal Shirt,01/18/2025
C-0436,O-4838,09/15/2024,101.17,Beauty,Hair Oil,11/02/2024
C-0030,O-6119,09/15/2024,321.62,Electronics,Wireless Earbuds,10/13/2024
C-1173,O-6752,09/15/2024,119.87,Home & Kitchen,Blender,02/11/2025
C-0576,O-6994,09/15/2024,90.71,Beauty,Face Wash,04/01/2025
C-0127,O-1116,09/15/2025,159.68,Sports,Jump Rope,07/20/2024
C-0853,O-1594,09/15/2025,89.41,Beauty,Sheet Mask Pack,07/25/2025
C-2215,O-1654,09/15/2025,460.67,Electronics,Bluetooth Speaker,09/26/2024
C-1182,O-2205,09/15/2025,133.88,Electronics,Laptop Stand,04/23/2025
C-1080,O-3105,09/15/2025,74.23,Clothing,Casual Hoodie,09/14/2025
C-0775,O-4211,09/15/2025,52.22,Home & Kitchen,Air Purifier,03/31/2025
C-1452,O-6344,09/15/2025,408.02,Electronics,Smart Watch Band,10/19/2025
C-2128,O-6949,09/15/2025,153.34,Clothing,Cotton T-Shirt,11/12/2025
C-0314,O-1295,09/16/2024,98.43,Beauty,Perfume Roll-On,05/12/2025
C-1913,O-1649,09/16/2024,236.57,Home & Kitchen,Bamboo Cutting Board,03/11/2025
C-0358,O-3232,09/16/2024,381.43,Electronics,Wireless Earbuds,03/25/2025
C-1340,O-3880,09/16/2024,177.11,Home & Kitchen,LED Desk Lamp,08/25/2025
C-0984,O-4643,09/16/2024,371.56,Electronics,Mouse Pad,11/16/2024
C-0364,O-5009,09/16/2024,93.25,Clothing,Cotton T-Shirt,06/19/2025
C-0190,O-5361,09/16/2024,165.21,Electronics,Webcam,03/12/2025
C-2118,O-6311,09/16/2024,251.13,Home & Kitchen,LED Desk Lamp,02/22/2025
C-0910,O-1474,09/16/2025,42.38,Clothing,Cargo Pants,07/03/2025
C-2011,O-1913,09/16/2025,273.53,Home & Kitchen,Bamboo Cutting Board,02/12/2025
C-0505,O-2604,09/16/2025,133.16,Electronics,Wireless Earbuds,10/16/2025
C-2120,O-3198,09/16/2025,60.73,Electronics,Mouse Pad,12/02/2024
C-2038,O-3325,09/16/2025,34.5,Beauty,Sheet Mask Pack,11/15/2024
C-1595,O-3555,09/16/2025,399.14,Electronics,HDMI Cable,11/27/2025
C-1206,O-4526,09/16/2025,107.99,Clothing,Cotton T-Shirt,10/26/2024
C-1124,O-4690,09/16/2025,125.68,Electronics,Wireless Earbuds,02/17/2025
C-0755,O-5165,09/16/2025,230.13,Sports,Jump Rope,04/22/2025
C-2058,O-5352,09/16/2025,137.39,Beauty,Hair Oil,06/06/2025
C-1667,O-5991,09/16/2025,196.49,Electronics,Portable Charger,05/17/2025
C-0929,O-6121,09/16/2025,73.02,Clothing,Casual Hoodie,09/25/2025
C-2317,O-6249,09/16/2025,138.82,Clothing,Polo Shirt,05/07/2025
C-0228,O-6288,09/16/2025,90.22,Clothing,Polo Shirt,09/01/2024
C-1607,O-6316,09/16/2025,144.23,Beauty,Vitamin C Serum,03/14/2025
C-2257,O-1922,09/17/2024,44.76,Sports,Swimming Goggles,11/20/2024
C-1081,O-2558,09/17/2024,317.3,Electronics,Wireless Earbuds,10/06/2025
C-0502,O-2656,09/17/2024,142.64,Electronics,HDMI Cable,09/24/2024
C-1463,O-3106,09/17/2024,93.98,Sports,Jump Rope,08/12/2024
C-0635,O-3365,09/17/2024,162.07,Electronics,Mouse Pad,10/11/2024
C-0238,O-3708,09/17/2024,164.58,Clothing,Denim Jacket,09/09/2024
C-0679,O-5304,09/17/2024,89.83,Clothing,Denim Jacket,09/13/2025
C-0992,O-5834,09/17/2024,75.94,Clothing,Track Pants,11/14/2025
C-2064,O-6794,09/17/2024,191.96,Electronics,Wireless Earbuds,11/03/2025
C-0199,O-1233,09/17/2025,139.41,Beauty,Body Lotion,03/13/2025
C-1657,O-1273,09/17/2025,139.56,Clothing,Cargo Pants,03/11/2025
C-2173,O-1892,09/17/2025,190.97,Electronics,Bluetooth Speaker,02/02/2025
C-2070,O-2184,09/17/2025,12.77,Beauty,Body Lotion,04/16/2025
C-1626,O-2444,09/17/2025,79.01,Electronics,Laptop Stand,11/22/2025
C-0158,O-2735,09/17/2025,192.89,Electronics,HDMI Cable,02/11/2025
C-0325,O-2887,09/17/2025,151.31,Sports,Water Bottle,12/14/2024
C-2045,O-3259,09/17/2025,105.16,Clothing,Running Shorts,10/04/2025
C-1584,O-3468,09/17/2025,209.65,Electronics,Portable Charger,09/14/2024
C-0942,O-3803,09/17/2025,184.85,Sports,Sports Towel,04/06/2025
C-1140,O-4377,09/17/2025,140.05,Beauty,Sheet Mask Pack,08/01/2024
C-2389,O-5298,09/17/2025,142.54,Beauty,Moisturizer,01/05/2025
C-1684,O-5438,09/17/2025,109.36,Sports,Jump Rope,08/21/2024
C-1396,O-5446,09/17/2025,53.52,Clothing,Cargo Pants,04/20/2025
C-1879,O-6540,09/17/2025,60.72,Home & Kitchen,Coffee Maker,03/12/2025
C-0458,O-1783,09/18/2024,390.8,Electronics,Mouse Pad,04/05/2025
C-1828,O-1987,09/18/2024,89.51,Clothing,Track Pants,11/01/2025
C-2291,O-2412,09/18/2024,76.84,Beauty,Body Lotion,01/22/2025
C-1325,O-2802,09/18/2024,29.18,Beauty,Moisturizer,11/18/2024
C-1095,O-4945,09/18/2024,40.66,Beauty,Vitamin C Serum,10/29/2025
C-2150,O-5255,09/18/2024,144.38,Sports,Swimming Goggles,07/18/2025
C-2493,O-5389,09/18/2024,174.18,Clothing,Wool Scarf,09/12/2025
C-0004,O-5578,09/18/2024,181.3,Electronics,Laptop Stand,03/08/2025
C-0512,O-6255,09/18/2024,163.38,Clothing,Casual Hoodie,10/09/2025
C-0354,O-1038,09/18/2025,323.97,Electronics,Smart Watch Band,08/14/2025
C-0967,O-1427,09/18/2025,161.96,Clothing,Running Shorts,10/26/2025
C-2183,O-1839,09/18/2025,140.12,Sports,Yoga Mat,01/29/2025
C-0764,O-1917,09/18/2025,36.12,Home & Kitchen,Coffee Maker,08/18/2025
C-0674,O-1969,09/18/2025,347.08,Electronics,Wireless Earbuds,02/17/2025
C-0664,O-2626,09/18/2025,22.04,Beauty,Lip Balm Set,11/16/2025
C-0058,O-3255,09/18/2025,31.15,Beauty,Vitamin C Serum,06/29/2025
C-2320,O-3746,09/18/2025,163.85,Clothing,Track Pants,12/05/2024
C-0601,O-3748,09/18/2025,240.49,Home & Kitchen,Coffee Maker,08/21/2025
C-1400,O-4588,09/18/2025,118.55,Beauty,Sunscreen SPF50,10/03/2025
C-1614,O-5379,09/18/2025,117.97,Home & Kitchen,LED Desk Lamp,12/20/2024
C-0611,O-5726,09/18/2025,136.86,Beauty,Sheet Mask Pack,08/19/2025
C-0962,O-5860,09/18/2025,32.42,Clothing,Cotton T-Shirt,03/26/2025
C-0217,O-6617,09/18/2025,281.28,Electronics,Smart Watch Band,08/04/2025
C-1831,O-1387,09/19/2024,100.79,Clothing,Formal Shirt,05/25/2025
C-2332,O-2632,09/19/2024,184.2,Electronics,HDMI Cable,10/20/2024
C-1727,O-3282,09/19/2024,97.64,Clothing,Running Shorts,11/21/2024
C-0962,O-4361,09/19/2024,50.6,Beauty,Eye Cream,03/26/2025
C-1802,O-4604,09/19/2024,279.35,Electronics,Laptop Stand,06/20/2025
C-2338,O-5946,09/19/2024,416.72,Electronics,Webcam,06/05/2025
C-2190,O-5971,09/19/2024,188.1,Clothing,Linen Shirt,08/03/2025
C-1761,O-6675,09/19/2024,77.15,Clothing,Polo Shirt,08/27/2025
C-0321,O-1134,09/19/2025,425.35,Electronics,USB-C Hub,06/28/2025
C-2311,O-1402,09/19/2025,72.29,Clothing,Track Pants,09/22/2025
C-1230,O-1841,09/19/2025,132.28,Clothing,Denim Jacket,06/25/2025
C-2286,O-2808,09/19/2025,31.96,Home & Kitchen,Air Purifier,06/08/2025
C-1864,O-2875,09/19/2025,67.93,Electronics,Portable Charger,07/15/2024
C-0181,O-3329,09/19/2025,242.79,Home & Kitchen,Spice Rack,09/07/2025
C-1264,O-3423,09/19/2025,258.64,Home & Kitchen,Blender,10/01/2024
C-1973,O-3517,09/19/2025,149.94,Clothing,Track Pants,05/02/2025
C-0806,O-3530,09/19/2025,73.69,Beauty,Moisturizer,04/09/2025
C-1696,O-4363,09/19/2025,389.17,Electronics,Laptop Stand,07/10/2025
C-2273,O-4563,09/19/2025,191.06,Electronics,Bluetooth Speaker,03/10/2025
C-1759,O-4730,09/19/2025,143.8,Beauty,Lip Balm Set,09/02/2025
C-2237,O-4865,09/19/2025,92.46,Clothing,Cotton T-Shirt,01/08/2025
C-0382,O-4935,09/19/2025,147.35,Clothing,Casual Hoodie,05/13/2025
C-0136,O-5049,09/19/2025,106.71,Home & Kitchen,Knife Set,11/10/2025
C-0573,O-5501,09/19/2025,126.02,Clothing,Linen Shirt,11/08/2025
C-1172,O-5574,09/19/2025,28.63,Beauty,Eye Cream,08/16/2024
C-2467,O-6683,09/19/2025,199.79,Electronics,Mouse Pad,02/16/2025
C-0634,O-6887,09/19/2025,115.05,Clothing,Formal Shirt,04/16/2025
C-1760,O-3543,09/20/2024,190.12,Clothing,Casual Hoodie,12/03/2024
C-2254,O-3574,09/20/2024,140.93,Beauty,Perfume Roll-On,12/21/2024
C-1361,O-3946,09/20/2024,103.06,Sports,Dumbbell Set,03/14/2025
C-0988,O-4597,09/20/2024,106.54,Electronics,HDMI Cable,09/03/2025
C-0601,O-6042,09/20/2024,86.52,Electronics,Webcam,08/21/2025
C-1417,O-6260,09/20/2024,58.98,Clothing,Track Pants,09/03/2024
C-2377,O-6360,09/20/2024,44.12,Clothing,Wool Scarf,07/24/2024
C-1215,O-6701,09/20/2024,45.57,Clothing,Cotton T-Shirt,10/17/2024
C-2294,O-1845,09/20/2025,52.37,Clothing,Cotton T-Shirt,12/29/2024
C-2395,O-2068,09/20/2025,72.57,Clothing,Wool Scarf,10/04/2025
C-0481,O-2348,09/20/2025,285.69,Electronics,Mechanical Keyboard,07/07/2024
C-0667,O-2467,09/20/2025,132.31,Clothing,Cargo Pants,12/03/2024
C-0752,O-3723,09/20/2025,197.25,Home & Kitchen,Spice Rack,06/03/2025
C-2354,O-3813,09/20/2025,169.85,Clothing,Running Shorts,11/07/2025
C-0189,O-4102,09/20/2025,93.09,Clothing,Cargo Pants,10/20/2024
C-0578,O-4464,09/20/2025,20.51,Beauty,Vitamin C Serum,03/09/2025
C-1019,O-5754,09/20/2025,41.5,Beauty,Hair Oil,09/09/2024
C-1041,O-6058,09/20/2025,287.6,Home & Kitchen,Non-Stick Pan Set,08/23/2024
C-0477,O-6458,09/20/2025,164.35,Home & Kitchen,Knife Set,08/03/2025
C-2143,O-6710,09/20/2025,201.16,Sports,Jump Rope,03/04/2025
C-0849,O-1715,09/21/2024,227.33,Home & Kitchen,Insulated Flask,06/12/2025
C-1123,O-1864,09/21/2024,75.95,Beauty,Body Lotion,04/12/2025
C-1730,O-3654,09/21/2024,151.75,Home & Kitchen,Insulated Flask,12/14/2024
C-2085,O-4983,09/21/2024,249.51,Home & Kitchen,Blender,08/28/2025
C-1808,O-5683,09/21/2024,169.54,Home & Kitchen,Bamboo Cutting Board,04/04/2025
C-1402,O-5729,09/21/2024,489.56,Electronics,Mechanical Keyboard,09/20/2024
C-2473,O-5730,09/21/2024,50.79,Home & Kitchen,Insulated Flask,10/25/2024
C-2437,O-5766,09/21/2024,25.45,Clothing,Casual Hoodie,11/11/2025
C-0452,O-5789,09/21/2024,124.5,Home & Kitchen,Bamboo Cutting Board,03/02/2025
C-1489,O-6498,09/21/2024,328.3,Electronics,Bluetooth Speaker,09/08/2025
C-0866,O-6927,09/21/2024,90.46,Home & Kitchen,Non-Stick Pan Set,12/18/2024
C-1687,O-1408,09/21/2025,147.26,Clothing,Running Shorts,10/25/2025
C-1564,O-2233,09/21/2025,46.27,Beauty,Lip Balm Set,12/26/2024
C-0659,O-2455,09/21/2025,86.99,Clothing,Linen Shirt,03/16/2025
C-2014,O-3427,09/21/2025,57.92,Beauty,Perfume Roll-On,04/08/2025
C-1845,O-5190,09/21/2025,62.8,Home & Kitchen,Air Purifier,08/08/2024
C-1064,O-5537,09/21/2025,172.52,Clothing,Track Pants,09/14/2024
C-0171,O-6037,09/21/2025,58.0,Beauty,Perfume Roll-On,11/13/2024
C-2205,O-2035,09/22/2024,85.41,Beauty,Sunscreen SPF50,07/31/2024
C-1371,O-2051,09/22/2024,148.64,Beauty,Moisturizer,10/04/2025
C-0858,O-2092,09/22/2024,19.08,Beauty,Eye Cream,02/26/2025
C-0484,O-2707,09/22/2024,196.9,Clothing,Track Pants,08/04/2025
C-0818,O-3235,09/22/2024,51.73,Electronics,Bluetooth Speaker,06/06/2025
C-2400,O-3657,09/22/2024,266.35,Electronics,Webcam,01/27/2025
C-0618,O-4241,09/22/2024,141.44,Beauty,Lip Balm Set,06/04/2025
C-0139,O-5410,09/22/2024,172.48,Electronics,Webcam,11/09/2024
C-0668,O-6172,09/22/2024,42.85,Clothing,Denim Jacket,11/30/2024
C-0149,O-6405,09/22/2024,321.15,Electronics,HDMI Cable,09/22/2025
C-2107,O-6447,09/22/2024,434.94,Electronics,Bluetooth Speaker,12/21/2024
C-1795,O-6989,09/22/2024,29.21,Clothing,Polo Shirt,08/09/2025
C-2331,O-1210,09/22/2025,400.62,Electronics,Mechanical Keyboard,09/26/2024
C-1154,O-1277,09/22/2025,102.69,Clothing,Cotton T-Shirt,12/09/2024
C-0513,O-1416,09/22/2025,49.8,Home & Kitchen,LED Desk Lamp,05/31/2025
C-1624,O-1801,09/22/2025,37.06,Clothing,Denim Jacket,08/31/2025
C-0474,O-2649,09/22/2025,492.14,Electronics,Smart Watch Band,09/02/2024
C-1886,O-3110,09/22/2025,26.96,Clothing,Cargo Pants,06/03/2025
C-1520,O-3169,09/22/2025,189.18,Home & Kitchen,Spice Rack,09/07/2024
C-0904,O-3604,09/22/2025,199.63,Sports,Yoga Mat,01/20/2025
C-2013,O-3786,09/22/2025,439.96,Electronics,Mechanical Keyboard,05/04/2025
C-2073,O-3895,09/22/2025,143.26,Clothing,Casual Hoodie,07/03/2025
C-0044,O-4403,09/22/2025,118.63,Beauty,Vitamin C Serum,01/13/2025
C-0856,O-5318,09/22/2025,70.76,Sports,Swimming Goggles,08/06/2024
C-1377,O-1475,09/23/2024,116.41,Clothing,Cotton T-Shirt,06/23/2025
C-0280,O-2146,09/23/2024,221.23,Home & Kitchen,LED Desk Lamp,10/27/2024
C-1787,O-3050,09/23/2024,62.0,Sports,Swimming Goggles,11/13/2025
C-1204,O-3098,09/23/2024,96.87,Clothing,Casual Hoodie,09/01/2025
C-1545,O-3144,09/23/2024,34.3,Clothing,Polo Shirt,03/24/2025
C-0160,O-3505,09/23/2024,20.05,Sports,Sports Towel,09/11/2024
C-0487,O-3852,09/23/2024,147.95,Beauty,Sheet Mask Pack,11/12/2025
C-2206,O-4149,09/23/2024,65.98,Electronics,Bluetooth Speaker,04/06/2025
C-0003,O-4170,09/23/2024,145.38,Home & Kitchen,Air Purifier,04/08/2025
C-1143,O-4759,09/23/2024,44.6,Beauty,Vitamin C Serum,07/21/2025
C-0973,O-5437,09/23/2024,96.24,Sports,Water Bottle,05/06/2025
C-0176,O-5451,09/23/2024,35.58,Clothing,Formal Shirt,01/11/2025
C-0178,O-5485,09/23/2024,97.17,Clothing,Running Shorts,10/08/2024
C-0911,O-5499,09/23/2024,185.5,Clothing,Track Pants,04/29/2025
C-1813,O-5615,09/23/2024,422.28,Electronics,Wireless Earbuds,03/06/2025
C-0015,O-6235,09/23/2024,124.23,Home & Kitchen,Spice Rack,11/30/2025
C-1423,O-1433,09/23/2025,214.54,Home & Kitchen,Non-Stick Pan Set,04/25/2025
C-0657,O-1863,09/23/2025,242.06,Home & Kitchen,Knife Set,01/05/2025
C-0090,O-2844,09/23/2025,93.1,Beauty,Body Lotion,07/06/2025
C-1831,O-3010,09/23/2025,157.63,Clothing,Casual Hoodie,05/25/2025
C-1980,O-3102,09/23/2025,199.7,Clothing,Track Pants,06/20/2025
C-0403,O-3658,09/23/2025,100.66,Beauty,Perfume Roll-On,02/04/2025
C-2385,O-3887,09/23/2025,128.45,Electronics,Smart Watch Band,09/10/2025
C-2418,O-3965,09/23/2025,130.11,Home & Kitchen,Knife Set,10/12/2025
C-0604,O-5293,09/23/2025,227.08,Electronics,HDMI Cable,10/31/2025
C-1991,O-5328,09/23/2025,165.2,Clothing,Formal Shirt,10/12/2024
C-1579,O-5594,09/23/2025,52.36,Clothing,Track Pants,05/13/2025
C-1869,O-6202,09/23/2025,36.24,Home & Kitchen,Spice Rack,08/20/2025
C-0986,O-1708,09/24/2024,215.62,Home & Kitchen,Non-Stick Pan Set,10/08/2025
C-0227,O-1848,09/24/2024,175.43,Clothing,Formal Shirt,08/29/2024
C-1531,O-2438,09/24/2024,148.78,Home & Kitchen,Storage Containers,09/17/2024
C-0722,O-2450,09/24/2024,232.28,Electronics,Portable Charger,04/05/2025
C-1093,O-2823,09/24/2024,173.99,Electronics,Wireless Earbuds,07/19/2025
C-1140,O-3551,09/24/2024,80.35,Clothing,Denim Jacket,08/01/2024
C-0315,O-3699,09/24/2024,195.11,Sports,Sports Towel,07/09/2025
C-2236,O-3975,09/24/2024,307.2,Electronics,Smart Watch Band,09/28/2024
C-1431,O-4443,09/24/2024,110.22,Electronics,Smart Watch Band,07/05/2025
C-2049,O-5390,09/24/2024,345.1,Electronics,HDMI Cable,08/22/2024
C-2369,O-5416,09/24/2024,128.78,Beauty,Moisturizer,10/08/2024
C-1818,O-6256,09/24/2024,195.12,Clothing,Running Shorts,10/11/2024
C-0673,O-1021,09/24/2025,131.19,Clothing,Casual Hoodie,08/31/2025
C-0570,O-1311,09/24/2025,281.54,Electronics,Bluetooth Speaker,09/19/2025
C-0975,O-1633,09/24/2025,82.99,Home & Kitchen,Air Purifier,10/28/2024
C-1125,O-1854,09/24/2025,25.35,Clothing,Linen Shirt,09/13/2025
C-1735,O-1989,09/24/2025,226.22,Home & Kitchen,Spice Rack,05/03/2025
C-0963,O-2663,09/24/2025,287.09,Home & Kitchen,Spice Rack,07/26/2025
C-2096,O-2927,09/24/2025,34.17,Clothing,Denim Jacket,02/21/2025
C-2061,O-2979,09/24/2025,20.42,Beauty,Sunscreen SPF50,02/02/2025
C-1077,O-3044,09/24/2025,344.96,Electronics,Portable Charger,10/10/2024
C-0745,O-3875,09/24/2025,60.38,Sports,Foam Roller,10/25/2025
C-0955,O-3982,09/24/2025,120.66,Sports,Gym Bag,10/01/2024
C-1304,O-5277,09/24/2025,123.31,Home & Kitchen,Non-Stick Pan Set,06/24/2025
C-1519,O-5925,09/24/2025,156.11,Home & Kitchen,Coffee Maker,11/07/2024
C-1600,O-6433,09/24/2025,21.35,Sports,Running Armband,12/16/2024
C-0557,O-1612,09/25/2024,437.07,Electronics,Mechanical Keyboard,09/12/2025
C-1405,O-1631,09/25/2024,234.81,Sports,Sports Towel,02/06/2025
C-1279,O-1824,09/25/2024,219.86,Sports,Resistance Bands,11/29/2025
C-1236,O-1975,09/25/2024,225.5,Electronics,Laptop Stand,01/19/2025
C-0810,O-2314,09/25/2024,90.98,Clothing,Running Shorts,07/03/2024
C-0223,O-2594,09/25/2024,200.07,Electronics,Bluetooth Speaker,12/06/2024
C-1106,O-2764,09/25/2024,374.95,Electronics,HDMI Cable,11/03/2024
C-1843,O-3229,09/25/2024,130.61,Beauty,Hair Oil,01/07/2025
C-0096,O-3686,09/25/2024,91.07,Clothing,Formal Shirt,10/21/2024
C-0271,O-3806,09/25/2024,130.82,Clothing,Polo Shirt,04/18/2025
C-2013,O-4063,09/25/2024,156.37,Clothing,Cargo Pants,05/04/2025
C-0907,O-4385,09/25/2024,297.83,Electronics,HDMI Cable,10/18/2024
C-0205,O-4923,09/25/2024,126.95,Home & Kitchen,LED Desk Lamp,10/04/2024
C-0777,O-5043,09/25/2024,231.1,Electronics,USB-C Hub,04/21/2025
C-2386,O-5343,09/25/2024,61.28,Clothing,Denim Jacket,10/17/2025
C-1366,O-5917,09/25/2024,169.16,Sports,Sports Towel,11/05/2024
C-1337,O-6170,09/25/2024,184.88,Clothing,Wool Scarf,12/17/2024
C-0648,O-1012,09/25/2025,52.43,Clothing,Cargo Pants,11/07/2024
C-1685,O-1212,09/25/2025,344.74,Electronics,Portable Charger,04/15/2025
C-1308,O-1577,09/25/2025,66.06,Home & Kitchen,Bamboo Cutting Board,09/25/2024
C-0629,O-2150,09/25/2025,147.17,Clothing,Casual Hoodie,01/06/2025
C-0529,O-2437,09/25/2025,191.13,Clothing,Linen Shirt,01/21/2025
C-1485,O-3214,09/25/2025,148.02,Home & Kitchen,Air Purifier,11/22/2025
C-2247,O-3621,09/25/2025,227.96,Home & Kitchen,LED Desk Lamp,07/30/2025
C-0932,O-4415,09/25/2025,333.02,Electronics,Mouse Pad,11/12/2024
C-2255,O-4942,09/25/2025,426.15,Electronics,Bluetooth Speaker,07/25/2025
C-0278,O-5133,09/25/2025,240.42,Electronics,Bluetooth Speaker,11/15/2024
C-1716,O-5744,09/25/2025,476.44,Electronics,Bluetooth Speaker,01/20/2025
C-1564,O-5795,09/25/2025,127.37,Home & Kitchen,Non-Stick Pan Set,12/26/2024
C-1151,O-6408,09/25/2025,89.0,Clothing,Track Pants,09/25/2024
C-1076,O-1476,09/26/2024,158.16,Clothing,Cargo Pants,09/14/2025
C-1877,O-1884,09/26/2024,442.15,Electronics,USB-C Hub,11/01/2025
C-1124,O-2676,09/26/2024,88.04,Sports,Swimming Goggles,02/17/2025
C-1392,O-3216,09/26/2024,34.81,Beauty,Sunscreen SPF50,06/09/2025
C-0221,O-4726,09/26/2024,285.07,Electronics,Webcam,09/07/2025
C-1627,O-5673,09/26/2024,58.87,Sports,Gym Bag,04/23/2025
C-0795,O-5753,09/26/2024,134.68,Clothing,Casual Hoodie,04/06/2025
C-1404,O-6137,09/26/2024,134.41,Electronics,Mouse Pad,03/20/2025
C-1968,O-6602,09/26/2024,68.96,Electronics,Mechanical Keyboard,08/07/2025
C-0348,O-6629,09/26/2024,176.61,Sports,Swimming Goggles,08/13/2025
C-0770,O-1146,09/26/2025,383.43,Electronics,Mechanical Keyboard,07/06/2025
C-0570,O-1779,09/26/2025,83.24,Beauty,Eye Cream,09/19/2025
C-1197,O-1959,09/26/2025,112.56,Beauty,Body Lotion,09/20/2025
C-0254,O-2059,09/26/2025,331.78,Electronics,Smart Watch Band,11/12/2024
C-2157,O-2587,09/26/2025,282.09,Home & Kitchen,Storage Containers,08/02/2024
C-1791,O-2807,09/26/2025,141.79,Clothing,Formal Shirt,04/07/2025
C-0477,O-2955,09/26/2025,94.94,Electronics,Webcam,08/03/2025
C-1770,O-4712,09/26/2025,92.97,Electronics,Wireless Earbuds,11/02/2025
C-1675,O-4741,09/26/2025,161.17,Clothing,Formal Shirt,07/24/2024
C-1995,O-5275,09/26/2025,394.67,Electronics,Bluetooth Speaker,03/08/2025
C-0261,O-5303,09/26/2025,476.74,Electronics,Wireless Earbuds,10/11/2024
C-0303,O-6416,09/26/2025,424.47,Electronics,Mechanical Keyboard,09/11/2025
C-0492,O-1647,09/27/2024,62.63,Beauty,Vitamin C Serum,07/30/2024
C-0828,O-3166,09/27/2024,80.22,Home & Kitchen,Spice Rack,05/22/2025
C-1769,O-3335,09/27/2024,116.52,Home & Kitchen,Air Purifier,05/29/2025
C-0664,O-3375,09/27/2024,147.68,Home & Kitchen,LED Desk Lamp,11/16/2025
C-0653,O-3795,09/27/2024,23.41,Sports,Gym Bag,10/24/2025
C-1226,O-4104,09/27/2024,296.36,Home & Kitchen,LED Desk Lamp,09/17/2024
C-1051,O-4143,09/27/2024,119.93,Beauty,Eye Cream,11/28/2025
C-2168,O-4296,09/27/2024,183.06,Clothing,Running Shorts,09/18/2025
C-1009,O-4608,09/27/2024,250.61,Home & Kitchen,Knife Set,11/03/2024
C-1878,O-4727,09/27/2024,140.23,Electronics,USB-C Hub,05/28/2025
C-0384,O-4925,09/27/2024,107.93,Sports,Water Bottle,05/31/2025
C-0406,O-5425,09/27/2024,38.46,Beauty,Sunscreen SPF50,09/25/2024
C-0330,O-5949,09/27/2024,163.16,Home & Kitchen,Insulated Flask,06/06/2025
C-1703,O-1754,09/27/2025,149.79,Clothing,Cargo Pants,09/14/2024
C-0188,O-2004,09/27/2025,263.14,Home & Kitchen,Coffee Maker,06/13/2025
C-0388,O-2965,09/27/2025,167.17,Clothing,Track Pants,01/13/2025
C-0251,O-3239,09/27/2025,85.8,Electronics,Wireless Earbuds,03/02/2025
C-1820,O-3425,09/27/2025,432.76,Electronics,Mechanical Keyboard,06/04/2025
C-0252,O-3928,09/27/2025,143.59,Home & Kitchen,Coffee Maker,03/29/2025
C-1520,O-3935,09/27/2025,127.29,Home & Kitchen,Insulated Flask,09/07/2024
C-1645,O-4980,09/27/2025,142.67,Electronics,Mechanical Keyboard,05/23/2025
C-0116,O-5169,09/27/2025,212.68,Electronics,HDMI Cable,11/25/2025
C-2091,O-6019,09/27/2025,120.59,Home & Kitchen,Knife Set,09/01/2025
C-0340,O-6751,09/27/2025,214.05,Electronics,HDMI Cable,01/21/2025
C-1521,O-6897,09/27/2025,325.3,Electronics,Wireless Earbuds,02/27/2025
C-0563,O-1500,09/28/2024,289.17,Home & Kitchen,Storage Containers,09/04/2025
C-1876,O-1725,09/28/2024,179.77,Electronics,USB-C Hub,11/21/2024
C-1826,O-1753,09/28/2024,383.69,Electronics,Mouse Pad,08/21/2025
C-1192,O-2234,09/28/2024,383.26,Electronics,Laptop Stand,11/25/2025
C-0899,O-2396,09/28/2024,141.48,Electronics,Wireless Earbuds,05/03/2025
C-1268,O-2431,09/28/2024,73.04,Clothing,Polo Shirt,10/04/2025
C-0407,O-2468,09/28/2024,22.55,Beauty,Sunscreen SPF50,04/17/2025
C-1464,O-3504,09/28/2024,198.56,Electronics,Portable Charger,05/20/2025
C-2268,O-6770,09/28/2024,66.91,Sports,Resistance Bands,05/03/2025
C-0380,O-1568,09/28/2025,182.42,Clothing,Polo Shirt,11/05/2024
C-1388,O-1581,09/28/2025,261.83,Electronics,Wireless Earbuds,02/15/2025
C-0753,O-1868,09/28/2025,10.43,Beauty,Vitamin C Serum,08/26/2025
C-2374,O-2010,09/28/2025,323.08,Electronics,HDMI Cable,05/04/2025
C-1968,O-2377,09/28/2025,56.45,Beauty,Face Wash,08/07/2025
C-0409,O-2470,09/28/2025,138.53,Clothing,Cotton T-Shirt,10/04/2024
C-1142,O-4853,09/28/2025,184.44,Clothing,Casual Hoodie,02/06/2025
C-1004,O-5521,09/28/2025,326.72,Electronics,Bluetooth Speaker,07/03/2025
C-0152,O-6415,09/28/2025,187.34,Clothing,Denim Jacket,03/11/2025
C-2312,O-6593,09/28/2025,140.16,Clothing,Wool Scarf,04/25/2025
C-0942,O-6650,09/28/2025,113.82,Beauty,Sheet Mask Pack,04/06/2025
C-2048,O-1685,09/29/2024,120.66,Home & Kitchen,Bamboo Cutting Board,01/12/2025
C-1725,O-2590,09/29/2024,136.96,Beauty,Eye Cream,10/11/2025
C-0478,O-4200,09/29/2024,55.69,Clothing,Polo Shirt,07/21/2024
C-1796,O-4683,09/29/2024,151.53,Sports,Resistance Bands,06/19/2025
C-1892,O-5391,09/29/2024,273.7,Electronics,Wireless Earbuds,09/02/2024
C-1645,O-5985,09/29/2024,199.55,Electronics,Bluetooth Speaker,05/23/2025
C-2128,O-1017,09/29/2025,417.7,Electronics,Laptop Stand,11/12/2025
C-0937,O-3368,09/29/2025,24.22,Beauty,Sunscreen SPF50,12/27/2024
C-2486,O-4493,09/29/2025,125.95,Sports,Resistance Bands,06/22/2025
C-0501,O-4564,09/29/2025,114.85,Home & Kitchen,Knife Set,07/28/2024
C-1766,O-5544,09/29/2025,132.01,Beauty,Lip Balm Set,09/02/2024
C-1608,O-5929,09/29/2025,165.1,Home & Kitchen,Non-Stick Pan Set,01/18/2025
C-1868,O-6518,09/29/2025,121.21,Home & Kitchen,LED Desk Lamp,12/27/2024
C-1898,O-6604,09/29/2025,149.86,Home & Kitchen,Air Purifier,11/27/2025
C-2360,O-1480,09/30/2024,240.59,Electronics,Mechanical Keyboard,11/23/2024
C-0937,O-1875,09/30/2024,80.21,Sports,Water Bottle,12/27/2024
C-0612,O-1877,09/30/2024,237.87,Sports,Jump Rope,03/07/2025
C-1634,O-1911,09/30/2024,123.32,Electronics,Webcam,09/13/2024
C-1232,O-2029,09/30/2024,168.64,Clothing,Denim Jacket,02/27/2025
C-1686,O-2201,09/30/2024,399.51,Electronics,Smart Watch Band,11/19/2025
C-1538,O-2260,09/30/2024,48.53,Beauty,Sheet Mask Pack,10/25/2024
C-0904,O-3653,09/30/2024,96.83,Clothing,Linen Shirt,01/20/2025
C-2482,O-3908,09/30/2024,231.21,Electronics,Mechanical Keyboard,05/01/2025
C-0664,O-4237,09/30/2024,101.89,Clothing,Denim Jacket,11/16/2025
C-0750,O-4311,09/30/2024,173.23,Sports,Foam Roller,10/16/2024
C-0627,O-4393,09/30/2024,145.49,Home & Kitchen,Spice Rack,05/20/2025
C-1891,O-4659,09/30/2024,344.46,Electronics,Wireless Earbuds,02/27/2025
C-1464,O-5073,09/30/2024,192.79,Clothing,Casual Hoodie,05/20/2025
C-1610,O-1473,09/30/2025,80.66,Beauty,Eye Cream,11/06/2024
C-0734,O-1583,09/30/2025,116.39,Home & Kitchen,Bamboo Cutting Board,07/22/2024
C-1027,O-1656,09/30/2025,116.98,Electronics,Mouse Pad,11/26/2024
C-0343,O-1749,09/30/2025,293.36,Home & Kitchen,Coffee Maker,05/09/2025
C-0043,O-4821,09/30/2025,212.88,Home & Kitchen,Knife Set,07/06/2025
C-0795,O-4849,09/30/2025,134.34,Beauty,Moisturizer,04/06/2025
C-1721,O-6323,09/30/2025,71.62,Clothing,Denim Jacket,08/09/2024
C-1897,O-6523,09/30/2025,173.03,Home & Kitchen,Storage Containers,08/20/2025
C-1060,O-1154,10/01/2024,24.19,Clothing,Cargo Pants,09/10/2025
C-1851,O-1524,10/01/2024,74.44,Home & Kitchen,Coffee Maker,10/09/2025
C-2016,O-2231,10/01/2024,132.07,Beauty,Hair Oil,12/27/2024
C-1789,O-2854,10/01/2024,213.3,Home & Kitchen,Air Purifier,11/04/2025
C-0862,O-3014,10/01/2024,76.92,Beauty,Hair Oil,09/18/2025
C-0937,O-3439,10/01/2024,50.4,Home & Kitchen,Air Purifier,12/27/2024
C-0985,O-4135,10/01/2024,82.62,Electronics,Mechanical Keyboard,08/02/2025
C-0459,O-4468,10/01/2024,97.6,Clothing,Linen Shirt,06/09/2025
C-1763,O-4607,10/01/2024,98.32,Clothing,Formal Shirt,08/25/2025
C-1736,O-4932,10/01/2024,136.92,Clothing,Cargo Pants,10/30/2025
C-2170,O-5246,10/01/2024,42.67,Clothing,Track Pants,10/06/2024
C-0478,O-6661,10/01/2024,275.54,Home & Kitchen,Non-Stick Pan Set,07/21/2024
C-1155,O-6858,10/01/2024,72.78,Home & Kitchen,Bamboo Cutting Board,08/20/2024
C-1813,O-6960,10/01/2024,163.18,Home & Kitchen,Storage Containers,03/06/2025
C-0230,O-2949,10/01/2025,92.29,Home & Kitchen,LED Desk Lamp,08/28/2024
C-0007,O-4105,10/01/2025,134.68,Home & Kitchen,Coffee Maker,10/13/2024
C-1229,O-4915,10/01/2025,134.92,Electronics,Mechanical Keyboard,06/23/2025
C-1909,O-5253,10/01/2025,44.42,Home & Kitchen,Bamboo Cutting Board,07/18/2025
C-0468,O-5816,10/01/2025,204.3,Home & Kitchen,Knife Set,09/04/2024
C-0274,O-6850,10/01/2025,257.43,Electronics,Portable Charger,05/06/2025
C-0087,O-6883,10/01/2025,269.34,Electronics,Webcam,03/27/2025
C-1086,O-1124,10/02/2024,75.84,Home & Kitchen,Knife Set,08/13/2025
C-0507,O-1528,10/02/2024,335.33,Electronics,Mouse Pad,08/21/2024
C-1054,O-2013,10/02/2024,293.8,Electronics,Bluetooth Speaker,05/05/2025
C-1933,O-2916,10/02/2024,190.88,Sports,Yoga Mat,11/13/2024
C-1808,O-3808,10/02/2024,58.53,Clothing,Running Shorts,04/04/2025
C-1652,O-3986,10/02/2024,140.78,Beauty,Sunscreen SPF50,03/05/2025
C-0758,O-4543,10/02/2024,233.74,Sports,Resistance Bands,10/09/2025
C-2209,O-4714,10/02/2024,278.18,Home & Kitchen,Air Purifier,02/19/2025
C-0745,O-4758,10/02/2024,189.95,Electronics,Laptop Stand,10/25/2025
C-1029,O-5415,10/02/2024,488.89,Electronics,Wireless Earbuds,03/14/2025
C-0148,O-5589,10/02/2024,28.56,Sports,Sports Towel,07/18/2025
C-0276,O-6638,10/02/2024,466.32,Electronics,Smart Watch Band,05/03/2025
C-1820,O-1220,10/02/2025,251.18,Electronics,Mouse Pad,06/04/2025
C-1399,O-2427,10/02/2025,50.72,Beauty,Hair Oil,10/24/2025
C-1373,O-3796,10/02/2025,113.13,Sports,Dumbbell Set,09/21/2025
C-1759,O-4155,10/02/2025,148.56,Electronics,HDMI Cable,09/02/2025
C-1220,O-4351,10/02/2025,268.32,Home & Kitchen,Bamboo Cutting Board,08/10/2025
C-1118,O-5252,10/02/2025,176.26,Electronics,HDMI Cable,02/15/2025
C-0518,O-5554,10/02/2025,35.11,Beauty,Body Lotion,03/16/2025
C-0831,O-5662,10/02/2025,294.15,Home & Kitchen,Bamboo Cutting Board,07/31/2025
C-2491,O-6651,10/02/2025,152.56,Clothing,Denim Jacket,01/31/2025
C-0336,O-1986,10/03/2024,264.31,Electronics,USB-C Hub,07/27/2025
C-1114,O-2410,10/03/2024,152.48,Clothing,Running Shorts,10/15/2024
C-1084,O-2833,10/03/2024,82.27,Clothing,Linen Shirt,06/13/2025
C-0913,O-3029,10/03/2024,35.8,Clothing,Denim Jacket,07/23/2024
C-2228,O-3357,10/03/2024,254.61,Electronics,Bluetooth Speaker,10/02/2024
C-0950,O-3443,10/03/2024,205.02,Home & Kitchen,Blender,09/16/2024
C-0080,O-3766,10/03/2024,224.37,Home & Kitchen,Spice Rack,11/24/2025
C-0662,O-3783,10/03/2024,85.07,Beauty,Eye Cream,09/05/2024
C-0410,O-4046,10/03/2024,165.83,Clothing,Track Pants,02/26/2025
C-1861,O-6383,10/03/2024,126.66,Beauty,Eye Cream,10/13/2025
C-0758,O-6757,10/03/2024,105.91,Clothing,Wool Scarf,10/09/2025
C-2307,O-6786,10/03/2024,243.13,Home & Kitchen,Storage Containers,01/01/2025
C-0354,O-6833,10/03/2024,201.97,Home & Kitchen,Knife Set,08/14/2025
C-0888,O-1319,10/03/2025,263.51,Home & Kitchen,Spice Rack,10/16/2025
C-1421,O-1944,10/03/2025,69.37,Home & Kitchen,Non-Stick Pan Set,03/05/2025
C-1843,O-2002,10/03/2025,90.19,Electronics,Laptop Stand,01/07/2025
C-1454,O-2715,10/03/2025,190.36,Sports,Foam Roller,01/03/2025
C-1108,O-4688,10/03/2025,135.96,Sports,Yoga Mat,06/28/2025
C-0313,O-4805,10/03/2025,205.65,Sports,Gym Bag,08/12/2024
C-1544,O-5022,10/03/2025,159.03,Electronics,Portable Charger,03/26/2025
C-0012,O-5057,10/03/2025,52.64,Home & Kitchen,Knife Set,10/04/2024
C-0755,O-5448,10/03/2025,150.31,Home & Kitchen,Coffee Maker,04/22/2025
C-2383,O-5819,10/03/2025,111.82,Home & Kitchen,Non-Stick Pan Set,12/11/2024
C-0196,O-5926,10/03/2025,134.03,Beauty,Sunscreen SPF50,01/04/2025
C-1979,O-6714,10/03/2025,145.35,Home & Kitchen,Bamboo Cutting Board,10/15/2025
C-1384,O-6856,10/03/2025,151.47,Clothing,Denim Jacket,02/27/2025
C-0633,O-6998,10/03/2025,224.9,Electronics,Wireless Earbuds,04/10/2025
C-0011,O-1007,10/04/2024,199.58,Home & Kitchen,Spice Rack,07/31/2024
C-1099,O-1206,10/04/2024,48.83,Clothing,Wool Scarf,10/04/2024
C-0482,O-1326,10/04/2024,181.87,Clothing,Running Shorts,06/26/2025
C-0147,O-1543,10/04/2024,61.6,Beauty,Hair Oil,08/13/2025
C-0984,O-2299,10/04/2024,88.06,Electronics,Wireless Earbuds,11/16/2024
C-1289,O-2419,10/04/2024,245.52,Sports,Yoga Mat,08/01/2025
C-1894,O-2442,10/04/2024,133.86,Clothing,Polo Shirt,10/20/2025
C-1704,O-3524,10/04/2024,42.41,Clothing,Wool Scarf,07/31/2025
C-2151,O-3651,10/04/2024,297.01,Electronics,Laptop Stand,08/20/2025
C-0591,O-4668,10/04/2024,64.62,Home & Kitchen,Non-Stick Pan Set,02/03/2025
C-1514,O-5577,10/04/2024,106.07,Sports,Water Bottle,12/11/2024
C-0141,O-6225,10/04/2024,179.05,Home & Kitchen,Insulated Flask,12/17/2024
C-2446,O-6579,10/04/2024,129.85,Sports,Jump Rope,08/24/2024
C-0395,O-1383,10/04/2025,124.26,Home & Kitchen,Bamboo Cutting Board,05/08/2025
C-2262,O-1614,10/04/2025,49.37,Clothing,Casual Hoodie,11/27/2024
C-2143,O-2834,10/04/2025,15.14,Beauty,Vitamin C Serum,03/04/2025
C-1292,O-2973,10/04/2025,87.81,Clothing,Linen Shirt,08/23/2024
C-1715,O-4991,10/04/2025,319.47,Electronics,Mechanical Keyboard,11/25/2024
C-2019,O-5166,10/04/2025,52.69,Clothing,Casual Hoodie,08/18/2024
C-1925,O-6262,10/04/2025,368.73,Electronics,Mechanical Keyboard,09/26/2025
C-2152,O-6399,10/04/2025,161.12,Electronics,Webcam,10/14/2025
C-0535,O-6692,10/04/2025,91.35,Home & Kitchen,Bamboo Cutting Board,10/26/2024
C-2041,O-1904,10/05/2024,49.8,Beauty,Moisturizer,03/19/2025
C-0369,O-3695,10/05/2024,169.71,Home & Kitchen,Spice Rack,01/11/2025
C-0177,O-3779,10/05/2024,199.06,Clothing,Formal Shirt,10/05/2024
C-0622,O-4453,10/05/2024,199.89,Sports,Jump Rope,05/10/2025
C-1029,O-4635,10/05/2024,322.27,Electronics,Wireless Earbuds,03/14/2025
C-0582,O-5601,10/05/2024,77.0,Clothing,Polo Shirt,03/07/2025
C-0997,O-5824,10/05/2024,210.69,Sports,Water Bottle,02/08/2025
C-0958,O-5847,10/05/2024,158.56,Clothing,Casual Hoodie,03/28/2025
C-1108,O-5858,10/05/2024,266.88,Home & Kitchen,Storage Containers,06/28/2025
C-1589,O-6563,10/05/2024,54.28,Beauty,Lip Balm Set,10/21/2025
C-0848,O-6783,10/05/2024,58.2,Clothing,Running Shorts,03/29/2025
C-1908,O-6984,10/05/2024,229.58,Sports,Resistance Bands,10/09/2025
C-0016,O-2459,10/05/2025,165.89,Sports,Jump Rope,07/28/2024
C-0120,O-4036,10/05/2025,117.52,Beauty,Face Wash,01/20/2025
C-0891,O-4077,10/05/2025,54.47,Home & Kitchen,Storage Containers,03/19/2025
C-2225,O-4203,10/05/2025,174.23,Clothing,Linen Shirt,05/21/2025
C-1459,O-4640,10/05/2025,64.68,Clothing,Cotton T-Shirt,04/27/2025
C-1794,O-5285,10/05/2025,39.7,Home & Kitchen,Storage Containers,07/24/2025
C-2442,O-6160,10/05/2025,176.89,Home & Kitchen,Coffee Maker,11/21/2024
C-0348,O-1062,10/06/2024,28.84,Clothing,Cargo Pants,08/13/2025
C-0475,O-1204,10/06/2024,11.35,Beauty,Moisturizer,01/28/2025
C-0377,O-1833,10/06/2024,43.5,Home & Kitchen,Bamboo Cutting Board,09/10/2024
C-1797,O-2057,10/06/2024,59.33,Home & Kitchen,Blender,11/27/2024
C-2006,O-2289,10/06/2024,175.1,Clothing,Linen Shirt,05/23/2025
C-0622,O-2766,10/06/2024,78.43,Home & Kitchen,Knife Set,05/10/2025
C-0337,O-3035,10/06/2024,268.9,Home & Kitchen,Bamboo Cutting Board,08/09/2024
C-0057,O-4845,10/06/2024,62.41,Sports,Dumbbell Set,07/15/2025
C-0324,O-5077,10/06/2024,63.21,Clothing,Polo Shirt,02/28/2025
C-1370,O-6875,10/06/2024,422.74,Electronics,HDMI Cable,04/06/2025
C-1537,O-1005,10/06/2025,231.28,Electronics,Bluetooth Speaker,03/13/2025
C-2274,O-2025,10/06/2025,482.5,Electronics,Mouse Pad,11/20/2025
C-2333,O-2121,10/06/2025,50.64,Home & Kitchen,Bamboo Cutting Board,03/12/2025
C-1222,O-2451,10/06/2025,39.97,Beauty,Perfume Roll-On,06/13/2025
C-0882,O-3115,10/06/2025,76.15,Clothing,Formal Shirt,09/19/2024
C-1269,O-3359,10/06/2025,92.73,Electronics,Mechanical Keyboard,01/09/2025
C-0465,O-3549,10/06/2025,156.71,Clothing,Track Pants,07/28/2025
C-0969,O-3780,10/06/2025,424.4,Electronics,Portable Charger,06/01/2025
C-0493,O-3981,10/06/2025,140.05,Sports,Gym Bag,08/03/2025
C-0769,O-4583,10/06/2025,12.01,Beauty,Body Lotion,01/09/2025
C-2097,O-4972,10/06/2025,94.72,Clothing,Track Pants,07/24/2025
C-1091,O-5021,10/06/2025,61.24,Clothing,Cotton T-Shirt,05/17/2025
C-2335,O-5028,10/06/2025,139.09,Sports,Water Bottle,12/18/2024
C-0336,O-5814,10/06/2025,120.6,Electronics,HDMI Cable,07/27/2025
C-1305,O-6134,10/06/2025,106.83,Sports,Dumbbell Set,05/14/2025
C-0044,O-6501,10/06/2025,195.01,Electronics,Webcam,01/13/2025
C-1412,O-6574,10/06/2025,230.05,Sports,Yoga Mat,11/02/2024
C-0338,O-1267,10/07/2024,289.94,Electronics,HDMI Cable,10/25/2025
C-0043,O-1786,10/07/2024,38.76,Beauty,Eye Cream,07/06/2025
C-0100,O-2627,10/07/2024,451.98,Electronics,USB-C Hub,09/04/2024
C-1462,O-3615,10/07/2024,51.31,Clothing,Linen Shirt,01/21/2025
C-0306,O-4121,10/07/2024,64.78,Home & Kitchen,Storage Containers,09/16/2024
C-0773,O-4474,10/07/2024,196.99,Electronics,Wireless Earbuds,08/22/2024
C-0700,O-4539,10/07/2024,84.81,Beauty,Lip Balm Set,04/16/2025
C-0246,O-4657,10/07/2024,76.7,Clothing,Running Shorts,09/03/2025
C-0338,O-4706,10/07/2024,73.89,Clothing,Denim Jacket,10/25/2025
C-0932,O-5234,10/07/2024,207.87,Home & Kitchen,Spice Rack,11/12/2024
C-0392,O-5354,10/07/2024,20.05,Clothing,Running Shorts,05/05/2025
C-1959,O-5423,10/07/2024,33.44,Clothing,Linen Shirt,07/27/2025
C-1822,O-6103,10/07/2024,351.25,Electronics,Mouse Pad,10/11/2024
C-1711,O-6326,10/07/2024,93.99,Beauty,Lip Balm Set,08/08/2025
C-1284,O-6756,10/07/2024,98.08,Beauty,Eye Cream,09/23/2025
C-1935,O-6864,10/07/2024,82.47,Beauty,Hair Oil,10/11/2025
C-1489,O-1226,10/07/2025,50.99,Electronics,Webcam,09/08/2025
C-0509,O-2517,10/07/2025,316.03,Electronics,Laptop Stand,07/24/2025
C-1887,O-3191,10/07/2025,100.75,Clothing,Cargo Pants,05/06/2025
C-0265,O-3433,10/07/2025,131.94,Home & Kitchen,Non-Stick Pan Set,03/29/2025
C-1937,O-3511,10/07/2025,71.68,Clothing,Track Pants,10/17/2025
C-0229,O-4278,10/07/2025,205.89,Home & Kitchen,LED Desk Lamp,05/18/2025
C-0163,O-5256,10/07/2025,166.4,Home & Kitchen,Spice Rack,09/08/2024
C-0529,O-6718,10/07/2025,25.35,Clothing,Cotton T-Shirt,01/21/2025
C-0620,O-1127,10/08/2024,413.68,Electronics,Laptop Stand,10/08/2025
C-2274,O-1597,10/08/2024,53.13,Beauty,Vitamin C Serum,11/20/2025
C-0169,O-1639,10/08/2024,239.92,Sports,Gym Bag,11/10/2025
C-0007,O-2204,10/08/2024,286.23,Electronics,Mechanical Keyboard,10/13/2024
C-2038,O-2430,10/08/2024,117.28,Beauty,Vitamin C Serum,11/15/2024
C-2370,O-2460,10/08/2024,239.08,Electronics,Webcam,09/22/2025
C-0145,O-3203,10/08/2024,13.01,Beauty,Sunscreen SPF50,01/22/2025
C-0511,O-4012,10/08/2024,176.51,Clothing,Cotton T-Shirt,02/02/2025
C-0487,O-4705,10/08/2024,287.1,Home & Kitchen,LED Desk Lamp,11/12/2025
C-0245,O-6144,10/08/2024,126.04,Electronics,Mouse Pad,09/22/2024
C-1547,O-6358,10/08/2024,52.41,Clothing,Cotton T-Shirt,02/05/2025
C-1404,O-1322,10/08/2025,88.2,Home & Kitchen,Coffee Maker,03/20/2025
C-0733,O-1526,10/08/2025,267.7,Home & Kitchen,LED Desk Lamp,02/20/2025
C-1331,O-1588,10/08/2025,102.94,Clothing,Denim Jacket,06/10/2025
C-1278,O-2538,10/08/2025,54.06,Home & Kitchen,Storage Containers,09/25/2024
C-1516,O-2718,10/08/2025,47.69,Clothing,Polo Shirt,11/24/2024
C-1203,O-3837,10/08/2025,141.03,Electronics,Laptop Stand,08/19/2025
C-1487,O-4113,10/08/2025,73.63,Beauty,Eye Cream,03/31/2025
C-1347,O-4628,10/08/2025,105.48,Electronics,Mouse Pad,03/02/2025
C-1652,O-4695,10/08/2025,325.48,Electronics,Bluetooth Speaker,03/05/2025
C-0901,O-5732,10/08/2025,62.32,Home & Kitchen,Knife Set,03/14/2025
C-1389,O-6175,10/08/2025,86.65,Electronics,Mouse Pad,07/29/2024
C-2283,O-6181,10/08/2025,74.05,Beauty,Sheet Mask Pack,07/25/2025
C-1583,O-6393,10/08/2025,256.45,Electronics,HDMI Cable,08/24/2025
C-2485,O-6618,10/08/2025,145.52,Sports,Jump Rope,03/27/2025
C-0253,O-6754,10/08/2025,100.33,Beauty,Perfume Roll-On,08/10/2025
C-2032,O-6791,10/08/2025,81.25,Clothing,Running Shorts,05/04/2025
C-1321,O-1828,10/09/2024,106.72,Beauty,Sunscreen SPF50,06/15/2025
C-0933,O-2105,10/09/2024,67.23,Electronics,Laptop Stand,10/01/2024
C-0442,O-3078,10/09/2024,290.85,Home & Kitchen,Coffee Maker,11/29/2025
C-2020,O-4255,10/09/2024,65.57,Home & Kitchen,Knife Set,06/18/2025
C-0554,O-5426,10/09/2024,279.71,Home & Kitchen,Bamboo Cutting Board,11/01/2024
C-1058,O-5846,10/09/2024,45.24,Beauty,Perfume Roll-On,11/03/2025
C-2093,O-6298,10/09/2024,12.76,Beauty,Lip Balm Set,12/04/2024
C-1460,O-6473,10/09/2024,221.14,Home & Kitchen,Non-Stick Pan Set,01/23/2025
C-1814,O-6562,10/09/2024,75.2,Beauty,Body Lotion,08/21/2024
C-0797,O-1353,10/09/2025,21.07,Sports,Sports Towel,11/07/2025
C-2497,O-1697,10/09/2025,111.38,Electronics,Laptop Stand,01/28/2025
C-1480,O-1985,10/09/2025,422.8,Electronics,Mechanical Keyboard,09/24/2025
C-1736,O-2408,10/09/2025,277.77,Home & Kitchen,Bamboo Cutting Board,10/30/2025
C-0512,O-3067,10/09/2025,443.86,Electronics,Laptop Stand,10/09/2025
C-1382,O-3136,10/09/2025,211.31,Sports,Swimming Goggles,11/27/2025
C-0303,O-4424,10/09/2025,50.79,Beauty,Body Lotion,09/11/2025
C-0168,O-4965,10/09/2025,130.89,Home & Kitchen,Storage Containers,04/12/2025
C-0269,O-5004,10/09/2025,287.91,Electronics,USB-C Hub,03/08/2025
C-1330,O-6183,10/09/2025,256.76,Home & Kitchen,LED Desk Lamp,08/08/2024
C-0224,O-6397,10/09/2025,86.18,Home & Kitchen,Non-Stick Pan Set,01/11/2025
C-0513,O-2265,10/10/2024,49.2,Clothing,Track Pants,05/31/2025
C-1826,O-2344,10/10/2024,328.55,Electronics,HDMI Cable,08/21/2025
C-1288,O-2724,10/10/2024,36.93,Clothing,Running Shorts,04/16/2025
C-1348,O-3083,10/10/2024,163.35,Clothing,Cargo Pants,05/13/2025
C-2422,O-3140,10/10/2024,102.89,Beauty,Sunscreen SPF50,11/15/2024
C-0085,O-3544,10/10/2024,126.06,Electronics,Portable Charger,11/20/2024
C-1268,O-4644,10/10/2024,53.17,Sports,Jump Rope,10/04/2025
C-0820,O-6350,10/10/2024,103.99,Clothing,Track Pants,10/10/2025
C-0515,O-6836,10/10/2024,229.53,Home & Kitchen,Spice Rack,07/24/2025
C-2033,O-1044,10/10/2025,107.43,Clothing,Cotton T-Shirt,11/25/2024
C-0453,O-1413,10/10/2025,217.63,Home & Kitchen,Bamboo Cutting Board,04/08/2025
C-2101,O-2355,10/10/2025,62.88,Clothing,Track Pants,03/21/2025
C-1121,O-3284,10/10/2025,254.0,Electronics,Smart Watch Band,07/12/2025
C-0962,O-3322,10/10/2025,107.29,Beauty,Eye Cream,03/26/2025
C-0534,O-4836,10/10/2025,41.4,Home & Kitchen,Air Purifier,10/28/2025
C-0356,O-1023,10/11/2024,315.31,Electronics,Bluetooth Speaker,07/29/2024
C-0608,O-1138,10/11/2024,199.3,Sports,Sports Towel,10/04/2024
C-1355,O-3628,10/11/2024,153.2,Electronics,Smart Watch Band,07/27/2025
C-0872,O-3721,10/11/2024,78.43,Sports,Water Bottle,04/27/2025
C-1744,O-3956,10/11/2024,130.96,Clothing,Wool Scarf,10/29/2025
C-0516,O-4028,10/11/2024,75.62,Clothing,Formal Shirt,04/11/2025
C-2017,O-4175,10/11/2024,128.23,Beauty,Lip Balm Set,09/11/2025
C-1115,O-4642,10/11/2024,99.45,Home & Kitchen,Air Purifier,02/03/2025
C-0572,O-4896,10/11/2024,107.37,Home & Kitchen,Coffee Maker,04/03/2025
C-1443,O-5208,10/11/2024,78.6,Sports,Jump Rope,06/19/2025
C-2242,O-5264,10/11/2024,341.17,Electronics,Smart Watch Band,07/27/2024
C-0894,O-5276,10/11/2024,131.94,Clothing,Wool Scarf,04/21/2025
C-1285,O-5776,10/11/2024,218.88,Electronics,Portable Charger,12/10/2024
C-2230,O-5861,10/11/2024,104.8,Home & Kitchen,Bamboo Cutting Board,05/12/2025
C-2305,O-6076,10/11/2024,150.42,Home & Kitchen,Coffee Maker,10/25/2024
C-2212,O-6139,10/11/2024,147.25,Home & Kitchen,LED Desk Lamp,09/16/2025
C-1531,O-6161,10/11/2024,113.99,Electronics,HDMI Cable,09/17/2024
C-1850,O-1519,10/11/2025,132.89,Beauty,Moisturizer,04/18/2025
C-1162,O-1797,10/11/2025,213.94,Home & Kitchen,Bamboo Cutting Board,08/29/2025
C-0013,O-2217,10/11/2025,111.53,Beauty,Sheet Mask Pack,02/09/2025
C-1997,O-3046,10/11/2025,234.9,Home & Kitchen,Insulated Flask,08/16/2025
C-1215,O-3734,10/11/2025,183.0,Electronics,HDMI Cable,10/17/2024
C-1803,O-4235,10/11/2025,182.07,Clothing,Cargo Pants,09/26/2025
C-2307,O-4348,10/11/2025,77.19,Beauty,Face Wash,01/01/2025
C-0745,O-4612,10/11/2025,295.12,Electronics,USB-C Hub,10/25/2025
C-1278,O-4682,10/11/2025,387.14,Electronics,HDMI Cable,09/25/2024
C-0492,O-5013,10/11/2025,497.42,Electronics,USB-C Hub,07/30/2024
C-0308,O-1201,10/12/2024,125.05,Sports,Water Bottle,08/06/2024
C-1073,O-2084,10/12/2024,220.52,Electronics,USB-C Hub,04/28/2025
C-1988,O-2211,10/12/2024,388.31,Electronics,Portable Charger,03/04/2025
C-2063,O-2422,10/12/2024,19.38,Clothing,Running Shorts,10/29/2024
C-1419,O-2867,10/12/2024,245.98,Home & Kitchen,Knife Set,11/24/2025
C-0597,O-3467,10/12/2024,79.85,Clothing,Cotton T-Shirt,07/11/2024
C-0474,O-4610,10/12/2024,87.68,Clothing,Casual Hoodie,09/02/2024
C-1561,O-5186,10/12/2024,373.37,Electronics,USB-C Hub,04/24/2025
C-1491,O-6434,10/12/2024,167.58,Clothing,Casual Hoodie,09/14/2025
C-2333,O-1176,10/12/2025,400.52,Electronics,USB-C Hub,03/12/2025
C-0716,O-1371,10/12/2025,125.82,Sports,Swimming Goggles,04/22/2025
C-1824,O-1733,10/12/2025,181.18,Clothing,Running Shorts,07/06/2024
C-1794,O-1956,10/12/2025,244.17,Sports,Resistance Bands,07/24/2025
C-1161,O-2609,10/12/2025,54.96,Electronics,Mechanical Keyboard,09/26/2025
C-2025,O-3558,10/12/2025,51.84,Clothing,Wool Scarf,11/30/2024
C-2079,O-3807,10/12/2025,179.91,Sports,Yoga Mat,10/09/2024
C-0580,O-4207,10/12/2025,49.51,Clothing,Track Pants,04/12/2025
C-0672,O-4479,10/12/2025,130.09,Beauty,Lip Balm Set,10/30/2024
C-2439,O-4505,10/12/2025,62.16,Clothing,Polo Shirt,12/18/2024
C-1219,O-4578,10/12/2025,71.94,Home & Kitchen,Spice Rack,09/19/2024
C-0870,O-4958,10/12/2025,87.06,Electronics,Mechanical Keyboard,05/29/2025
C-0079,O-5007,10/12/2025,346.9,Electronics,HDMI Cable,02/03/2025
C-2410,O-5337,10/12/2025,124.08,Clothing,Polo Shirt,03/26/2025
C-0625,O-6396,10/12/2025,125.93,Clothing,Polo Shirt,11/01/2024
C-0363,O-6653,10/12/2025,162.99,Clothing,Cotton T-Shirt,09/18/2025
C-2362,O-6870,10/12/2025,46.91,Clothing,Formal Shirt,05/16/2025
C-0668,O-1775,10/13/2024,149.5,Electronics,HDMI Cable,11/30/2024
C-2498,O-1957,10/13/2024,81.02,Beauty,Moisturizer,08/30/2024
C-0270,O-2060,10/13/2024,39.36,Home & Kitchen,Storage Containers,07/14/2025
C-2157,O-2761,10/13/2024,22.82,Clothing,Polo Shirt,08/02/2024
C-0748,O-3784,10/13/2024,167.84,Home & Kitchen,Bamboo Cutting Board,06/07/2025
C-1856,O-3945,10/13/2024,370.68,Electronics,Mouse Pad,04/06/2025
C-2458,O-4164,10/13/2024,143.15,Beauty,Sunscreen SPF50,09/28/2025
C-2086,O-4621,10/13/2024,354.39,Electronics,Portable Charger,08/16/2024
C-1809,O-4811,10/13/2024,77.52,Electronics,Webcam,04/05/2025
C-1754,O-5053,10/13/2024,178.64,Home & Kitchen,Bamboo Cutting Board,10/21/2024
C-1520,O-5883,10/13/2024,107.69,Sports,Swimming Goggles,09/07/2024
C-0214,O-5983,10/13/2024,191.48,Electronics,HDMI Cable,12/16/2024
C-2018,O-6085,10/13/2024,163.13,Clothing,Cargo Pants,11/20/2025
C-0509,O-6384,10/13/2024,27.53,Beauty,Eye Cream,07/24/2025
C-2059,O-2130,10/13/2025,495.99,Electronics,Wireless Earbuds,05/07/2025
C-0721,O-2466,10/13/2025,117.26,Clothing,Running Shorts,08/17/2025
C-2203,O-2793,10/13/2025,130.62,Clothing,Cotton T-Shirt,08/11/2025
C-1118,O-3223,10/13/2025,176.6,Home & Kitchen,Insulated Flask,02/15/2025
C-0245,O-3599,10/13/2025,91.48,Clothing,Casual Hoodie,09/22/2024
C-1693,O-4851,10/13/2025,219.53,Electronics,Portable Charger,03/28/2025
C-0213,O-5562,10/13/2025,342.38,Electronics,Webcam,08/30/2024
C-0888,O-5788,10/13/2025,86.42,Electronics,Laptop Stand,10/16/2025
C-0792,O-6336,10/13/2025,177.22,Electronics,Mechanical Keyboard,12/05/2024
C-1843,O-6725,10/13/2025,53.67,Home & Kitchen,Bamboo Cutting Board,01/07/2025
C-0420,O-1019,10/14/2024,40.37,Clothing,Formal Shirt,10/10/2025
C-1061,O-1655,10/14/2024,307.11,Electronics,Bluetooth Speaker,10/19/2024
C-2142,O-2152,10/14/2024,97.14,Clothing,Formal Shirt,11/30/2024
C-2374,O-2489,10/14/2024,105.21,Electronics,Smart Watch Band,05/04/2025
C-1354,O-3736,10/14/2024,179.16,Clothing,Track Pants,04/15/2025
C-0797,O-3824,10/14/2024,63.23,Clothing,Running Shorts,11/07/2025
C-0976,O-4086,10/14/2024,493.4,Electronics,Bluetooth Speaker,11/21/2024
C-0521,O-4231,10/14/2024,68.64,Electronics,Webcam,07/20/2024
C-1895,O-5590,10/14/2024,112.52,Clothing,Linen Shirt,05/11/2025
C-1156,O-5965,10/14/2024,462.35,Electronics,USB-C Hub,09/22/2024
C-0337,O-5995,10/14/2024,462.97,Electronics,Bluetooth Speaker,08/09/2024
C-0662,O-6254,10/14/2024,184.18,Clothing,Wool Scarf,09/05/2024
C-0427,O-6485,10/14/2024,181.25,Electronics,HDMI Cable,11/29/2024
C-2279,O-6855,10/14/2024,177.74,Electronics,Smart Watch Band,05/08/2025
C-0335,O-6869,10/14/2024,75.46,Sports,Swimming Goggles,10/19/2024
C-2057,O-6892,10/14/2024,65.22,Clothing,Linen Shirt,01/30/2025
C-0150,O-1572,10/14/2025,36.43,Clothing,Track Pants,10/06/2025
C-0744,O-2368,10/14/2025,134.99,Electronics,USB-C Hub,10/02/2024
C-0434,O-4195,10/14/2025,185.08,Home & Kitchen,Air Purifier,08/21/2024
C-0806,O-4937,10/14/2025,346.32,Electronics,Mouse Pad,04/09/2025
C-0861,O-5066,10/14/2025,379.29,Electronics,Portable Charger,10/01/2024
C-0662,O-5670,10/14/2025,156.19,Sports,Jump Rope,09/05/2024
C-1828,O-5933,10/14/2025,144.72,Beauty,Moisturizer,11/01/2025
C-1132,O-6973,10/14/2025,37.67,Clothing,Linen Shirt,06/13/2025
C-2317,O-1105,10/15/2024,96.17,Sports,Jump Rope,05/07/2025
C-1738,O-1269,10/15/2024,340.95,Electronics,Mechanical Keyboard,07/13/2025
C-0341,O-1396,10/15/2024,87.94,Electronics,USB-C Hub,10/15/2025
C-2152,O-1644,10/15/2024,85.34,Home & Kitchen,Insulated Flask,10/14/2025
C-1089,O-3076,10/15/2024,148.95,Sports,Foam Roller,05/17/2025
C-2331,O-3581,10/15/2024,154.34,Home & Kitchen,Non-Stick Pan Set,09/26/2024
C-0646,O-4372,10/15/2024,122.47,Sports,Sports Towel,08/25/2024
C-1991,O-6062,10/15/2024,80.08,Sports,Gym Bag,10/12/2024
C-0455,O-6389,10/15/2024,185.5,Clothing,Wool Scarf,09/18/2024
C-1332,O-6535,10/15/2024,50.25,Electronics,Mechanical Keyboard,11/12/2024
C-1641,O-6594,10/15/2024,21.87,Clothing,Linen Shirt,01/25/2025
C-0155,O-1464,10/15/2025,64.02,Clothing,Running Shorts,06/12/2025
C-1955,O-1930,10/15/2025,224.63,Home & Kitchen,Blender,01/01/2025
C-2390,O-2530,10/15/2025,437.85,Electronics,Laptop Stand,01/07/2025
C-2006,O-2876,10/15/2025,141.98,Clothing,Linen Shirt,05/23/2025
C-1179,O-2895,10/15/2025,115.41,Home & Kitchen,Blender,02/02/2025
C-1177,O-3455,10/15/2025,140.34,Clothing,Polo Shirt,01/26/2025
C-2287,O-3672,10/15/2025,237.4,Home & Kitchen,Non-Stick Pan Set,09/14/2025
C-0484,O-3907,10/15/2025,24.9,Clothing,Running Shorts,08/04/2025
C-1611,O-4244,10/15/2025,108.13,Sports,Yoga Mat,05/07/2025
C-0116,O-4341,10/15/2025,241.68,Sports,Sports Towel,11/25/2025
C-2324,O-5405,10/15/2025,253.17,Electronics,Mechanical Keyboard,10/03/2025
C-0319,O-6108,10/15/2025,136.92,Clothing,Cotton T-Shirt,03/13/2025
C-0687,O-6708,10/15/2025,144.32,Electronics,USB-C Hub,12/08/2024
C-1716,O-1195,10/16/2024,36.78,Clothing,Linen Shirt,01/20/2025
C-0334,O-2782,10/16/2024,84.5,Clothing,Denim Jacket,12/11/2024
C-0162,O-6109,10/16/2024,188.92,Clothing,Cotton T-Shirt,02/20/2025
C-2249,O-1285,10/16/2025,104.93,Home & Kitchen,Coffee Maker,04/25/2025
C-2183,O-1592,10/16/2025,59.14,Clothing,Cargo Pants,01/29/2025
C-0604,O-2542,10/16/2025,43.68,Beauty,Sunscreen SPF50,10/31/2025
C-1681,O-2589,10/16/2025,61.89,Electronics,HDMI Cable,02/06/2025
C-0725,O-2921,10/16/2025,163.68,Clothing,Denim Jacket,09/22/2025
C-0766,O-4488,10/16/2025,170.3,Home & Kitchen,Coffee Maker,10/17/2025
C-0430,O-4616,10/16/2025,165.96,Sports,Gym Bag,09/09/2025
C-0187,O-4808,10/16/2025,58.49,Electronics,Mechanical Keyboard,08/17/2025
C-0589,O-4927,10/16/2025,74.27,Clothing,Cotton T-Shirt,01/03/2025
C-2022,O-5559,10/16/2025,103.89,Home & Kitchen,Non-Stick Pan Set,05/23/2025
C-0689,O-5825,10/16/2025,211.54,Sports,Gym Bag,12/25/2024
C-0136,O-6898,10/16/2025,118.58,Beauty,Face Wash,11/10/2025
C-0467,O-1196,10/17/2024,51.95,Clothing,Linen Shirt,02/05/2025
C-2060,O-1276,10/17/2024,127.21,Clothing,Formal Shirt,07/16/2024
C-0207,O-1582,10/17/2024,93.9,Clothing,Denim Jacket,12/18/2024
C-0367,O-2228,10/17/2024,44.64,Clothing,Cotton T-Shirt,10/27/2024
C-2390,O-2364,10/17/2024,285.06,Home & Kitchen,Knife Set,01/07/2025
C-0105,O-2694,10/17/2024,165.47,Home & Kitchen,Insulated Flask,07/12/2024
C-1063,O-2726,10/17/2024,52.43,Sports,Dumbbell Set,09/28/2025
C-1356,O-3234,10/17/2024,218.64,Home & Kitchen,Non-Stick Pan Set,11/27/2025
C-2067,O-3829,10/17/2024,126.54,Home & Kitchen,Knife Set,08/11/2025
C-0709,O-3864,10/17/2024,254.99,Home & Kitchen,LED Desk Lamp,11/30/2024
C-1777,O-4214,10/17/2024,71.11,Beauty,Perfume Roll-On,03/28/2025
C-1718,O-4780,10/17/2024,35.49,Beauty,Moisturizer,11/25/2025
C-1133,O-5240,10/17/2024,92.29,Home & Kitchen,Air Purifier,06/25/2025
C-1401,O-5841,10/17/2024,27.9,Clothing,Formal Shirt,07/06/2024
C-1139,O-6362,10/17/2024,119.78,Clothing,Linen Shirt,11/23/2024
C-1493,O-1840,10/17/2025,385.9,Electronics,USB-C Hub,04/27/2025
C-0025,O-2593,10/17/2025,74.43,Beauty,Perfume Roll-On,06/14/2025
C-0411,O-4165,10/17/2025,23.27,Beauty,Sheet Mask Pack,05/14/2025
C-1048,O-4208,10/17/2025,179.83,Sports,Yoga Mat,07/06/2025
C-1653,O-4337,10/17/2025,136.65,Home & Kitchen,Spice Rack,10/21/2025
C-0660,O-4360,10/17/2025,93.91,Clothing,Casual Hoodie,11/02/2025
C-1732,O-4810,10/17/2025,81.25,Clothing,Cotton T-Shirt,05/03/2025
C-0646,O-5605,10/17/2025,243.5,Electronics,Mechanical Keyboard,08/25/2024
C-1508,O-6747,10/17/2025,208.64,Home & Kitchen,Blender,09/19/2025
C-0121,O-3703,10/18/2024,35.72,Clothing,Cargo Pants,12/04/2024
C-1330,O-4163,10/18/2024,378.78,Electronics,Portable Charger,08/08/2024
C-1458,O-4379,10/18/2024,141.82,Electronics,Bluetooth Speaker,08/07/2024
C-2185,O-4510,10/18/2024,198.57,Sports,Dumbbell Set,08/12/2025
C-0986,O-4766,10/18/2024,114.66,Beauty,Body Lotion,10/08/2025
C-1235,O-4795,10/18/2024,247.58,Home & Kitchen,Blender,03/20/2025
C-0553,O-5820,10/18/2024,66.64,Clothing,Denim Jacket,05/05/2025
C-0192,O-6521,10/18/2024,399.33,Electronics,Laptop Stand,01/11/2025
C-0362,O-6532,10/18/2024,297.1,Home & Kitchen,Spice Rack,10/20/2024
C-1400,O-1918,10/18/2025,280.93,Home & Kitchen,Air Purifier,10/03/2025
C-1233,O-1935,10/18/2025,59.82,Electronics,Mechanical Keyboard,10/14/2024
C-0621,O-2424,10/18/2025,478.77,Electronics,Bluetooth Speaker,04/04/2025
C-2191,O-2673,10/18/2025,157.27,Clothing,Linen Shirt,06/05/2025
C-0353,O-2826,10/18/2025,132.13,Electronics,Bluetooth Speaker,06/25/2025
C-1489,O-3194,10/18/2025,128.07,Home & Kitchen,Knife Set,09/08/2025
C-1652,O-3252,10/18/2025,73.3,Beauty,Body Lotion,03/05/2025
C-0743,O-3361,10/18/2025,224.68,Electronics,Smart Watch Band,11/16/2025
C-1710,O-3533,10/18/2025,151.54,Sports,Sports Towel,10/08/2024
C-2265,O-3868,10/18/2025,45.54,Clothing,Track Pants,09/19/2025
C-0250,O-3944,10/18/2025,69.1,Electronics,HDMI Cable,05/18/2025
C-2049,O-4812,10/18/2025,412.48,Electronics,Mechanical Keyboard,08/22/2024
C-1516,O-5982,10/18/2025,293.97,Home & Kitchen,LED Desk Lamp,11/24/2024
C-0191,O-6006,10/18/2025,148.54,Sports,Dumbbell Set,01/13/2025
C-1941,O-6843,10/18/2025,127.72,Electronics,Mechanical Keyboard,03/18/2025
C-1476,O-1492,10/19/2024,154.03,Electronics,Mechanical Keyboard,11/05/2024
C-1863,O-1807,10/19/2024,273.77,Electronics,Mouse Pad,01/07/2025
C-1013,O-2055,10/19/2024,169.02,Clothing,Wool Scarf,07/22/2024
C-1548,O-2569,10/19/2024,226.82,Sports,Swimming Goggles,04/19/2025
C-1379,O-2714,10/19/2024,36.96,Sports,Yoga Mat,08/29/2025
C-2239,O-2772,10/19/2024,195.41,Clothing,Linen Shirt,10/03/2025
C-0605,O-3515,10/19/2024,54.35,Sports,Jump Rope,11/15/2025
C-1644,O-4400,10/19/2024,153.37,Electronics,Wireless Earbuds,05/17/2025
C-1596,O-5408,10/19/2024,62.39,Electronics,Smart Watch Band,08/26/2024
C-1632,O-5494,10/19/2024,73.34,Clothing,Wool Scarf,05/01/2025
C-0764,O-5733,10/19/2024,60.78,Clothing,Casual Hoodie,08/18/2025
C-0656,O-6578,10/19/2024,279.97,Home & Kitchen,LED Desk Lamp,06/14/2025
C-2020,O-6800,10/19/2024,168.8,Home & Kitchen,Insulated Flask,06/18/2025
C-1499,O-6954,10/19/2024,388.05,Electronics,Laptop Stand,05/10/2025
C-0994,O-1055,10/19/2025,199.59,Clothing,Polo Shirt,04/13/2025
C-2126,O-2094,10/19/2025,286.46,Electronics,Laptop Stand,08/31/2024
C-0440,O-2608,10/19/2025,42.41,Clothing,Cargo Pants,05/21/2025
C-1949,O-3030,10/19/2025,121.3,Sports,Swimming Goggles,08/31/2024
C-1019,O-3492,10/19/2025,180.4,Sports,Resistance Bands,09/09/2024
C-0764,O-4356,10/19/2025,178.31,Clothing,Denim Jacket,08/18/2025
C-1669,O-5504,10/19/2025,273.92,Home & Kitchen,Air Purifier,12/11/2024
C-2373,O-5851,10/19/2025,461.6,Electronics,Portable Charger,09/07/2024
C-1603,O-6162,10/19/2025,83.77,Sports,Foam Roller,02/16/2025
C-2377,O-6510,10/19/2025,179.33,Electronics,HDMI Cable,07/24/2024
C-1995,O-1293,10/20/2024,86.89,Electronics,Smart Watch Band,03/08/2025
C-0316,O-1726,10/20/2024,363.69,Electronics,Bluetooth Speaker,08/10/2024
C-1905,O-2443,10/20/2024,462.86,Electronics,Bluetooth Speaker,11/14/2024
C-1433,O-2688,10/20/2024,100.93,Electronics,Mouse Pad,07/21/2024
C-0793,O-2966,10/20/2024,53.01,Beauty,Lip Balm Set,11/23/2025
C-1072,O-3165,10/20/2024,125.2,Beauty,Sheet Mask Pack,07/26/2025
C-0768,O-3613,10/20/2024,94.07,Home & Kitchen,Knife Set,08/25/2024
C-1722,O-3638,10/20/2024,145.3,Electronics,USB-C Hub,11/18/2024
C-1644,O-3772,10/20/2024,100.89,Clothing,Denim Jacket,05/17/2025
C-0614,O-3841,10/20/2024,21.51,Clothing,Denim Jacket,07/13/2025
C-1691,O-4744,10/20/2024,80.08,Beauty,Face Wash,09/15/2025
C-1806,O-5680,10/20/2024,56.15,Beauty,Sheet Mask Pack,02/05/2025
C-0991,O-6277,10/20/2024,192.99,Sports,Resistance Bands,10/10/2024
C-0160,O-6537,10/20/2024,35.41,Beauty,Vitamin C Serum,09/11/2024
C-1453,O-6555,10/20/2024,282.59,Home & Kitchen,Non-Stick Pan Set,11/03/2025
C-1145,O-1619,10/20/2025,179.63,Clothing,Track Pants,10/08/2025
C-1679,O-3251,10/20/2025,139.28,Beauty,Hair Oil,10/12/2025
C-2190,O-3550,10/20/2025,138.58,Clothing,Polo Shirt,08/03/2025
C-0550,O-3690,10/20/2025,210.26,Home & Kitchen,Non-Stick Pan Set,09/16/2024
C-1135,O-4645,10/20/2025,263.6,Electronics,HDMI Cable,01/02/2025
C-1442,O-4782,10/20/2025,14.41,Beauty,Perfume Roll-On,09/08/2024
C-1920,O-5519,10/20/2025,196.73,Sports,Swimming Goggles,11/30/2025
C-2254,O-6614,10/20/2025,161.07,Home & Kitchen,Spice Rack,12/21/2024
C-1472,O-1606,10/21/2024,42.93,Beauty,Moisturizer,07/01/2025
C-1997,O-1817,10/21/2024,206.52,Home & Kitchen,Spice Rack,08/16/2025
C-1674,O-1994,10/21/2024,180.32,Electronics,Smart Watch Band,11/22/2025
C-0593,O-3606,10/21/2024,284.91,Electronics,Laptop Stand,03/22/2025
C-2388,O-4457,10/21/2024,177.97,Home & Kitchen,Bamboo Cutting Board,08/19/2025
C-1317,O-4901,10/21/2024,108.19,Home & Kitchen,Non-Stick Pan Set,07/07/2025
C-0684,O-4964,10/21/2024,188.63,Electronics,HDMI Cable,02/02/2025
C-0250,O-6053,10/21/2024,169.87,Clothing,Casual Hoodie,05/18/2025
C-0313,O-6136,10/21/2024,138.16,Clothing,Track Pants,08/12/2024
C-1927,O-6314,10/21/2024,173.79,Clothing,Polo Shirt,01/27/2025
C-0944,O-2077,10/21/2025,157.21,Home & Kitchen,LED Desk Lamp,03/21/2025
C-0603,O-2574,10/21/2025,290.83,Home & Kitchen,Storage Containers,03/04/2025
C-1498,O-2809,10/21/2025,111.99,Beauty,Hair Oil,04/29/2025
C-1470,O-3336,10/21/2025,174.43,Clothing,Track Pants,01/12/2025
C-1636,O-3465,10/21/2025,267.66,Home & Kitchen,Insulated Flask,12/09/2024
C-2416,O-4767,10/21/2025,68.09,Beauty,Perfume Roll-On,06/22/2025
C-1167,O-4770,10/21/2025,131.43,Beauty,Hair Oil,09/14/2025
C-0309,O-4996,10/21/2025,138.93,Home & Kitchen,Coffee Maker,07/14/2025
C-0267,O-5442,10/21/2025,218.82,Home & Kitchen,Blender,06/23/2025
C-0540,O-6238,10/21/2025,159.29,Clothing,Cotton T-Shirt,12/19/2024
C-2023,O-6452,10/21/2025,164.47,Sports,Water Bottle,08/31/2025
C-2070,O-1979,10/22/2024,96.43,Home & Kitchen,Insulated Flask,04/16/2025
C-0813,O-2319,10/22/2024,110.16,Electronics,Wireless Earbuds,11/14/2025
C-0177,O-2528,10/22/2024,83.77,Electronics,Portable Charger,10/05/2024
C-0012,O-3938,10/22/2024,396.12,Electronics,Wireless Earbuds,10/04/2024
C-2061,O-4494,10/22/2024,92.51,Clothing,Linen Shirt,02/02/2025
C-2356,O-4677,10/22/2024,122.57,Clothing,Track Pants,04/29/2025
C-0914,O-4933,10/22/2024,403.93,Electronics,Webcam,08/10/2025
C-2055,O-5457,10/22/2024,113.0,Electronics,USB-C Hub,02/08/2025
C-1409,O-5727,10/22/2024,124.96,Home & Kitchen,Storage Containers,04/22/2025
C-0329,O-6444,10/22/2024,47.87,Home & Kitchen,Non-Stick Pan Set,12/31/2024
C-0702,O-6490,10/22/2024,357.33,Electronics,Mouse Pad,09/11/2024
C-0112,O-6685,10/22/2024,428.67,Electronics,Portable Charger,12/09/2024
C-1366,O-1574,10/22/2025,82.88,Beauty,Sunscreen SPF50,11/05/2024
C-0670,O-1898,10/22/2025,22.55,Clothing,Polo Shirt,09/26/2024
C-1235,O-2226,10/22/2025,479.77,Electronics,Mouse Pad,03/20/2025
C-1990,O-3958,10/22/2025,66.81,Electronics,Portable Charger,09/07/2024
C-2230,O-5609,10/22/2025,84.92,Beauty,Moisturizer,05/12/2025
C-1533,O-6095,10/22/2025,118.24,Electronics,Laptop Stand,07/11/2025
C-0285,O-6411,10/22/2025,232.38,Electronics,Webcam,02/01/2025
C-0600,O-6943,10/22/2025,174.44,Sports,Running Armband,03/05/2025
C-1076,O-2928,10/23/2024,138.55,Home & Kitchen,Insulated Flask,09/14/2025
C-2084,O-3015,10/23/2024,21.67,Sports,Yoga Mat,05/17/2025
C-0601,O-3977,10/23/2024,483.13,Electronics,Mouse Pad,08/21/2025
C-0315,O-4061,10/23/2024,119.37,Electronics,Webcam,07/09/2025
C-1437,O-4627,10/23/2024,126.36,Beauty,Lip Balm Set,08/01/2025
C-1437,O-4676,10/23/2024,34.57,Clothing,Running Shorts,08/01/2025
C-0008,O-6335,10/23/2024,148.04,Home & Kitchen,Bamboo Cutting Board,09/28/2024
C-0725,O-6968,10/23/2024,358.71,Electronics,Bluetooth Speaker,09/22/2025
C-0328,O-1448,10/23/2025,60.53,Beauty,Moisturizer,07/26/2024
C-0381,O-1585,10/23/2025,358.02,Electronics,Portable Charger,05/04/2025
C-2113,O-2112,10/23/2025,118.68,Home & Kitchen,Spice Rack,09/15/2024
C-1450,O-2296,10/23/2025,191.23,Clothing,Formal Shirt,06/12/2025
C-1465,O-2588,10/23/2025,92.79,Clothing,Polo Shirt,05/14/2025
C-0360,O-2997,10/23/2025,231.77,Home & Kitchen,LED Desk Lamp,03/29/2025
C-1952,O-3058,10/23/2025,15.07,Clothing,Formal Shirt,08/02/2024
C-2441,O-3889,10/23/2025,110.63,Beauty,Body Lotion,04/22/2025
C-0799,O-4289,10/23/2025,459.96,Electronics,Portable Charger,03/07/2025
C-0072,O-5233,10/23/2025,119.1,Electronics,Portable Charger,08/02/2024
C-1072,O-5633,10/23/2025,124.81,Sports,Sports Towel,07/26/2025
C-1566,O-6368,10/23/2025,49.12,Clothing,Denim Jacket,02/15/2025
C-2488,O-6926,10/23/2025,218.38,Sports,Swimming Goggles,09/23/2025
C-0794,O-1688,10/24/2024,79.65,Beauty,Body Lotion,04/25/2025
C-2287,O-2996,10/24/2024,257.73,Home & Kitchen,Storage Containers,09/14/2025
C-1133,O-3592,10/24/2024,222.24,Home & Kitchen,LED Desk Lamp,06/25/2025
C-0868,O-4793,10/24/2024,183.92,Home & Kitchen,LED Desk Lamp,07/30/2024
C-0917,O-4852,10/24/2024,32.39,Beauty,Body Lotion,08/20/2024
C-2427,O-5010,10/24/2024,261.11,Home & Kitchen,Knife Set,10/28/2024
C-0045,O-1622,10/24/2025,121.18,Clothing,Polo Shirt,09/10/2024
C-0788,O-1945,10/24/2025,108.91,Clothing,Casual Hoodie,02/16/2025
C-0560,O-2188,10/24/2025,51.88,Electronics,Webcam,12/01/2025
C-2263,O-3210,10/24/2025,214.74,Home & Kitchen,Bamboo Cutting Board,09/03/2024
C-1555,O-3432,10/24/2025,76.14,Sports,Sports Towel,12/24/2024
C-1832,O-5618,10/24/2025,425.4,Electronics,Smart Watch Band,04/19/2025
C-0980,O-5697,10/24/2025,248.65,Sports,Dumbbell Set,11/17/2025
C-0210,O-6639,10/24/2025,273.36,Electronics,Bluetooth Speaker,11/05/2025
C-0601,O-6936,10/24/2025,34.09,Clothing,Running Shorts,08/21/2025
C-0026,O-1556,10/25/2024,133.91,Home & Kitchen,Insulated Flask,04/11/2025
C-1793,O-2784,10/25/2024,272.83,Electronics,Mechanical Keyboard,11/02/2024
C-1022,O-3211,10/25/2024,275.03,Home & Kitchen,Air Purifier,02/24/2025
C-0717,O-3948,10/25/2024,29.79,Home & Kitchen,Non-Stick Pan Set,09/23/2025
C-1497,O-5236,10/25/2024,166.21,Home & Kitchen,Coffee Maker,06/01/2025
C-0213,O-5576,10/25/2024,46.62,Beauty,Vitamin C Serum,08/30/2024
C-2433,O-5811,10/25/2024,157.7,Home & Kitchen,Air Purifier,11/19/2024
C-0483,O-1172,10/25/2025,311.14,Electronics,Smart Watch Band,05/02/2025
C-1907,O-1586,10/25/2025,114.67,Electronics,Webcam,12/04/2024
C-0503,O-1723,10/25/2025,272.35,Home & Kitchen,Storage Containers,09/12/2025
C-2210,O-1818,10/25/2025,108.74,Clothing,Running Shorts,06/30/2025
C-1535,O-2692,10/25/2025,163.04,Sports,Dumbbell Set,05/18/2025
C-2272,O-2710,10/25/2025,264.1,Home & Kitchen,Air Purifier,03/15/2025
C-1087,O-2738,10/25/2025,380.1,Electronics,USB-C Hub,08/30/2025
C-0818,O-3225,10/25/2025,143.63,Clothing,Cotton T-Shirt,06/06/2025
C-1263,O-3394,10/25/2025,155.12,Clothing,Cargo Pants,09/17/2024
C-1632,O-3781,10/25/2025,273.89,Home & Kitchen,Air Purifier,05/01/2025
C-0259,O-4014,10/25/2025,135.52,Beauty,Body Lotion,07/10/2024
C-0394,O-5891,10/25/2025,62.84,Clothing,Cotton T-Shirt,07/01/2024
C-1256,O-5951,10/25/2025,109.48,Clothing,Denim Jacket,05/14/2025
C-0017,O-6550,10/25/2025,178.06,Electronics,Smart Watch Band,01/20/2025
C-0706,O-6643,10/25/2025,161.25,Clothing,Linen Shirt,09/09/2025
C-1121,O-1578,10/26/2024,301.83,Electronics,Smart Watch Band,07/12/2025
C-0823,O-2599,10/26/2024,321.71,Electronics,USB-C Hub,03/02/2025
C-1555,O-4092,10/26/2024,278.57,Electronics,Wireless Earbuds,12/24/2024
C-1629,O-4724,10/26/2024,75.05,Beauty,Moisturizer,11/07/2025
C-1231,O-6231,10/26/2024,51.02,Clothing,Casual Hoodie,11/29/2024
C-0178,O-6372,10/26/2024,91.08,Beauty,Lip Balm Set,10/08/2024
C-0839,O-6504,10/26/2024,52.56,Sports,Sports Towel,09/24/2025
C-0596,O-1342,10/26/2025,40.27,Sports,Running Armband,04/09/2025
C-0962,O-1887,10/26/2025,236.04,Sports,Sports Towel,03/26/2025
C-0455,O-2638,10/26/2025,170.24,Sports,Dumbbell Set,09/18/2024
C-2361,O-2769,10/26/2025,32.22,Clothing,Cargo Pants,06/22/2025
C-0421,O-3066,10/26/2025,184.47,Electronics,Mouse Pad,08/29/2025
C-0015,O-4774,10/26/2025,319.43,Electronics,Mouse Pad,11/30/2025
C-2287,O-6507,10/26/2025,27.54,Home & Kitchen,Bamboo Cutting Board,09/14/2025
C-2429,O-6527,10/26/2025,244.29,Electronics,HDMI Cable,07/18/2025
C-0486,O-6631,10/26/2025,400.75,Electronics,HDMI Cable,02/11/2025
C-0225,O-6634,10/26/2025,49.9,Beauty,Moisturizer,04/30/2025
C-2351,O-1046,10/27/2024,51.16,Electronics,HDMI Cable,12/02/2024
C-1940,O-1123,10/27/2024,102.12,Clothing,Cargo Pants,08/10/2025
C-1321,O-1241,10/27/2024,77.25,Beauty,Perfume Roll-On,06/15/2025
C-0771,O-2235,10/27/2024,259.67,Home & Kitchen,Air Purifier,11/23/2025
C-1290,O-2702,10/27/2024,226.52,Home & Kitchen,Spice Rack,08/23/2025
C-0469,O-3162,10/27/2024,79.93,Electronics,Mouse Pad,08/29/2025
C-2382,O-3646,10/27/2024,136.12,Beauty,Vitamin C Serum,12/26/2024
C-1935,O-4147,10/27/2024,192.48,Clothing,Denim Jacket,10/11/2025
C-1857,O-4622,10/27/2024,57.53,Clothing,Linen Shirt,01/14/2025
C-0417,O-5463,10/27/2024,173.41,Sports,Gym Bag,03/08/2025
C-2397,O-5476,10/27/2024,86.03,Home & Kitchen,Coffee Maker,08/03/2025
C-0463,O-6468,10/27/2024,149.35,Electronics,Webcam,12/02/2024
C-2489,O-6986,10/27/2024,331.46,Electronics,Mechanical Keyboard,10/29/2024
C-0292,O-1173,10/27/2025,26.77,Beauty,Perfume Roll-On,08/22/2024
C-0049,O-2110,10/27/2025,263.0,Home & Kitchen,Air Purifier,09/20/2024
C-2487,O-2699,10/27/2025,146.28,Home & Kitchen,Storage Containers,09/28/2024
C-1368,O-3705,10/27/2025,97.57,Home & Kitchen,Spice Rack,09/24/2024
C-0703,O-5011,10/27/2025,17.88,Clothing,Running Shorts,02/25/2025
C-2312,O-5610,10/27/2025,337.51,Electronics,Wireless Earbuds,04/25/2025
C-2212,O-6227,10/27/2025,68.86,Home & Kitchen,Spice Rack,09/16/2025
C-2191,O-6861,10/27/2025,206.07,Home & Kitchen,Knife Set,06/05/2025
C-1835,O-3137,10/28/2024,118.04,Home & Kitchen,Coffee Maker,02/23/2025
C-0394,O-3717,10/28/2024,239.58,Home & Kitchen,Knife Set,07/01/2024
C-2041,O-3886,10/28/2024,321.62,Electronics,Mouse Pad,03/19/2025
C-0517,O-4533,10/28/2024,128.09,Clothing,Wool Scarf,09/05/2025
C-0890,O-6189,10/28/2024,131.43,Home & Kitchen,Insulated Flask,10/14/2025
C-0476,O-6775,10/28/2024,328.66,Electronics,USB-C Hub,09/04/2025
C-1989,O-1140,10/28/2025,231.34,Electronics,Portable Charger,01/28/2025
C-0613,O-1379,10/28/2025,69.01,Beauty,Vitamin C Serum,05/10/2025
C-0887,O-1703,10/28/2025,12.03,Beauty,Face Wash,02/23/2025
C-1709,O-1943,10/28/2025,472.53,Electronics,Smart Watch Band,11/09/2024
C-0057,O-3601,10/28/2025,19.14,Beauty,Perfume Roll-On,07/15/2025
C-1202,O-4742,10/28/2025,137.54,Clothing,Denim Jacket,09/13/2025
C-1123,O-4889,10/28/2025,131.47,Clothing,Track Pants,04/12/2025
C-1888,O-5708,10/28/2025,15.85,Clothing,Polo Shirt,07/12/2024
C-2360,O-6193,10/28/2025,81.98,Clothing,Polo Shirt,11/23/2024
C-2082,O-6330,10/28/2025,49.36,Home & Kitchen,Insulated Flask,01/25/2025
C-0556,O-6759,10/28/2025,267.47,Home & Kitchen,Blender,06/21/2025
C-0741,O-1533,10/29/2024,10.49,Beauty,Lip Balm Set,01/02/2025
C-1905,O-1552,10/29/2024,244.88,Home & Kitchen,LED Desk Lamp,11/14/2024
C-0685,O-1958,10/29/2024,31.98,Beauty,Hair Oil,03/28/2025
C-0215,O-2257,10/29/2024,156.48,Sports,Gym Bag,07/24/2025
C-1024,O-2308,10/29/2024,69.31,Clothing,Polo Shirt,11/29/2024
C-0565,O-2400,10/29/2024,106.82,Sports,Jump Rope,10/17/2024
C-0711,O-3403,10/29/2024,200.61,Home & Kitchen,Bamboo Cutting Board,11/23/2024
C-1288,O-4119,10/29/2024,68.8,Clothing,Polo Shirt,04/16/2025
C-2346,O-4859,10/29/2024,58.73,Beauty,Lip Balm Set,09/30/2025
C-0570,O-4978,10/29/2024,97.15,Home & Kitchen,Non-Stick Pan Set,09/19/2025
C-0169,O-5093,10/29/2024,50.48,Home & Kitchen,Blender,11/10/2025
C-0373,O-5866,10/29/2024,142.09,Home & Kitchen,Storage Containers,07/02/2024
C-1076,O-6100,10/29/2024,33.47,Beauty,Sheet Mask Pack,09/14/2025
C-1694,O-6192,10/29/2024,267.85,Electronics,Wireless Earbuds,07/10/2025
C-0119,O-6739,10/29/2024,274.46,Electronics,HDMI Cable,05/02/2025
C-0856,O-6793,10/29/2024,137.5,Clothing,Casual Hoodie,08/06/2024
C-0728,O-1153,10/29/2025,119.67,Home & Kitchen,Insulated Flask,09/16/2025
C-1235,O-2345,10/29/2025,142.72,Sports,Water Bottle,03/20/2025
C-0053,O-2557,10/29/2025,47.84,Clothing,Cotton T-Shirt,04/11/2025
C-0289,O-4026,10/29/2025,152.18,Electronics,Wireless Earbuds,11/30/2025
C-1960,O-4044,10/29/2025,156.3,Clothing,Running Shorts,10/03/2025
C-2350,O-4598,10/29/2025,79.67,Clothing,Wool Scarf,11/25/2025
C-0281,O-4665,10/29/2025,45.96,Beauty,Body Lotion,10/18/2024
C-1828,O-4671,10/29/2025,96.38,Beauty,Sheet Mask Pack,11/01/2025
C-0237,O-4832,10/29/2025,107.47,Clothing,Polo Shirt,01/07/2025
C-0225,O-4929,10/29/2025,109.91,Sports,Jump Rope,04/30/2025
C-0061,O-4982,10/29/2025,311.61,Electronics,Smart Watch Band,09/12/2024
C-0853,O-5392,10/29/2025,262.19,Electronics,Wireless Earbuds,07/25/2025
C-0464,O-6230,10/29/2025,110.23,Sports,Sports Towel,02/22/2025
C-0576,O-6375,10/29/2025,168.39,Clothing,Wool Scarf,04/01/2025
C-1922,O-1785,10/30/2024,35.24,Sports,Yoga Mat,12/01/2024
C-1518,O-3497,10/30/2024,177.63,Clothing,Polo Shirt,08/05/2024
C-1859,O-3922,10/30/2024,240.74,Electronics,Webcam,06/04/2025
C-2131,O-4111,10/30/2024,159.59,Clothing,Polo Shirt,08/26/2025
C-1508,O-4274,10/30/2024,105.14,Electronics,Mechanical Keyboard,09/19/2025
C-0121,O-4760,10/30/2024,110.51,Home & Kitchen,Non-Stick Pan Set,12/04/2024
C-0070,O-4801,10/30/2024,137.69,Beauty,Face Wash,08/27/2024
C-2427,O-5114,10/30/2024,205.26,Sports,Yoga Mat,10/28/2024
C-0622,O-5436,10/30/2024,29.09,Clothing,Cotton T-Shirt,05/10/2025
C-0864,O-5693,10/30/2024,130.72,Home & Kitchen,Non-Stick Pan Set,10/11/2024
C-1356,O-6570,10/30/2024,43.84,Clothing,Polo Shirt,11/27/2025
C-0202,O-1142,10/30/2025,24.65,Sports,Gym Bag,10/09/2024
C-0173,O-1429,10/30/2025,127.13,Home & Kitchen,Air Purifier,03/06/2025
C-2066,O-1792,10/30/2025,49.25,Clothing,Linen Shirt,01/26/2025
C-2176,O-1834,10/30/2025,162.2,Clothing,Wool Scarf,08/17/2024
C-1736,O-1856,10/30/2025,266.84,Home & Kitchen,Bamboo Cutting Board,10/30/2025
C-0764,O-2839,10/30/2025,195.35,Electronics,Smart Watch Band,08/18/2025
C-1249,O-2936,10/30/2025,67.47,Home & Kitchen,Bamboo Cutting Board,10/24/2025
C-1830,O-3207,10/30/2025,68.6,Clothing,Running Shorts,04/21/2025
C-2191,O-4342,10/30/2025,121.91,Home & Kitchen,Knife Set,06/05/2025
C-1388,O-5383,10/30/2025,438.54,Electronics,Mouse Pad,02/15/2025
C-0860,O-5506,10/30/2025,65.47,Beauty,Moisturizer,02/18/2025
C-0450,O-5579,10/30/2025,147.35,Clothing,Track Pants,04/10/2025
C-2127,O-6790,10/30/2025,18.12,Beauty,Hair Oil,11/07/2025
C-0437,O-1366,10/31/2024,161.18,Sports,Foam Roller,10/11/2025
C-2395,O-1428,10/31/2024,16.65,Clothing,Casual Hoodie,10/04/2025
C-1950,O-1766,10/31/2024,18.25,Clothing,Linen Shirt,09/09/2024
C-1468,O-3118,10/31/2024,95.94,Beauty,Sunscreen SPF50,03/17/2025
C-2028,O-3121,10/31/2024,190.04,Clothing,Denim Jacket,01/05/2025
C-2323,O-3181,10/31/2024,88.91,Beauty,Moisturizer,09/14/2024
C-1609,O-3306,10/31/2024,32.92,Home & Kitchen,Spice Rack,04/08/2025
C-1283,O-3411,10/31/2024,212.6,Electronics,Bluetooth Speaker,09/22/2025
C-1396,O-3564,10/31/2024,241.19,Home & Kitchen,Non-Stick Pan Set,04/20/2025
C-1162,O-3706,10/31/2024,230.83,Sports,Running Armband,08/29/2025
C-0799,O-4294,10/31/2024,70.71,Clothing,Linen Shirt,03/07/2025
C-0194,O-4422,10/31/2024,36.54,Home & Kitchen,Storage Containers,11/21/2024
C-2294,O-4630,10/31/2024,127.48,Beauty,Sheet Mask Pack,12/29/2024
C-1244,O-5992,10/31/2024,93.67,Beauty,Vitamin C Serum,05/27/2025
C-0966,O-1130,10/31/2025,182.01,Clothing,Cargo Pants,02/25/2025
C-0732,O-1362,10/31/2025,180.45,Clothing,Casual Hoodie,10/02/2024
C-1594,O-2896,10/31/2025,98.88,Sports,Yoga Mat,09/17/2025
C-0125,O-3321,10/31/2025,88.74,Electronics,Bluetooth Speaker,05/28/2025
C-0417,O-4412,10/31/2025,113.31,Home & Kitchen,Spice Rack,03/08/2025
C-1301,O-5735,10/31/2025,148.04,Clothing,Cargo Pants,06/07/2025
C-0984,O-5934,10/31/2025,118.15,Clothing,Cargo Pants,11/16/2024
C-1378,O-6081,10/31/2025,245.47,Electronics,Mouse Pad,07/28/2024
C-2245,O-6201,10/31/2025,447.42,Electronics,Mouse Pad,10/04/2024
C-2455,O-6598,10/31/2025,63.53,Beauty,Sunscreen SPF50,08/23/2025
C-0604,O-1132,11/01/2024,59.76,Sports,Foam Roller,10/31/2025
C-0259,O-1678,11/01/2024,125.62,Electronics,Mechanical Keyboard,07/10/2024
C-0077,O-2008,11/01/2024,74.43,Home & Kitchen,Storage Containers,02/02/2025
C-2466,O-2343,11/01/2024,136.82,Electronics,Webcam,04/08/2025
C-0159,O-3133,11/01/2024,140.9,Beauty,Face Wash,07/08/2024
C-2448,O-3278,11/01/2024,151.07,Clothing,Cotton T-Shirt,07/10/2024
C-0582,O-4281,11/01/2024,250.99,Electronics,HDMI Cable,03/07/2025
C-0650,O-4346,11/01/2024,256.6,Home & Kitchen,Insulated Flask,10/14/2024
C-0039,O-4771,11/01/2024,203.33,Electronics,Mouse Pad,11/05/2024
C-1744,O-4891,11/01/2024,19.89,Clothing,Casual Hoodie,10/29/2025
C-2408,O-5113,11/01/2024,313.99,Electronics,Webcam,10/12/2025
C-1654,O-5321,11/01/2024,327.55,Electronics,Wireless Earbuds,11/03/2024
C-0475,O-5612,11/01/2024,50.95,Beauty,Perfume Roll-On,01/28/2025
C-1750,O-5619,11/01/2024,198.5,Home & Kitchen,Blender,07/25/2025
C-0558,O-5856,11/01/2024,145.72,Clothing,Casual Hoodie,07/15/2025
C-1324,O-6047,11/01/2024,120.59,Beauty,Sunscreen SPF50,02/17/2025
C-1764,O-6318,11/01/2024,257.48,Home & Kitchen,Air Purifier,11/26/2025
C-2363,O-6867,11/01/2024,103.67,Electronics,Mechanical Keyboard,06/17/2025
C-2296,O-6874,11/01/2024,91.62,Home & Kitchen,Insulated Flask,05/23/2025
C-2015,O-1406,11/01/2025,162.62,Clothing,Cargo Pants,09/01/2024
C-1650,O-2292,11/01/2025,27.61,Home & Kitchen,Bamboo Cutting Board,10/17/2024
C-0303,O-2402,11/01/2025,14.23,Beauty,Vitamin C Serum,09/11/2025
C-1566,O-2423,11/01/2025,104.78,Home & Kitchen,Non-Stick Pan Set,02/15/2025
C-1000,O-2953,11/01/2025,178.1,Clothing,Track Pants,02/27/2025
C-1424,O-3112,11/01/2025,18.93,Beauty,Vitamin C Serum,09/13/2025
C-1338,O-3286,11/01/2025,168.88,Clothing,Wool Scarf,09/22/2025
C-2100,O-3469,11/01/2025,80.49,Electronics,Mouse Pad,06/11/2025
C-1129,O-3603,11/01/2025,56.91,Sports,Dumbbell Set,01/01/2025
C-1607,O-3989,11/01/2025,98.46,Home & Kitchen,Non-Stick Pan Set,03/14/2025
C-2480,O-4370,11/01/2025,296.79,Home & Kitchen,LED Desk Lamp,10/13/2024
C-0742,O-4835,11/01/2025,387.31,Electronics,Mechanical Keyboard,09/20/2025
C-0903,O-4955,11/01/2025,209.79,Home & Kitchen,Bamboo Cutting Board,05/06/2025
C-0890,O-5585,11/01/2025,80.17,Clothing,Wool Scarf,10/14/2025
C-1924,O-6349,11/01/2025,18.41,Clothing,Casual Hoodie,06/01/2025
C-1703,O-6726,11/01/2025,216.38,Sports,Swimming Goggles,09/14/2024
C-0573,O-1074,11/02/2024,108.82,Electronics,Webcam,11/08/2025
C-0052,O-1421,11/02/2024,108.5,Sports,Water Bottle,07/25/2025
C-1487,O-1860,11/02/2024,260.85,Home & Kitchen,LED Desk Lamp,03/31/2025
C-2265,O-2140,11/02/2024,193.74,Sports,Resistance Bands,09/19/2025
C-2208,O-2698,11/02/2024,121.75,Beauty,Perfume Roll-On,11/15/2025
C-0813,O-4297,11/02/2024,205.64,Electronics,Smart Watch Band,11/14/2025
C-1251,O-4365,11/02/2024,123.98,Clothing,Linen Shirt,05/07/2025
C-0301,O-6027,11/02/2024,378.98,Electronics,Smart Watch Band,12/13/2024
C-1560,O-6381,11/02/2024,158.99,Sports,Resistance Bands,09/05/2024
C-2010,O-1659,11/02/2025,114.92,Clothing,Denim Jacket,11/24/2024
C-1714,O-2127,11/02/2025,287.65,Home & Kitchen,Knife Set,07/10/2025
C-2351,O-2243,11/02/2025,161.13,Home & Kitchen,LED Desk Lamp,12/02/2024
C-0986,O-2532,11/02/2025,113.53,Home & Kitchen,Bamboo Cutting Board,10/08/2025
C-1768,O-2645,11/02/2025,18.97,Clothing,Casual Hoodie,01/29/2025
C-0395,O-3033,11/02/2025,51.31,Clothing,Linen Shirt,05/08/2025
C-2416,O-3352,11/02/2025,36.52,Home & Kitchen,Blender,06/22/2025
C-0540,O-3844,11/02/2025,108.4,Electronics,Laptop Stand,12/19/2024
C-1787,O-4534,11/02/2025,395.65,Electronics,Mechanical Keyboard,11/13/2025
C-0590,O-4822,11/02/2025,236.91,Sports,Water Bottle,11/12/2025
C-2150,O-5797,11/02/2025,70.62,Home & Kitchen,Non-Stick Pan Set,07/18/2025
C-0458,O-6426,11/02/2025,89.72,Home & Kitchen,Spice Rack,04/05/2025
C-1157,O-6768,11/02/2025,49.35,Home & Kitchen,Bamboo Cutting Board,04/05/2025
C-0193,O-3674,11/03/2024,126.89,Beauty,Face Wash,10/03/2025
C-2107,O-3939,11/03/2024,412.74,Electronics,Wireless Earbuds,12/21/2024
C-0540,O-5396,11/03/2024,200.26,Sports,Running Armband,12/19/2024
C-1553,O-5435,11/03/2024,33.7,Beauty,Face Wash,09/14/2024
C-0692,O-6224,11/03/2024,462.67,Electronics,Bluetooth Speaker,07/03/2024
C-1240,O-6978,11/03/2024,56.0,Clothing,Linen Shirt,12/29/2024
C-2256,O-1082,11/03/2025,222.36,Electronics,Portable Charger,12/21/2024
C-0416,O-1111,11/03/2025,101.14,Beauty,Eye Cream,08/17/2024
C-1973,O-1314,11/03/2025,44.83,Clothing,Linen Shirt,05/02/2025
C-1385,O-1558,11/03/2025,168.5,Sports,Yoga Mat,07/31/2025
C-1440,O-1589,11/03/2025,67.22,Clothing,Running Shorts,07/17/2024
C-0461,O-1745,11/03/2025,175.94,Sports,Jump Rope,09/21/2024
C-0331,O-2643,11/03/2025,186.37,Sports,Dumbbell Set,08/26/2025
C-1864,O-3185,11/03/2025,124.47,Sports,Jump Rope,07/15/2024
C-1960,O-3382,11/03/2025,224.54,Electronics,USB-C Hub,10/03/2025
C-0545,O-4082,11/03/2025,356.46,Electronics,Mouse Pad,07/27/2024
C-0993,O-4320,11/03/2025,19.33,Beauty,Lip Balm Set,08/22/2025
C-2473,O-5149,11/03/2025,144.65,Electronics,USB-C Hub,10/25/2024
C-0050,O-6334,11/03/2025,56.02,Sports,Foam Roller,02/24/2025
C-1010,O-6543,11/03/2025,59.83,Home & Kitchen,Blender,10/09/2025
C-2412,O-1231,11/04/2024,74.03,Beauty,Body Lotion,05/17/2025
C-0607,O-1900,11/04/2024,175.61,Clothing,Casual Hoodie,07/18/2024
C-1824,O-2036,11/04/2024,168.08,Clothing,Cargo Pants,07/06/2024
C-1951,O-2230,11/04/2024,199.23,Home & Kitchen,Storage Containers,10/27/2025
C-0431,O-2288,11/04/2024,314.97,Electronics,Portable Charger,02/10/2025
C-0576,O-2435,11/04/2024,29.11,Sports,Foam Roller,04/01/2025
C-2430,O-2577,11/04/2024,52.29,Electronics,Portable Charger,11/22/2024
C-0776,O-3241,11/04/2024,76.75,Home & Kitchen,Coffee Maker,11/12/2024
C-1304,O-3572,11/04/2024,312.0,Electronics,Webcam,06/24/2025
C-0603,O-3594,11/04/2024,146.82,Beauty,Hair Oil,03/04/2025
C-1731,O-3926,11/04/2024,103.67,Clothing,Running Shorts,08/07/2025
C-0524,O-4057,11/04/2024,163.45,Home & Kitchen,LED Desk Lamp,02/15/2025
C-2350,O-4295,11/04/2024,116.83,Beauty,Lip Balm Set,11/25/2025
C-1992,O-5531,11/04/2024,67.71,Home & Kitchen,Blender,08/04/2024
C-2401,O-5839,11/04/2024,499.64,Electronics,Portable Charger,04/12/2025
C-0806,O-6913,11/04/2024,268.99,Home & Kitchen,Storage Containers,04/09/2025
C-0394,O-6948,11/04/2024,186.06,Electronics,Wireless Earbuds,07/01/2024
C-1359,O-1292,11/04/2025,158.33,Clothing,Wool Scarf,01/21/2025
C-2346,O-2263,11/04/2025,407.45,Electronics,Bluetooth Speaker,09/30/2025
C-0999,O-3381,11/04/2025,102.97,Beauty,Lip Balm Set,09/29/2025
C-1619,O-4003,11/04/2025,250.33,Electronics,HDMI Cable,07/30/2024
C-2384,O-4221,11/04/2025,48.66,Beauty,Perfume Roll-On,06/04/2025
C-1259,O-4537,11/04/2025,144.47,Sports,Dumbbell Set,08/08/2024
C-0714,O-4562,11/04/2025,27.65,Home & Kitchen,LED Desk Lamp,12/17/2024
C-1394,O-4574,11/04/2025,289.08,Electronics,Wireless Earbuds,11/18/2024
C-2196,O-5342,11/04/2025,91.76,Sports,Resistance Bands,06/20/2025
C-1675,O-5355,11/04/2025,83.92,Electronics,Laptop Stand,07/24/2024
C-1953,O-5676,11/04/2025,74.7,Clothing,Cargo Pants,04/20/2025
C-1607,O-5900,11/04/2025,70.5,Beauty,Sheet Mask Pack,03/14/2025
C-1889,O-6263,11/04/2025,183.68,Electronics,Portable Charger,03/25/2025
C-0447,O-6422,11/04/2025,124.6,Beauty,Moisturizer,10/04/2025
C-0162,O-6633,11/04/2025,149.04,Clothing,Denim Jacket,02/20/2025
C-1509,O-6717,11/04/2025,128.07,Electronics,Mechanical Keyboard,04/08/2025
C-0160,O-2191,11/05/2024,45.04,Clothing,Linen Shirt,09/11/2024
C-2418,O-3011,11/05/2024,278.02,Electronics,USB-C Hub,10/12/2025
C-1534,O-3729,11/05/2024,253.19,Electronics,Laptop Stand,08/12/2025
C-0800,O-4558,11/05/2024,30.38,Clothing,Cargo Pants,10/11/2025
C-0371,O-5123,11/05/2024,58.21,Home & Kitchen,Storage Containers,08/15/2024
C-0388,O-5663,11/05/2024,208.5,Home & Kitchen,Air Purifier,01/13/2025
C-1966,O-5815,11/05/2024,31.19,Clothing,Cotton T-Shirt,10/30/2024
C-0823,O-6432,11/05/2024,138.44,Beauty,Body Lotion,03/02/2025
C-2351,O-6862,11/05/2024,277.53,Home & Kitchen,Non-Stick Pan Set,12/02/2024
C-1482,O-1765,11/05/2025,197.7,Home & Kitchen,Bamboo Cutting Board,06/13/2025
C-0464,O-3834,11/05/2025,37.89,Home & Kitchen,Air Purifier,02/22/2025
C-1623,O-4049,11/05/2025,60.16,Home & Kitchen,Storage Containers,02/01/2025
C-2445,O-4093,11/05/2025,28.08,Home & Kitchen,Coffee Maker,10/05/2025
C-1721,O-5243,11/05/2025,53.81,Clothing,Track Pants,08/09/2024
C-1636,O-5332,11/05/2025,459.77,Electronics,HDMI Cable,12/09/2024
C-1775,O-5344,11/05/2025,198.61,Home & Kitchen,Air Purifier,06/16/2025
C-0092,O-6075,11/05/2025,103.28,Beauty,Sunscreen SPF50,11/19/2024
C-2243,O-6352,11/05/2025,259.33,Home & Kitchen,Non-Stick Pan Set,09/30/2024
C-0095,O-1393,11/06/2024,283.62,Home & Kitchen,Bamboo Cutting Board,08/18/2024
C-0440,O-1432,11/06/2024,196.61,Clothing,Wool Scarf,05/21/2025
C-1260,O-1782,11/06/2024,241.16,Electronics,Bluetooth Speaker,08/28/2024
C-0359,O-1932,11/06/2024,100.36,Electronics,Webcam,12/30/2024
C-1009,O-2022,11/06/2024,97.51,Clothing,Cargo Pants,11/03/2024
C-1546,O-2648,11/06/2024,116.67,Clothing,Cargo Pants,09/30/2025
C-0942,O-2705,11/06/2024,198.58,Sports,Water Bottle,04/06/2025
C-2240,O-4000,11/06/2024,482.07,Electronics,Smart Watch Band,08/22/2025
C-0541,O-4376,11/06/2024,69.31,Electronics,Wireless Earbuds,10/26/2024
C-0244,O-4861,11/06/2024,73.36,Beauty,Sheet Mask Pack,08/10/2024
C-1642,O-5054,11/06/2024,236.24,Sports,Sports Towel,06/14/2025
C-0527,O-5309,11/06/2024,207.72,Home & Kitchen,Bamboo Cutting Board,08/01/2024
C-1895,O-6435,11/06/2024,224.86,Electronics,Bluetooth Speaker,05/11/2025
C-0228,O-6603,11/06/2024,42.64,Beauty,Perfume Roll-On,09/01/2024
C-1019,O-1215,11/06/2025,42.5,Clothing,Cargo Pants,09/09/2024
C-1423,O-1403,11/06/2025,146.51,Home & Kitchen,Coffee Maker,04/25/2025
C-2064,O-4976,11/06/2025,190.63,Sports,Yoga Mat,11/03/2025
C-1736,O-5394,11/06/2025,147.86,Sports,Yoga Mat,10/30/2025
C-2103,O-6174,11/06/2025,281.23,Home & Kitchen,Non-Stick Pan Set,11/15/2025
C-0684,O-6472,11/06/2025,39.34,Home & Kitchen,Blender,02/02/2025
C-0820,O-6902,11/06/2025,93.1,Beauty,Eye Cream,10/10/2025
C-1388,O-6982,11/06/2025,55.2,Electronics,HDMI Cable,02/15/2025
C-1297,O-1738,11/07/2024,49.13,Clothing,Wool Scarf,07/31/2025
C-1148,O-2091,11/07/2024,134.02,Beauty,Eye Cream,07/14/2025
C-2226,O-3048,11/07/2024,423.54,Electronics,Mouse Pad,07/05/2025
C-2047,O-3459,11/07/2024,20.28,Beauty,Lip Balm Set,10/03/2024
C-0950,O-3649,11/07/2024,278.79,Electronics,Wireless Earbuds,09/16/2024
C-2072,O-4127,11/07/2024,113.69,Electronics,Smart Watch Band,10/21/2025
C-1149,O-4268,11/07/2024,178.5,Electronics,Laptop Stand,05/16/2025
C-2130,O-4580,11/07/2024,213.8,Sports,Resistance Bands,07/07/2024
C-1862,O-5493,11/07/2024,78.27,Clothing,Wool Scarf,03/21/2025
C-1916,O-5758,11/07/2024,164.65,Clothing,Wool Scarf,07/06/2025
C-0568,O-6454,11/07/2024,145.8,Sports,Swimming Goggles,10/14/2025
C-0904,O-6721,11/07/2024,417.12,Electronics,Laptop Stand,01/20/2025
C-1693,O-1337,11/07/2025,299.71,Electronics,HDMI Cable,03/28/2025
C-0156,O-1617,11/07/2025,184.57,Home & Kitchen,Coffee Maker,07/22/2024
C-1088,O-3483,11/07/2025,75.56,Beauty,Lip Balm Set,10/06/2024
C-0195,O-4097,11/07/2025,338.68,Electronics,HDMI Cable,09/06/2025
C-2224,O-4902,11/07/2025,106.15,Clothing,Cargo Pants,08/03/2025
C-2071,O-5092,11/07/2025,157.21,Sports,Yoga Mat,07/25/2025
C-2154,O-5195,11/07/2025,487.64,Electronics,HDMI Cable,02/17/2025
C-1452,O-6272,11/07/2025,107.35,Electronics,Mechanical Keyboard,10/19/2025
C-1428,O-1590,11/08/2024,166.25,Clothing,Cargo Pants,08/31/2025
C-1207,O-4224,11/08/2024,62.2,Home & Kitchen,LED Desk Lamp,08/19/2025
C-1409,O-4300,11/08/2024,121.87,Home & Kitchen,Blender,04/22/2025
C-0764,O-4637,11/08/2024,63.93,Clothing,Wool Scarf,08/18/2025
C-0120,O-5468,11/08/2024,215.84,Sports,Yoga Mat,01/20/2025
C-0747,O-5626,11/08/2024,20.63,Beauty,Eye Cream,08/23/2025
C-0338,O-6915,11/08/2024,179.81,Clothing,Polo Shirt,10/25/2025
C-0123,O-6930,11/08/2024,95.64,Clothing,Cargo Pants,12/13/2024
C-0269,O-2020,11/08/2025,461.18,Electronics,Webcam,03/08/2025
C-2441,O-2565,11/08/2025,377.7,Electronics,HDMI Cable,04/22/2025
C-1484,O-2704,11/08/2025,241.23,Home & Kitchen,Spice Rack,11/21/2025
C-0525,O-2748,11/08/2025,94.15,Beauty,Body Lotion,09/09/2024
C-2299,O-3145,11/08/2025,161.84,Home & Kitchen,Bamboo Cutting Board,03/06/2025
C-1605,O-3405,11/08/2025,151.25,Home & Kitchen,Blender,04/17/2025
C-2010,O-4339,11/08/2025,493.29,Electronics,Smart Watch Band,11/24/2024
C-2398,O-5756,11/08/2025,74.33,Clothing,Denim Jacket,07/05/2024
C-2118,O-6670,11/08/2025,218.83,Sports,Swimming Goggles,02/22/2025
C-0284,O-6785,11/08/2025,360.85,Electronics,Webcam,04/15/2025
C-1817,O-1077,11/09/2024,105.14,Electronics,Laptop Stand,08/23/2024
C-0910,O-1369,11/09/2024,265.24,Electronics,Mechanical Keyboard,07/03/2025
C-0570,O-2115,11/09/2024,107.46,Clothing,Cotton T-Shirt,09/19/2025
C-0038,O-3020,11/09/2024,143.59,Clothing,Running Shorts,10/14/2025
C-1053,O-3032,11/09/2024,82.63,Clothing,Track Pants,08/14/2024
C-1012,O-3107,11/09/2024,368.76,Electronics,HDMI Cable,02/03/2025
C-1840,O-3161,11/09/2024,44.39,Home & Kitchen,LED Desk Lamp,08/07/2024
C-0668,O-3285,11/09/2024,37.92,Clothing,Cotton T-Shirt,11/30/2024
C-0730,O-4293,11/09/2024,193.9,Electronics,USB-C Hub,03/14/2025
C-1179,O-5473,11/09/2024,48.38,Home & Kitchen,Air Purifier,02/02/2025
C-1307,O-5613,11/09/2024,204.43,Home & Kitchen,Spice Rack,11/10/2024
C-2041,O-5642,11/09/2024,165.01,Clothing,Cotton T-Shirt,03/19/2025
C-1239,O-5964,11/09/2024,322.57,Electronics,Laptop Stand,09/16/2024
C-2021,O-6007,11/09/2024,300.43,Electronics,Webcam,07/26/2025
C-0518,O-6130,11/09/2024,37.38,Sports,Jump Rope,03/16/2025
C-1461,O-1899,11/09/2025,171.48,Clothing,Denim Jacket,08/14/2024
C-0957,O-2222,11/09/2025,161.88,Clothing,Linen Shirt,07/15/2024
C-1875,O-1991,11/10/2024,218.55,Sports,Swimming Goggles,01/06/2025
C-1458,O-2421,11/10/2024,116.11,Home & Kitchen,Coffee Maker,08/07/2024
C-1351,O-2755,11/10/2024,286.33,Home & Kitchen,Non-Stick Pan Set,07/12/2025
C-2454,O-3264,11/10/2024,149.08,Clothing,Wool Scarf,11/19/2025
C-0634,O-4777,11/10/2024,133.08,Beauty,Eye Cream,04/16/2025
C-0114,O-6250,11/10/2024,39.18,Clothing,Linen Shirt,07/04/2024
C-0154,O-6367,11/10/2024,67.53,Electronics,Portable Charger,09/04/2024
C-1057,O-6906,11/10/2024,363.72,Electronics,Laptop Stand,09/01/2024
C-1337,O-1732,11/10/2025,256.52,Home & Kitchen,Storage Containers,12/17/2024
C-1403,O-2445,11/10/2025,101.45,Electronics,Mouse Pad,07/20/2024
C-1430,O-4347,11/10/2025,149.05,Beauty,Face Wash,09/26/2024
C-1532,O-5108,11/10/2025,10.83,Beauty,Body Lotion,11/18/2024
C-0061,O-5345,11/10/2025,86.83,Beauty,Sunscreen SPF50,09/12/2024
C-1245,O-6386,11/10/2025,138.78,Clothing,Track Pants,05/20/2025
C-1640,O-6632,11/10/2025,61.38,Beauty,Sunscreen SPF50,10/19/2025
C-1384,O-1010,11/11/2024,241.78,Home & Kitchen,Spice Rack,02/27/2025
C-0119,O-1211,11/11/2024,35.89,Clothing,Polo Shirt,05/02/2025
C-0846,O-2128,11/11/2024,70.51,Beauty,Face Wash,09/15/2024
C-0056,O-2340,11/11/2024,152.44,Clothing,Wool Scarf,12/14/2024
C-1898,O-3466,11/11/2024,60.39,Clothing,Cotton T-Shirt,11/27/2025
C-1720,O-3681,11/11/2024,94.71,Clothing,Track Pants,08/16/2024
C-0538,O-4230,11/11/2024,123.77,Home & Kitchen,Spice Rack,03/20/2025
C-0921,O-4673,11/11/2024,135.54,Clothing,Denim Jacket,06/26/2025
C-0951,O-5359,11/11/2024,71.24,Electronics,USB-C Hub,11/22/2024
C-0137,O-5910,11/11/2024,114.7,Clothing,Casual Hoodie,09/09/2024
C-0505,O-6206,11/11/2024,72.41,Home & Kitchen,Knife Set,10/16/2025
C-1409,O-6212,11/11/2024,291.96,Electronics,Mouse Pad,04/22/2025
C-0431,O-6696,11/11/2024,174.49,Home & Kitchen,LED Desk Lamp,02/10/2025
C-0362,O-6817,11/11/2024,97.54,Electronics,Webcam,10/20/2024
C-1790,O-1100,11/11/2025,219.48,Home & Kitchen,Air Purifier,06/23/2025
C-1414,O-1310,11/11/2025,10.92,Beauty,Eye Cream,03/02/2025
C-2352,O-1596,11/11/2025,258.31,Electronics,Smart Watch Band,06/19/2025
C-1472,O-1665,11/11/2025,380.9,Electronics,Mouse Pad,07/01/2025
C-1122,O-2725,11/11/2025,68.37,Clothing,Running Shorts,10/26/2024
C-2149,O-2785,11/11/2025,238.17,Electronics,HDMI Cable,09/19/2024
C-0535,O-3202,11/11/2025,113.16,Clothing,Linen Shirt,10/26/2024
C-1720,O-4242,11/11/2025,215.1,Electronics,Wireless Earbuds,08/16/2024
C-0585,O-4620,11/11/2025,39.85,Clothing,Cargo Pants,06/10/2025
C-2359,O-5223,11/11/2025,201.49,Electronics,Portable Charger,10/27/2024
C-0451,O-5588,11/11/2025,86.85,Beauty,Body Lotion,11/09/2025
C-0221,O-6087,11/11/2025,70.21,Clothing,Casual Hoodie,09/07/2025
C-1975,O-6572,11/11/2025,406.49,Electronics,Mechanical Keyboard,09/08/2025
C-2341,O-1377,11/12/2024,207.26,Sports,Water Bottle,07/11/2024
C-0518,O-1398,11/12/2024,20.29,Clothing,Running Shorts,03/16/2025
C-2472,O-1914,11/12/2024,168.93,Clothing,Denim Jacket,10/24/2024
C-1593,O-2323,11/12/2024,406.72,Electronics,Bluetooth Speaker,11/10/2024
C-1158,O-2739,11/12/2024,477.87,Electronics,Bluetooth Speaker,09/27/2025
C-0725,O-2818,11/12/2024,75.22,Electronics,Bluetooth Speaker,09/22/2025
C-1538,O-2904,11/12/2024,32.94,Clothing,Denim Jacket,10/25/2024
C-1033,O-4530,11/12/2024,133.18,Home & Kitchen,Non-Stick Pan Set,11/12/2024
C-1915,O-4960,11/12/2024,232.63,Home & Kitchen,Knife Set,10/01/2025
C-0523,O-5185,11/12/2024,95.75,Home & Kitchen,Blender,06/24/2025
C-0299,O-5557,11/12/2024,145.2,Home & Kitchen,Bamboo Cutting Board,11/11/2024
C-1268,O-6528,11/12/2024,215.59,Electronics,Webcam,10/04/2025
C-0709,O-1467,11/12/2025,124.73,Beauty,Eye Cream,11/30/2024
C-2421,O-1941,11/12/2025,287.74,Electronics,Wireless Earbuds,09/25/2024
C-0734,O-2246,11/12/2025,295.71,Home & Kitchen,Bamboo Cutting Board,07/22/2024
C-0844,O-2504,11/12/2025,93.39,Clothing,Polo Shirt,08/24/2025
C-0747,O-2963,11/12/2025,261.73,Electronics,HDMI Cable,08/23/2025
C-1796,O-3475,11/12/2025,21.69,Clothing,Track Pants,06/19/2025
C-1059,O-4407,11/12/2025,147.55,Electronics,Wireless Earbuds,08/16/2025
C-0981,O-4609,11/12/2025,120.35,Home & Kitchen,Insulated Flask,10/27/2024
C-1725,O-5319,11/12/2025,32.35,Clothing,Cotton T-Shirt,10/11/2025
C-1096,O-5374,11/12/2025,144.46,Beauty,Sheet Mask Pack,09/07/2024
C-1849,O-5765,11/12/2025,205.82,Electronics,Portable Charger,06/09/2025
C-1108,O-6094,11/12/2025,113.78,Clothing,Cargo Pants,06/28/2025
C-0117,O-6305,11/12/2025,285.48,Home & Kitchen,Insulated Flask,12/30/2024
C-0561,O-6588,11/12/2025,121.66,Clothing,Casual Hoodie,06/15/2025
C-1730,O-1018,11/13/2024,85.87,Clothing,Casual Hoodie,12/14/2024
C-1415,O-1240,11/13/2024,135.9,Sports,Jump Rope,09/03/2025
C-1579,O-1323,11/13/2024,285.22,Electronics,Webcam,05/13/2025
C-1947,O-2001,11/13/2024,99.1,Beauty,Perfume Roll-On,06/18/2025
C-0180,O-2374,11/13/2024,170.45,Electronics,Bluetooth Speaker,06/28/2025
C-0976,O-2675,11/13/2024,203.91,Sports,Dumbbell Set,11/21/2024
C-0261,O-2952,11/13/2024,53.43,Clothing,Cotton T-Shirt,10/11/2024
C-0571,O-3369,11/13/2024,179.76,Home & Kitchen,Blender,12/28/2024
C-1020,O-3590,11/13/2024,299.49,Home & Kitchen,LED Desk Lamp,01/29/2025
C-0357,O-4115,11/13/2024,99.09,Clothing,Wool Scarf,10/27/2024
C-0760,O-4340,11/13/2024,139.87,Clothing,Cargo Pants,05/19/2025
C-0158,O-5719,11/13/2024,107.47,Home & Kitchen,Non-Stick Pan Set,02/11/2025
C-1046,O-5750,11/13/2024,96.69,Clothing,Wool Scarf,10/31/2025
C-2251,O-5775,11/13/2024,23.97,Clothing,Denim Jacket,08/02/2025
C-2157,O-5997,11/13/2024,110.3,Electronics,Portable Charger,08/02/2024
C-1368,O-6894,11/13/2024,36.03,Beauty,Moisturizer,09/24/2024
C-2172,O-2267,11/13/2025,292.54,Electronics,Smart Watch Band,02/21/2025
C-2304,O-2780,11/13/2025,288.86,Home & Kitchen,Insulated Flask,07/09/2025
C-0501,O-3883,11/13/2025,227.71,Home & Kitchen,Spice Rack,07/28/2024
C-2271,O-3894,11/13/2025,167.62,Home & Kitchen,Spice Rack,07/05/2025
C-0369,O-3941,11/13/2025,69.18,Electronics,HDMI Cable,01/11/2025
C-2140,O-4213,11/13/2025,180.52,Home & Kitchen,Insulated Flask,10/18/2024
C-1020,O-5547,11/13/2025,174.71,Sports,Gym Bag,01/29/2025
C-2063,O-5761,11/13/2025,120.03,Electronics,Smart Watch Band,10/29/2024
C-2271,O-5930,11/13/2025,119.7,Beauty,Face Wash,07/05/2025
C-0444,O-6132,11/13/2025,89.47,Beauty,Perfume Roll-On,09/30/2025
C-0160,O-6561,11/13/2025,17.95,Beauty,Lip Balm Set,09/11/2024
C-0845,O-6812,11/13/2025,428.53,Electronics,Smart Watch Band,12/06/2024
C-1855,O-1237,11/14/2024,365.01,Electronics,Smart Watch Band,10/23/2025
C-1592,O-2165,11/14/2024,195.93,Clothing,Wool Scarf,01/03/2025
C-1304,O-2858,11/14/2024,181.13,Clothing,Wool Scarf,06/24/2025
C-1626,O-3097,11/14/2024,214.35,Sports,Resistance Bands,11/22/2025
C-0050,O-3480,11/14/2024,137.15,Electronics,Smart Watch Band,02/24/2025
C-0134,O-3503,11/14/2024,140.57,Clothing,Wool Scarf,09/19/2024
C-1304,O-5023,11/14/2024,15.88,Beauty,Face Wash,06/24/2025
C-1982,O-6092,11/14/2024,260.73,Electronics,Laptop Stand,04/09/2025
C-1076,O-6627,11/14/2024,90.51,Home & Kitchen,Insulated Flask,09/14/2025
C-1609,O-1004,11/14/2025,332.52,Electronics,Portable Charger,04/08/2025
C-1752,O-3410,11/14/2025,145.22,Home & Kitchen,Spice Rack,03/06/2025
C-0995,O-3597,11/14/2025,95.93,Clothing,Formal Shirt,08/03/2024
C-0027,O-3627,11/14/2025,121.4,Beauty,Lip Balm Set,12/07/2024
C-0106,O-3830,11/14/2025,190.67,Clothing,Cargo Pants,10/26/2024
C-1492,O-4035,11/14/2025,85.25,Beauty,Hair Oil,01/01/2025
C-2033,O-5062,11/14/2025,28.56,Clothing,Running Shorts,11/25/2024
C-1009,O-5325,11/14/2025,40.55,Beauty,Sheet Mask Pack,11/03/2024
C-0604,O-5919,11/14/2025,84.57,Clothing,Track Pants,10/31/2025
C-1412,O-6478,11/14/2025,148.47,Clothing,Casual Hoodie,11/02/2024
C-1237,O-6871,11/14/2025,462.76,Electronics,HDMI Cable,12/25/2024
C-1192,O-1299,11/15/2024,31.75,Clothing,Track Pants,11/25/2025
C-0660,O-1316,11/15/2024,269.97,Home & Kitchen,Non-Stick Pan Set,11/02/2025
C-1468,O-1434,11/15/2024,268.39,Electronics,Wireless Earbuds,03/17/2025
C-1953,O-1511,11/15/2024,101.72,Clothing,Linen Shirt,04/20/2025
C-1929,O-1545,11/15/2024,198.14,Electronics,Portable Charger,10/02/2024
C-0348,O-2099,11/15/2024,72.23,Beauty,Face Wash,08/13/2025
C-0404,O-3892,11/15/2024,112.09,Beauty,Sheet Mask Pack,10/28/2025
C-1338,O-3917,11/15/2024,219.01,Electronics,Portable Charger,09/22/2025
C-1579,O-4251,11/15/2024,31.37,Clothing,Denim Jacket,05/13/2025
C-0981,O-4258,11/15/2024,285.49,Home & Kitchen,Bamboo Cutting Board,10/27/2024
C-0175,O-4611,11/15/2024,76.02,Beauty,Lip Balm Set,08/21/2025
C-0893,O-5290,11/15/2024,85.12,Home & Kitchen,Spice Rack,10/20/2025
C-0132,O-5316,11/15/2024,28.71,Beauty,Vitamin C Serum,08/29/2024
C-2170,O-5563,11/15/2024,299.98,Electronics,Mouse Pad,10/06/2024
C-1275,O-5870,11/15/2024,198.17,Clothing,Wool Scarf,10/05/2025
C-2252,O-1120,11/15/2025,51.72,Electronics,Laptop Stand,09/25/2024
C-1234,O-1257,11/15/2025,60.13,Beauty,Perfume Roll-On,11/27/2024
C-2040,O-1812,11/15/2025,78.57,Clothing,Track Pants,03/06/2025
C-1862,O-2816,11/15/2025,413.34,Electronics,HDMI Cable,03/21/2025
C-0113,O-3114,11/15/2025,197.45,Clothing,Running Shorts,10/08/2025
C-0974,O-3184,11/15/2025,294.54,Home & Kitchen,Insulated Flask,08/23/2025
C-1177,O-3662,11/15/2025,42.86,Clothing,Denim Jacket,01/26/2025
C-0878,O-3890,11/15/2025,63.03,Home & Kitchen,Insulated Flask,08/26/2025
C-1520,O-4579,11/15/2025,79.48,Clothing,Linen Shirt,09/07/2024
C-0655,O-4984,11/15/2025,238.41,Electronics,USB-C Hub,09/25/2025
C-1510,O-5432,11/15/2025,49.69,Clothing,Cargo Pants,08/28/2024
C-1109,O-6611,11/15/2025,92.14,Clothing,Linen Shirt,09/07/2025
C-1843,O-6745,11/15/2025,81.89,Electronics,Mouse Pad,01/07/2025
C-2190,O-6804,11/15/2025,143.3,Clothing,Track Pants,08/03/2025
C-2121,O-1461,11/16/2024,21.51,Sports,Dumbbell Set,07/10/2024
C-0535,O-1477,11/16/2024,105.25,Clothing,Casual Hoodie,10/26/2024
C-2146,O-1504,11/16/2024,136.4,Clothing,Running Shorts,06/28/2025
C-2398,O-1525,11/16/2024,98.41,Clothing,Wool Scarf,07/05/2024
C-1353,O-2790,11/16/2024,54.42,Electronics,Mouse Pad,10/16/2025
C-1617,O-3648,11/16/2024,292.56,Electronics,USB-C Hub,06/11/2025
C-1958,O-4909,11/16/2024,18.33,Clothing,Running Shorts,07/19/2025
C-0493,O-4970,11/16/2024,239.28,Electronics,USB-C Hub,08/03/2025
C-0714,O-5033,11/16/2024,76.15,Home & Kitchen,Bamboo Cutting Board,12/17/2024
C-0067,O-5427,11/16/2024,138.77,Clothing,Polo Shirt,04/03/2025
C-0669,O-6995,11/16/2024,68.61,Electronics,Portable Charger,05/08/2025
C-0673,O-1816,11/16/2025,147.41,Clothing,Formal Shirt,08/31/2025
C-1034,O-2339,11/16/2025,35.63,Clothing,Formal Shirt,07/16/2024
C-0461,O-2383,11/16/2025,151.04,Electronics,Bluetooth Speaker,09/21/2024
C-0082,O-3215,11/16/2025,99.08,Sports,Sports Towel,10/13/2025
C-0941,O-3301,11/16/2025,311.71,Electronics,Bluetooth Speaker,11/26/2025
C-0193,O-5079,11/16/2025,17.08,Beauty,Moisturizer,10/03/2025
C-1383,O-6343,11/16/2025,69.5,Beauty,Sunscreen SPF50,07/18/2025
C-0059,O-6697,11/16/2025,178.34,Home & Kitchen,Air Purifier,01/31/2025
C-0831,O-1066,11/17/2024,25.26,Beauty,Eye Cream,07/31/2025
C-2144,O-1405,11/17/2024,113.99,Clothing,Polo Shirt,01/13/2025
C-1118,O-1846,11/17/2024,346.4,Electronics,Portable Charger,02/15/2025
C-2166,O-3728,11/17/2024,58.24,Clothing,Casual Hoodie,09/23/2024
C-0105,O-3853,11/17/2024,222.97,Sports,Yoga Mat,07/12/2024
C-1829,O-3910,11/17/2024,233.99,Home & Kitchen,Storage Containers,01/21/2025
C-0866,O-4131,11/17/2024,496.35,Electronics,Mouse Pad,12/18/2024
C-2333,O-4141,11/17/2024,258.07,Electronics,Wireless Earbuds,03/12/2025
C-0192,O-5155,11/17/2024,59.76,Electronics,USB-C Hub,01/11/2025
C-0556,O-5358,11/17/2024,496.05,Electronics,Wireless Earbuds,06/21/2025
C-0890,O-5518,11/17/2024,289.65,Home & Kitchen,Coffee Maker,10/14/2025
C-0082,O-5695,11/17/2024,136.66,Beauty,Vitamin C Serum,10/13/2025
C-0772,O-1093,11/17/2025,159.87,Home & Kitchen,Air Purifier,09/26/2025
C-1696,O-1110,11/17/2025,86.44,Beauty,Hair Oil,07/10/2025
C-1136,O-1764,11/17/2025,157.75,Sports,Resistance Bands,11/24/2024
C-1171,O-2300,11/17/2025,144.7,Beauty,Moisturizer,05/12/2025
C-0285,O-3293,11/17/2025,112.07,Clothing,Cotton T-Shirt,02/01/2025
C-0769,O-3584,11/17/2025,143.17,Home & Kitchen,Non-Stick Pan Set,01/09/2025
C-2180,O-3812,11/17/2025,173.55,Clothing,Running Shorts,12/31/2024
C-2168,O-3964,11/17/2025,79.63,Home & Kitchen,Coffee Maker,09/18/2025
C-0415,O-4751,11/17/2025,87.06,Beauty,Perfume Roll-On,07/26/2024
C-1411,O-5479,11/17/2025,90.1,Beauty,Eye Cream,05/05/2025
C-1413,O-5560,11/17/2025,260.94,Home & Kitchen,Spice Rack,08/18/2024
C-1441,O-6004,11/17/2025,298.07,Electronics,USB-C Hub,07/01/2025
C-0803,O-6622,11/17/2025,473.68,Electronics,HDMI Cable,01/12/2025
C-0618,O-1175,11/18/2024,114.11,Sports,Gym Bag,06/04/2025
C-0996,O-2067,11/18/2024,27.88,Beauty,Moisturizer,07/15/2025
C-0671,O-2252,11/18/2024,68.85,Clothing,Polo Shirt,03/12/2025
C-2158,O-2372,11/18/2024,190.91,Home & Kitchen,Non-Stick Pan Set,10/04/2024
C-2415,O-3395,11/18/2024,142.91,Clothing,Denim Jacket,10/25/2024
C-0382,O-3570,11/18/2024,157.9,Sports,Sports Towel,05/13/2025
C-0436,O-3937,11/18/2024,74.64,Beauty,Face Wash,11/02/2024
C-1292,O-4893,11/18/2024,124.8,Electronics,Webcam,08/23/2024
C-2419,O-5121,11/18/2024,386.22,Electronics,Portable Charger,12/24/2024
C-0453,O-1200,11/18/2025,400.79,Electronics,Bluetooth Speaker,04/08/2025
C-0061,O-1417,11/18/2025,190.21,Electronics,Mechanical Keyboard,09/12/2024
C-0024,O-1535,11/18/2025,346.76,Electronics,Smart Watch Band,09/06/2025
C-1245,O-1761,11/18/2025,86.74,Home & Kitchen,Spice Rack,05/20/2025
C-1704,O-1950,11/18/2025,118.01,Clothing,Casual Hoodie,07/31/2025
C-1771,O-2731,11/18/2025,496.88,Electronics,USB-C Hub,07/21/2025
C-0679,O-3484,11/18/2025,415.26,Electronics,Mouse Pad,09/13/2025
C-0449,O-4427,11/18/2025,113.95,Electronics,USB-C Hub,03/11/2025
C-1591,O-5382,11/18/2025,88.5,Sports,Jump Rope,11/09/2024
C-1779,O-5414,11/18/2025,45.33,Home & Kitchen,Non-Stick Pan Set,01/13/2025
C-1745,O-5832,11/18/2025,36.26,Clothing,Running Shorts,03/29/2025
C-1041,O-5843,11/18/2025,136.64,Beauty,Vitamin C Serum,08/23/2024
C-1614,O-6031,11/18/2025,165.13,Electronics,HDMI Cable,12/20/2024
C-2080,O-6243,11/18/2025,359.96,Electronics,Webcam,10/24/2025
C-1045,O-6956,11/18/2025,85.54,Beauty,Lip Balm Set,09/04/2024
C-0839,O-1719,11/19/2024,144.12,Sports,Water Bottle,09/24/2025
C-1670,O-2706,11/19/2024,118.93,Home & Kitchen,Bamboo Cutting Board,11/23/2025
C-1166,O-3508,11/19/2024,433.58,Electronics,Smart Watch Band,06/19/2025
C-0370,O-4120,11/19/2024,126.39,Clothing,Cargo Pants,03/18/2025
C-2255,O-4713,11/19/2024,414.55,Electronics,Wireless Earbuds,07/25/2025
C-1202,O-5158,11/19/2024,272.59,Electronics,Portable Charger,09/13/2025
C-1667,O-5551,11/19/2024,122.04,Clothing,Cargo Pants,05/17/2025
C-1154,O-5624,11/19/2024,176.89,Sports,Running Armband,12/09/2024
C-0525,O-6021,11/19/2024,133.86,Beauty,Moisturizer,09/09/2024
C-1631,O-6164,11/19/2024,143.36,Beauty,Hair Oil,08/20/2025
C-1859,O-1879,11/19/2025,135.74,Electronics,Webcam,06/04/2025
C-1980,O-2095,11/19/2025,89.18,Clothing,Linen Shirt,06/20/2025
C-0308,O-2535,11/19/2025,351.72,Electronics,Wireless Earbuds,08/06/2024
C-2360,O-2708,11/19/2025,272.46,Home & Kitchen,LED Desk Lamp,11/23/2024
C-1655,O-2909,11/19/2025,125.66,Beauty,Face Wash,03/31/2025
C-0605,O-3334,11/19/2025,124.09,Home & Kitchen,Knife Set,11/15/2025
C-1044,O-3408,11/19/2025,122.96,Clothing,Track Pants,10/25/2024
C-1940,O-3563,11/19/2025,224.62,Home & Kitchen,Storage Containers,08/10/2025
C-2284,O-3927,11/19/2025,319.58,Electronics,USB-C Hub,06/03/2025
C-1898,O-4545,11/19/2025,291.23,Electronics,Portable Charger,11/27/2025
C-0569,O-4699,11/19/2025,383.97,Electronics,Mouse Pad,12/04/2024
C-2021,O-5127,11/19/2025,220.95,Electronics,Mechanical Keyboard,07/26/2025
C-1338,O-5698,11/19/2025,122.95,Beauty,Sunscreen SPF50,09/22/2025
C-1706,O-5706,11/19/2025,423.44,Electronics,Mechanical Keyboard,10/05/2025
C-0721,O-5800,11/19/2025,15.16,Clothing,Casual Hoodie,08/17/2025
C-1697,O-1755,11/20/2024,22.05,Beauty,Eye Cream,08/16/2024
C-0132,O-2118,11/20/2024,305.69,Electronics,Laptop Stand,08/29/2024
C-1321,O-2584,11/20/2024,93.76,Home & Kitchen,LED Desk Lamp,06/15/2025
C-1453,O-2611,11/20/2024,66.23,Clothing,Polo Shirt,11/03/2025
C-0244,O-2640,11/20/2024,465.88,Electronics,Laptop Stand,08/10/2024
C-2338,O-3798,11/20/2024,194.25,Clothing,Cargo Pants,06/05/2025
C-1765,O-3972,11/20/2024,72.94,Electronics,Mouse Pad,10/26/2025
C-0388,O-4721,11/20/2024,54.48,Home & Kitchen,Insulated Flask,01/13/2025
C-1885,O-5401,11/20/2024,261.66,Home & Kitchen,Blender,03/31/2025
C-2459,O-5503,11/20/2024,52.28,Beauty,Moisturizer,11/13/2025
C-1735,O-5696,11/20/2024,253.05,Electronics,Smart Watch Band,05/03/2025
C-2289,O-6489,11/20/2024,192.89,Clothing,Casual Hoodie,05/04/2025
C-1923,O-1217,11/20/2025,115.2,Beauty,Sunscreen SPF50,12/16/2024
C-0632,O-1632,11/20/2025,117.85,Beauty,Sheet Mask Pack,11/08/2025
C-0173,O-2076,11/20/2025,337.45,Electronics,Wireless Earbuds,03/06/2025
C-1099,O-2553,11/20/2025,206.43,Electronics,Webcam,10/04/2024
C-0500,O-4280,11/20/2025,231.54,Sports,Gym Bag,08/08/2025
C-1597,O-4662,11/20/2025,61.23,Electronics,Bluetooth Speaker,11/05/2024
C-0459,O-4664,11/20/2025,296.22,Electronics,USB-C Hub,06/09/2025
C-2116,O-5048,11/20/2025,101.96,Clothing,Track Pants,08/27/2025
C-0542,O-5173,11/20/2025,262.96,Electronics,Mechanical Keyboard,12/15/2024
C-2471,O-5677,11/20/2025,116.57,Clothing,Cotton T-Shirt,11/20/2025
C-1672,O-5700,11/20/2025,294.24,Electronics,Mechanical Keyboard,11/23/2025
C-1678,O-6039,11/20/2025,190.58,Clothing,Linen Shirt,11/30/2025
C-1418,O-6668,11/20/2025,27.38,Home & Kitchen,Air Purifier,10/22/2024
C-2292,O-6873,11/20/2025,101.72,Clothing,Cotton T-Shirt,11/03/2025
C-1930,O-6997,11/20/2025,79.52,Clothing,Track Pants,09/30/2025
C-1150,O-1294,11/21/2024,46.85,Beauty,Lip Balm Set,05/29/2025
C-1166,O-1983,11/21/2024,227.82,Home & Kitchen,Storage Containers,06/19/2025
C-1793,O-2147,11/21/2024,170.69,Clothing,Formal Shirt,11/02/2024
C-0095,O-2991,11/21/2024,242.3,Electronics,Mechanical Keyboard,08/18/2024
C-1132,O-3063,11/21/2024,111.64,Beauty,Sunscreen SPF50,06/13/2025
C-2419,O-3463,11/21/2024,134.0,Home & Kitchen,Bamboo Cutting Board,12/24/2024
C-2150,O-3916,11/21/2024,152.58,Sports,Yoga Mat,07/18/2025
C-1889,O-4898,11/21/2024,488.22,Electronics,Smart Watch Band,03/25/2025
C-1548,O-5360,11/21/2024,289.24,Home & Kitchen,Coffee Maker,04/19/2025
C-0338,O-5657,11/21/2024,139.58,Sports,Running Armband,10/25/2025
C-0672,O-1040,11/21/2025,138.96,Sports,Swimming Goggles,10/30/2024
C-1618,O-1079,11/21/2025,127.76,Electronics,Mechanical Keyboard,08/12/2024
C-2164,O-2629,11/21/2025,306.67,Electronics,Webcam,07/10/2024
C-0541,O-3290,11/21/2025,112.96,Electronics,Bluetooth Speaker,10/26/2024
C-1795,O-3370,11/21/2025,18.8,Clothing,Cargo Pants,08/09/2025
C-0210,O-3540,11/21/2025,142.84,Sports,Water Bottle,11/05/2025
C-0526,O-3921,11/21/2025,42.04,Beauty,Sunscreen SPF50,08/11/2024
C-2450,O-3963,11/21/2025,200.16,Sports,Running Armband,11/17/2024
C-1504,O-4128,11/21/2025,12.53,Beauty,Eye Cream,06/25/2025
C-0292,O-4335,11/21/2025,117.35,Electronics,Bluetooth Speaker,08/22/2024
C-1836,O-4438,11/21/2025,228.77,Electronics,USB-C Hub,08/08/2024
C-1563,O-4568,11/21/2025,249.21,Electronics,Mouse Pad,12/09/2024
C-2175,O-4603,11/21/2025,112.94,Electronics,Mechanical Keyboard,04/04/2025
C-0287,O-4717,11/21/2025,457.18,Electronics,Laptop Stand,01/25/2025
C-1110,O-6002,11/21/2025,230.08,Home & Kitchen,Coffee Maker,08/22/2024
C-1145,O-6141,11/21/2025,107.86,Sports,Dumbbell Set,10/08/2025
C-2128,O-6228,11/21/2025,163.22,Electronics,Bluetooth Speaker,11/12/2025
C-0914,O-6559,11/21/2025,28.33,Clothing,Track Pants,08/10/2025
C-0152,O-1671,11/22/2024,102.18,Clothing,Cotton T-Shirt,03/11/2025
C-0214,O-2178,11/22/2024,41.1,Sports,Jump Rope,12/16/2024
C-1497,O-2403,11/22/2024,55.61,Electronics,Bluetooth Speaker,06/01/2025
C-0344,O-2776,11/22/2024,111.83,Clothing,Polo Shirt,02/19/2025
C-0680,O-2788,11/22/2024,163.52,Clothing,Casual Hoodie,05/09/2025
C-1267,O-2851,11/22/2024,65.44,Beauty,Body Lotion,08/12/2024
C-1498,O-3138,11/22/2024,134.75,Electronics,Mouse Pad,04/29/2025
C-1177,O-3600,11/22/2024,93.84,Clothing,Running Shorts,01/26/2025
C-0667,O-4123,11/22/2024,116.92,Home & Kitchen,Spice Rack,12/03/2024
C-2109,O-4148,11/22/2024,205.1,Sports,Water Bottle,11/13/2025
C-2197,O-5456,11/22/2024,125.83,Electronics,Mechanical Keyboard,08/24/2024
C-1142,O-5616,11/22/2024,269.99,Electronics,Portable Charger,02/06/2025
C-0069,O-5688,11/22/2024,58.96,Home & Kitchen,Non-Stick Pan Set,05/29/2025
C-1751,O-5760,11/22/2024,229.5,Home & Kitchen,Coffee Maker,11/29/2024
C-0326,O-5916,11/22/2024,84.81,Clothing,Linen Shirt,12/29/2024
C-0403,O-5993,11/22/2024,173.67,Clothing,Linen Shirt,02/04/2025
C-0716,O-6086,11/22/2024,98.05,Home & Kitchen,Blender,04/22/2025
C-2498,O-6671,11/22/2024,128.21,Sports,Dumbbell Set,08/30/2024
C-0487,O-1221,11/22/2025,53.23,Home & Kitchen,Non-Stick Pan Set,11/12/2025
C-2129,O-1550,11/22/2025,178.48,Clothing,Running Shorts,07/17/2024
C-2251,O-2394,11/22/2025,171.43,Home & Kitchen,Spice Rack,08/02/2025
C-0409,O-3135,11/22/2025,498.8,Electronics,USB-C Hub,10/04/2024
C-1767,O-4033,11/22/2025,161.0,Clothing,Wool Scarf,11/19/2024
C-2059,O-4460,11/22/2025,103.88,Clothing,Track Pants,05/07/2025
C-0081,O-6071,11/22/2025,116.57,Clothing,Wool Scarf,08/10/2025
C-0898,O-6908,11/22/2025,117.68,Home & Kitchen,Air Purifier,06/19/2025
C-0606,O-1097,11/23/2024,130.49,Beauty,Perfume Roll-On,10/02/2025
C-2100,O-1283,11/23/2024,327.6,Electronics,Webcam,06/11/2025
C-0328,O-1618,11/23/2024,295.48,Home & Kitchen,Storage Containers,07/26/2024
C-0472,O-2080,11/23/2024,131.8,Clothing,Casual Hoodie,10/21/2025
C-0771,O-2277,11/23/2024,192.12,Clothing,Casual Hoodie,11/23/2025
C-1392,O-2929,11/23/2024,68.32,Sports,Foam Roller,06/09/2025
C-1238,O-3320,11/23/2024,104.15,Electronics,Webcam,12/04/2024
C-0079,O-4166,11/23/2024,145.27,Clothing,Formal Shirt,02/03/2025
C-1494,O-4789,11/23/2024,381.11,Electronics,Wireless Earbuds,05/25/2025
C-2380,O-5000,11/23/2024,41.43,Sports,Swimming Goggles,12/16/2024
C-1310,O-5356,11/23/2024,240.99,Electronics,Mechanical Keyboard,07/21/2025
C-2008,O-5716,11/23/2024,54.06,Beauty,Eye Cream,02/28/2025
C-1545,O-6591,11/23/2024,224.65,Sports,Running Armband,03/24/2025
C-0754,O-1375,11/23/2025,144.63,Clothing,Cargo Pants,11/20/2025
C-2024,O-2516,11/23/2025,239.56,Electronics,Portable Charger,08/23/2025
C-0484,O-2633,11/23/2025,293.24,Electronics,Smart Watch Band,08/04/2025
C-0088,O-2664,11/23/2025,48.92,Beauty,Face Wash,09/12/2025
C-1849,O-5523,11/23/2025,146.63,Clothing,Cargo Pants,06/09/2025
C-0546,O-1020,11/24/2024,53.81,Electronics,Smart Watch Band,05/16/2025
C-0845,O-1683,11/24/2024,148.87,Home & Kitchen,Storage Containers,12/06/2024
C-1411,O-2202,11/24/2024,468.51,Electronics,Webcam,05/05/2025
C-0059,O-3041,11/24/2024,69.52,Home & Kitchen,LED Desk Lamp,01/31/2025
C-1132,O-3274,11/24/2024,102.64,Clothing,Cotton T-Shirt,06/13/2025
C-1635,O-4271,11/24/2024,121.51,Clothing,Wool Scarf,08/31/2024
C-1210,O-5018,11/24/2024,54.77,Clothing,Wool Scarf,12/23/2024
C-0851,O-5184,11/24/2024,51.52,Beauty,Sheet Mask Pack,09/21/2024
C-0450,O-5553,11/24/2024,131.29,Beauty,Moisturizer,04/10/2025
C-2418,O-5743,11/24/2024,230.31,Sports,Jump Rope,10/12/2025
C-1274,O-6219,11/24/2024,74.94,Clothing,Cotton T-Shirt,09/02/2024
C-0831,O-6287,11/24/2024,183.03,Home & Kitchen,Non-Stick Pan Set,07/31/2025
C-1227,O-6512,11/24/2024,253.29,Home & Kitchen,Knife Set,10/25/2024
C-1658,O-1741,11/24/2025,139.89,Beauty,Body Lotion,11/22/2024
C-2363,O-1838,11/24/2025,170.57,Electronics,Mouse Pad,06/17/2025
C-0524,O-1893,11/24/2025,114.7,Beauty,Face Wash,02/15/2025
C-2453,O-2163,11/24/2025,183.88,Sports,Resistance Bands,11/30/2025
C-0085,O-3428,11/24/2025,170.07,Clothing,Cargo Pants,11/20/2024
C-2431,O-3905,11/24/2025,115.33,Electronics,Bluetooth Speaker,08/02/2025
C-2093,O-3987,11/24/2025,99.36,Home & Kitchen,Blender,12/04/2024
C-2252,O-4087,11/24/2025,474.67,Electronics,USB-C Hub,09/25/2024
C-2167,O-4262,11/24/2025,196.33,Clothing,Wool Scarf,11/24/2025
C-2302,O-6470,11/24/2025,73.69,Clothing,Wool Scarf,04/14/2025
C-1767,O-6731,11/24/2025,76.54,Home & Kitchen,LED Desk Lamp,11/19/2024
C-0949,O-6829,11/24/2025,164.29,Clothing,Formal Shirt,10/23/2025
C-1169,O-2014,11/25/2024,119.4,Electronics,Bluetooth Speaker,04/17/2025
C-2115,O-2597,11/25/2024,62.51,Home & Kitchen,Spice Rack,07/07/2024
C-0837,O-3281,11/25/2024,135.55,Clothing,Cotton T-Shirt,06/05/2025
C-2029,O-3346,11/25/2024,75.62,Sports,Dumbbell Set,10/28/2025
C-1095,O-3478,11/25/2024,91.94,Electronics,Webcam,10/29/2025
C-2010,O-3860,11/25/2024,93.27,Clothing,Casual Hoodie,11/24/2024
C-0613,O-4430,11/25/2024,219.6,Electronics,USB-C Hub,05/10/2025
C-1885,O-5249,11/25/2024,103.57,Electronics,Mouse Pad,03/31/2025
C-0602,O-5269,11/25/2024,180.29,Clothing,Linen Shirt,11/13/2025
C-1196,O-5420,11/25/2024,166.02,Electronics,Webcam,08/13/2024
C-2019,O-6292,11/25/2024,227.04,Home & Kitchen,Non-Stick Pan Set,08/18/2024
C-1540,O-6740,11/25/2024,122.86,Home & Kitchen,LED Desk Lamp,01/07/2025
C-1137,O-2042,11/25/2025,50.85,Clothing,Track Pants,08/15/2025
C-1238,O-2200,11/25/2025,154.8,Sports,Running Armband,12/04/2024
C-1941,O-2630,11/25/2025,181.45,Clothing,Linen Shirt,03/18/2025
C-2121,O-2637,11/25/2025,25.48,Clothing,Linen Shirt,07/10/2024
C-0564,O-3298,11/25/2025,154.85,Clothing,Cargo Pants,11/14/2025
C-0085,O-3450,11/25/2025,87.85,Clothing,Cotton T-Shirt,11/20/2024
C-1178,O-4754,11/25/2025,122.88,Beauty,Perfume Roll-On,05/05/2025
C-0931,O-4952,11/25/2025,77.44,Beauty,Hair Oil,07/09/2025
C-1346,O-5386,11/25/2025,208.91,Home & Kitchen,LED Desk Lamp,02/25/2025
C-0691,O-6849,11/25/2025,100.51,Electronics,Wireless Earbuds,12/08/2024
C-0151,O-1539,11/26/2024,127.32,Beauty,Eye Cream,11/01/2024
C-1141,O-2391,11/26/2024,131.84,Electronics,USB-C Hub,10/02/2024
C-0885,O-3101,11/26/2024,484.07,Electronics,Webcam,11/22/2025
C-1892,O-4017,11/26/2024,249.28,Electronics,Bluetooth Speaker,09/02/2024
C-2474,O-4829,11/26/2024,92.35,Clothing,Linen Shirt,04/01/2025
C-0501,O-6008,11/26/2024,106.19,Home & Kitchen,Coffee Maker,07/28/2024
C-1151,O-6055,11/26/2024,391.7,Electronics,Portable Charger,09/25/2024
C-1300,O-6660,11/26/2024,45.13,Sports,Sports Towel,12/01/2024
C-0789,O-6813,11/26/2024,23.91,Sports,Swimming Goggles,10/25/2024
C-1207,O-2104,11/26/2025,160.39,Clothing,Denim Jacket,08/19/2025
C-0660,O-2426,11/26/2025,135.51,Clothing,Linen Shirt,11/02/2025
C-0639,O-2941,11/26/2025,84.93,Clothing,Wool Scarf,07/05/2025
C-0067,O-3539,11/26/2025,117.65,Beauty,Face Wash,04/03/2025
C-1184,O-3663,11/26/2025,111.38,Home & Kitchen,Non-Stick Pan Set,10/31/2024
C-2494,O-3962,11/26/2025,183.93,Electronics,Smart Watch Band,12/17/2024
C-0477,O-5793,11/26/2025,171.59,Clothing,Running Shorts,08/03/2025
C-2449,O-5948,11/26/2025,254.23,Home & Kitchen,Knife Set,11/09/2025
C-1027,O-1245,11/27/2024,38.56,Beauty,Face Wash,11/26/2024
C-2318,O-1302,11/27/2024,283.27,Home & Kitchen,Spice Rack,03/05/2025
C-1812,O-1483,11/27/2024,51.94,Clothing,Casual Hoodie,03/03/2025
C-2217,O-2069,11/27/2024,321.5,Electronics,Portable Charger,03/10/2025
C-1161,O-2241,11/27/2024,189.69,Home & Kitchen,Non-Stick Pan Set,09/26/2025
C-0788,O-2332,11/27/2024,51.93,Clothing,Linen Shirt,02/16/2025
C-2215,O-3332,11/27/2024,90.3,Clothing,Wool Scarf,09/26/2024
C-1399,O-3406,11/27/2024,163.64,Electronics,Bluetooth Speaker,10/24/2025
C-0415,O-3471,11/27/2024,99.14,Home & Kitchen,Storage Containers,07/26/2024
C-2082,O-6488,11/27/2024,197.78,Home & Kitchen,Air Purifier,01/25/2025
C-0143,O-1131,11/27/2025,245.12,Home & Kitchen,Storage Containers,09/07/2025
C-1491,O-1300,11/27/2025,431.59,Electronics,Webcam,09/14/2025
C-1266,O-2242,11/27/2025,82.89,Sports,Resistance Bands,10/17/2025
C-1258,O-2463,11/27/2025,107.9,Beauty,Sunscreen SPF50,10/06/2025
C-1161,O-2579,11/27/2025,67.64,Home & Kitchen,Storage Containers,09/26/2025
C-1845,O-2871,11/27/2025,146.72,Clothing,Polo Shirt,08/08/2024
C-1302,O-2908,11/27/2025,86.9,Home & Kitchen,Knife Set,09/22/2024
C-1870,O-4079,11/27/2025,176.71,Clothing,Formal Shirt,09/11/2025
C-2436,O-4267,11/27/2025,94.72,Clothing,Denim Jacket,01/07/2025
C-0474,O-4549,11/27/2025,128.77,Clothing,Wool Scarf,09/02/2024
C-0894,O-4973,11/27/2025,123.17,Beauty,Eye Cream,04/21/2025
C-0342,O-6015,11/27/2025,136.16,Sports,Sports Towel,06/24/2025
C-0835,O-6776,11/27/2025,67.75,Electronics,Webcam,11/07/2024
C-2350,O-1744,11/28/2024,57.42,Beauty,Body Lotion,11/25/2025
C-0609,O-2389,11/28/2024,97.64,Clothing,Cargo Pants,04/28/2025
C-0715,O-2684,11/28/2024,42.57,Beauty,Moisturizer,05/11/2025
C-0375,O-2801,11/28/2024,443.58,Electronics,Mouse Pad,07/08/2025
C-0527,O-2937,11/28/2024,95.76,Home & Kitchen,Knife Set,08/01/2024
C-2176,O-4752,11/28/2024,173.58,Clothing,Cotton T-Shirt,08/17/2024
C-0651,O-5099,11/28/2024,320.28,Electronics,Webcam,07/13/2024
C-1672,O-5757,11/28/2024,285.9,Home & Kitchen,Coffee Maker,11/23/2025
C-0095,O-6010,11/28/2024,111.87,Sports,Swimming Goggles,08/18/2024
C-2497,O-6601,11/28/2024,150.95,Electronics,Laptop Stand,01/28/2025
C-1405,O-6900,11/28/2024,152.87,Home & Kitchen,Bamboo Cutting Board,02/06/2025
C-1096,O-1721,11/28/2025,39.98,Home & Kitchen,Bamboo Cutting Board,09/07/2024
C-0716,O-1952,11/28/2025,201.98,Electronics,Bluetooth Speaker,04/22/2025
C-2152,O-2561,11/28/2025,398.87,Electronics,USB-C Hub,10/14/2025
C-0920,O-2697,11/28/2025,188.81,Sports,Swimming Goggles,02/21/2025
C-2498,O-2914,11/28/2025,151.23,Sports,Sports Towel,08/30/2024
C-2299,O-2962,11/28/2025,35.62,Clothing,Polo Shirt,03/06/2025
C-0169,O-3170,11/28/2025,117.6,Beauty,Lip Balm Set,11/10/2025
C-1586,O-3757,11/28/2025,350.74,Electronics,Bluetooth Speaker,05/21/2025
C-2202,O-3978,11/28/2025,280.15,Home & Kitchen,Bamboo Cutting Board,06/14/2025
C-2234,O-4070,11/28/2025,97.38,Beauty,Face Wash,10/13/2024
C-0536,O-4232,11/28/2025,448.85,Electronics,Laptop Stand,02/09/2025
C-0695,O-5171,11/28/2025,98.22,Beauty,Vitamin C Serum,10/25/2025
C-0650,O-6044,11/28/2025,100.5,Home & Kitchen,Spice Rack,10/14/2024
C-0367,O-6346,11/28/2025,144.28,Electronics,Mouse Pad,10/27/2024
C-0116,O-2195,11/29/2024,474.92,Electronics,Mouse Pad,11/25/2025
C-0085,O-2566,11/29/2024,171.65,Sports,Water Bottle,11/20/2024
C-0349,O-3661,11/29/2024,173.5,Home & Kitchen,Blender,06/02/2025
C-1650,O-4819,11/29/2024,87.7,Beauty,Vitamin C Serum,10/17/2024
C-0586,O-5458,11/29/2024,119.76,Electronics,HDMI Cable,07/30/2024
C-0080,O-6878,11/29/2024,275.41,Home & Kitchen,Insulated Flask,11/24/2025
C-0090,O-1189,11/29/2025,370.0,Electronics,Laptop Stand,07/06/2025
C-2414,O-1232,11/29/2025,51.95,Electronics,Mouse Pad,08/06/2025
C-1237,O-1835,11/29/2025,102.88,Beauty,Sheet Mask Pack,12/25/2024
C-2131,O-2225,11/29/2025,408.57,Electronics,Mouse Pad,08/26/2025
C-0472,O-3660,11/29/2025,96.72,Home & Kitchen,Bamboo Cutting Board,10/21/2025
C-2440,O-3976,11/29/2025,72.8,Beauty,Eye Cream,11/14/2025
C-0793,O-4507,11/29/2025,67.53,Beauty,Sunscreen SPF50,11/23/2025
C-1283,O-4594,11/29/2025,232.5,Home & Kitchen,Non-Stick Pan Set,09/22/2025
C-1659,O-4875,11/29/2025,49.88,Beauty,Perfume Roll-On,10/08/2024
C-1889,O-5193,11/29/2025,257.99,Home & Kitchen,Coffee Maker,03/25/2025
C-1492,O-5447,11/29/2025,172.57,Clothing,Running Shorts,01/01/2025
C-0926,O-5966,11/29/2025,170.09,Clothing,Casual Hoodie,10/08/2024
C-2198,O-1670,11/30/2024,279.32,Home & Kitchen,LED Desk Lamp,10/09/2024
C-2424,O-1705,11/30/2024,116.09,Sports,Yoga Mat,10/29/2024
C-1856,O-3441,11/30/2024,66.52,Clothing,Cargo Pants,04/06/2025
C-0014,O-3611,11/30/2024,196.75,Sports,Gym Bag,02/24/2025
C-0811,O-5336,11/30/2024,63.23,Clothing,Denim Jacket,04/16/2025
C-1007,O-5536,11/30/2024,39.01,Beauty,Sunscreen SPF50,04/09/2025
C-0930,O-6252,11/30/2024,213.61,Sports,Foam Roller,08/04/2024
C-1064,O-6377,11/30/2024,426.38,Electronics,HDMI Cable,09/14/2024
C-2186,O-6462,11/30/2024,122.71,Beauty,Sheet Mask Pack,09/17/2024
C-0991,O-1789,11/30/2025,250.39,Home & Kitchen,Coffee Maker,10/10/2024
C-0101,O-2601,11/30/2025,186.32,Clothing,Cotton T-Shirt,07/30/2025
C-0814,O-2824,11/30/2025,72.57,Clothing,Cotton T-Shirt,11/30/2024
C-2485,O-3712,11/30/2025,253.08,Electronics,Webcam,03/27/2025
C-1391,O-4416,11/30/2025,35.18,Beauty,Sunscreen SPF50,10/10/2024
C-0342,O-4482,11/30/2025,178.41,Clothing,Denim Jacket,06/24/2025
C-0412,O-4762,11/30/2025,52.49,Clothing,Cotton T-Shirt,02/16/2025
C-1075,O-5403,11/30/2025,149.09,Beauty,Sunscreen SPF50,11/30/2025
C-1737,O-5774,11/30/2025,449.9,Electronics,Bluetooth Speaker,07/18/2024
C-0313,O-5969,11/30/2025,63.87,Home & Kitchen,Non-Stick Pan Set,08/12/2024
C-0560,O-6214,11/30/2025,147.35,Clothing,Polo Shirt,12/01/2025
C-2314,O-1472,12/01/2024,43.34,Clothing,Casual Hoodie,08/23/2025
C-1373,O-1531,12/01/2024,130.49,Electronics,USB-C Hub,09/21/2025
C-1706,O-2404,12/01/2024,114.1,Beauty,Body Lotion,10/05/2025
C-0134,O-2696,12/01/2024,191.71,Clothing,Denim Jacket,09/19/2024
C-0425,O-3914,12/01/2024,34.66,Beauty,Face Wash,08/14/2025
C-0766,O-4196,12/01/2024,188.47,Electronics,Webcam,10/17/2025
C-1019,O-5082,12/01/2024,60.86,Electronics,HDMI Cable,09/09/2024
C-2074,O-5941,12/01/2024,375.06,Electronics,Portable Charger,05/12/2025
C-0325,O-6234,12/01/2024,176.65,Sports,Jump Rope,12/14/2024
C-1069,O-1866,12/01/2025,320.95,Electronics,Mechanical Keyboard,11/07/2024
C-0511,O-2272,12/01/2025,46.75,Clothing,Track Pants,02/02/2025
C-1689,O-3243,12/01/2025,142.29,Home & Kitchen,LED Desk Lamp,07/09/2024
C-2245,O-3476,12/01/2025,469.83,Electronics,USB-C Hub,10/04/2024
C-1329,O-3847,12/01/2025,114.7,Clothing,Polo Shirt,10/12/2024
C-1503,O-5174,12/01/2025,239.11,Electronics,Mouse Pad,09/28/2025
C-1056,O-5182,12/01/2025,151.92,Clothing,Linen Shirt,08/01/2024
C-2043,O-5291,12/01/2025,122.64,Home & Kitchen,Coffee Maker,06/04/2025
C-1097,O-5704,12/01/2025,302.7,Electronics,Portable Charger,10/02/2024
C-0749,O-6232,12/01/2025,58.72,Electronics,Wireless Earbuds,05/25/2025
C-2424,O-1629,12/02/2024,247.16,Home & Kitchen,Insulated Flask,10/29/2024
C-2033,O-1727,12/02/2024,143.29,Beauty,Perfume Roll-On,11/25/2024
C-2013,O-1896,12/02/2024,39.64,Home & Kitchen,Spice Rack,05/04/2025
C-0811,O-3201,12/02/2024,60.45,Clothing,Polo Shirt,04/16/2025
C-0199,O-3906,12/02/2024,81.99,Home & Kitchen,Coffee Maker,03/13/2025
C-1483,O-1687,12/02/2025,174.39,Electronics,Webcam,01/08/2025
C-0960,O-2847,12/02/2025,398.33,Electronics,Mechanical Keyboard,10/09/2025
C-0728,O-3132,12/02/2025,63.65,Electronics,Mouse Pad,09/16/2025
C-1028,O-3804,12/02/2025,88.57,Sports,Jump Rope,11/11/2024
C-0357,O-4305,12/02/2025,101.87,Clothing,Cotton T-Shirt,10/27/2024
C-1044,O-4419,12/02/2025,285.47,Home & Kitchen,Air Purifier,10/25/2024
C-2297,O-5828,12/02/2025,427.63,Electronics,Smart Watch Band,04/25/2025
C-1122,O-1508,12/03/2024,28.42,Beauty,Sunscreen SPF50,10/26/2024
C-2400,O-3064,12/03/2024,352.51,Electronics,USB-C Hub,01/27/2025
C-0379,O-3502,12/03/2024,128.38,Sports,Yoga Mat,05/18/2025
C-1172,O-5534,12/03/2024,30.93,Home & Kitchen,LED Desk Lamp,08/16/2024
C-0567,O-5568,12/03/2024,451.1,Electronics,Wireless Earbuds,07/06/2025
C-1626,O-5631,12/03/2024,108.23,Clothing,Cotton T-Shirt,11/22/2025
C-0516,O-5999,12/03/2024,122.86,Home & Kitchen,Spice Rack,04/11/2025
C-1868,O-6195,12/03/2024,144.54,Electronics,Smart Watch Band,12/27/2024
C-1882,O-6792,12/03/2024,390.16,Electronics,Mechanical Keyboard,07/28/2025
C-0564,O-6834,12/03/2024,191.95,Clothing,Running Shorts,11/14/2025
C-1560,O-1493,12/03/2025,227.89,Sports,Resistance Bands,09/05/2024
C-1737,O-2301,12/03/2025,130.32,Sports,Jump Rope,07/18/2024
C-2375,O-2721,12/03/2025,49.94,Beauty,Sheet Mask Pack,08/15/2024
C-0848,O-2727,12/03/2025,93.77,Beauty,Moisturizer,03/29/2025
C-2335,O-3116,12/03/2025,196.25,Sports,Jump Rope,12/18/2024
C-1777,O-3150,12/03/2025,109.12,Clothing,Running Shorts,03/28/2025
C-1255,O-4270,12/03/2025,133.41,Electronics,Laptop Stand,09/14/2024
C-0662,O-4315,12/03/2025,389.47,Electronics,Bluetooth Speaker,09/05/2024
C-2215,O-4487,12/03/2025,121.07,Home & Kitchen,LED Desk Lamp,09/26/2024
C-0229,O-5871,12/03/2025,108.68,Sports,Jump Rope,05/18/2025
C-2198,O-1035,12/04/2024,85.56,Electronics,Portable Charger,10/09/2024
C-1944,O-1193,12/04/2024,185.5,Electronics,Wireless Earbuds,09/13/2024
C-1253,O-1289,12/04/2024,247.12,Home & Kitchen,Insulated Flask,08/27/2024
C-1340,O-1810,12/04/2024,32.82,Clothing,Linen Shirt,08/25/2025
C-0681,O-1936,12/04/2024,290.06,Home & Kitchen,Spice Rack,08/31/2024
C-2142,O-1995,12/04/2024,495.96,Electronics,Portable Charger,11/30/2024
C-0048,O-2484,12/04/2024,464.27,Electronics,HDMI Cable,04/23/2025
C-1555,O-3567,12/04/2024,196.54,Clothing,Cargo Pants,12/24/2024
C-1614,O-4245,12/04/2024,411.88,Electronics,HDMI Cable,12/20/2024
C-1550,O-4747,12/04/2024,39.98,Sports,Jump Rope,01/21/2025
C-0420,O-5282,12/04/2024,215.69,Sports,Gym Bag,10/10/2025
C-1472,O-5482,12/04/2024,94.39,Clothing,Track Pants,07/01/2025
C-0172,O-6723,12/04/2024,68.72,Clothing,Wool Scarf,10/28/2025
C-2004,O-2262,12/04/2025,307.84,Electronics,Smart Watch Band,04/23/2025
C-2415,O-2717,12/04/2025,317.1,Electronics,Wireless Earbuds,10/25/2024
C-1508,O-3302,12/04/2025,65.61,Beauty,Vitamin C Serum,09/19/2025
C-0102,O-3472,12/04/2025,217.07,Electronics,HDMI Cable,07/26/2025
C-1345,O-3489,12/04/2025,24.49,Clothing,Cargo Pants,10/03/2025
C-1140,O-4626,12/04/2025,176.17,Clothing,Formal Shirt,08/01/2024
C-1741,O-4968,12/04/2025,228.36,Electronics,Wireless Earbuds,08/31/2025
C-1451,O-5076,12/04/2025,295.07,Electronics,Laptop Stand,12/27/2024
C-2431,O-5600,12/04/2025,224.55,Electronics,USB-C Hub,08/02/2025
C-0296,O-1270,12/05/2024,67.05,Electronics,Laptop Stand,08/15/2024
C-0719,O-1737,12/05/2024,68.52,Electronics,Bluetooth Speaker,10/23/2025
C-0011,O-1762,12/05/2024,105.88,Electronics,Mouse Pad,07/31/2024
C-0407,O-1960,12/05/2024,250.27,Home & Kitchen,Insulated Flask,04/17/2025
C-1720,O-2283,12/05/2024,85.1,Clothing,Cargo Pants,08/16/2024
C-1771,O-3496,12/05/2024,76.75,Clothing,Cotton T-Shirt,07/21/2025
C-1769,O-3636,12/05/2024,155.28,Home & Kitchen,Air Purifier,05/29/2025
C-2319,O-4317,12/05/2024,74.13,Home & Kitchen,Air Purifier,03/16/2025
C-2324,O-4442,12/05/2024,448.62,Electronics,Bluetooth Speaker,10/03/2025
C-2205,O-4455,12/05/2024,68.4,Beauty,Perfume Roll-On,07/31/2024
C-1822,O-5202,12/05/2024,72.81,Electronics,Bluetooth Speaker,10/11/2024
C-0893,O-5840,12/05/2024,399.74,Electronics,Laptop Stand,10/20/2025
C-1072,O-6274,12/05/2024,114.9,Sports,Water Bottle,07/26/2025
C-0998,O-6430,12/05/2024,87.48,Beauty,Sheet Mask Pack,09/28/2025
C-0424,O-6581,12/05/2024,457.86,Electronics,USB-C Hub,11/19/2025
C-1345,O-6707,12/05/2024,351.43,Electronics,Bluetooth Speaker,10/03/2025
C-0970,O-6769,12/05/2024,16.51,Clothing,Cargo Pants,02/12/2025
C-0852,O-6950,12/05/2024,185.94,Clothing,Formal Shirt,06/02/2025
C-0343,O-6993,12/05/2024,67.73,Sports,Water Bottle,05/09/2025
C-0138,O-1347,12/05/2025,128.81,Clothing,Casual Hoodie,11/06/2024
C-0246,O-3379,12/05/2025,83.44,Beauty,Sunscreen SPF50,09/03/2025
C-1384,O-3849,12/05/2025,115.15,Clothing,Formal Shirt,02/27/2025
C-1115,O-5027,12/05/2025,121.88,Home & Kitchen,Coffee Maker,02/03/2025
C-0518,O-5471,12/05/2025,140.18,Beauty,Sunscreen SPF50,03/16/2025
C-0103,O-6166,12/05/2025,110.16,Clothing,Formal Shirt,10/23/2025
C-0953,O-6310,12/05/2025,141.79,Beauty,Moisturizer,08/11/2025
C-0388,O-6928,12/05/2025,167.49,Clothing,Linen Shirt,01/13/2025
C-1911,O-1256,12/06/2024,318.6,Electronics,Laptop Stand,10/26/2025
C-1622,O-3294,12/06/2024,248.95,Home & Kitchen,Coffee Maker,03/29/2025
C-1938,O-3740,12/06/2024,99.58,Clothing,Denim Jacket,05/12/2025
C-1553,O-3872,12/06/2024,55.56,Beauty,Moisturizer,09/14/2024
C-0707,O-3878,12/06/2024,275.15,Home & Kitchen,Blender,10/26/2024
C-2417,O-5037,12/06/2024,242.56,Home & Kitchen,Blender,06/26/2025
C-0489,O-6251,12/06/2024,59.74,Home & Kitchen,Insulated Flask,04/06/2025
C-1131,O-1463,12/06/2025,67.55,Home & Kitchen,Blender,05/13/2025
C-0421,O-2380,12/06/2025,29.86,Beauty,Sheet Mask Pack,08/29/2025
C-0139,O-2507,12/06/2025,182.06,Electronics,Mechanical Keyboard,11/09/2024
C-0498,O-2596,12/06/2025,217.93,Home & Kitchen,Non-Stick Pan Set,11/08/2024
C-1595,O-2917,12/06/2025,74.09,Beauty,Vitamin C Serum,11/27/2025
C-1135,O-3409,12/06/2025,98.07,Home & Kitchen,LED Desk Lamp,01/02/2025
C-0370,O-3873,12/06/2025,63.54,Beauty,Body Lotion,03/18/2025
C-1856,O-3997,12/06/2025,97.13,Clothing,Denim Jacket,04/06/2025
C-1990,O-4467,12/06/2025,197.67,Sports,Sports Towel,09/07/2024
C-1808,O-5549,12/06/2025,44.55,Clothing,Cargo Pants,04/04/2025
C-1211,O-5803,12/06/2025,228.55,Electronics,Smart Watch Band,10/15/2025
C-1673,O-5952,12/06/2025,66.92,Clothing,Cotton T-Shirt,05/12/2025
C-0833,O-1036,12/07/2024,186.27,Home & Kitchen,Knife Set,11/20/2025
C-1532,O-1484,12/07/2024,25.73,Beauty,Sunscreen SPF50,11/18/2024
C-1973,O-1559,12/07/2024,271.38,Home & Kitchen,Storage Containers,05/02/2025
C-2104,O-2293,12/07/2024,129.17,Home & Kitchen,Air Purifier,10/15/2025
C-0517,O-2324,12/07/2024,156.97,Clothing,Cotton T-Shirt,09/05/2025
C-2308,O-3200,12/07/2024,240.01,Home & Kitchen,Blender,07/28/2024
C-0176,O-3854,12/07/2024,99.48,Beauty,Hair Oil,01/11/2025
C-0511,O-4309,12/07/2024,134.29,Clothing,Wool Scarf,02/02/2025
C-0223,O-5002,12/07/2024,22.87,Clothing,Formal Shirt,12/06/2024
C-1109,O-5863,12/07/2024,68.27,Home & Kitchen,Non-Stick Pan Set,09/07/2025
C-0164,O-6667,12/07/2024,169.11,Electronics,Mechanical Keyboard,08/02/2024
C-0994,O-2591,12/07/2025,115.5,Clothing,Linen Shirt,04/13/2025
C-2472,O-3307,12/07/2025,35.88,Beauty,Lip Balm Set,10/24/2024
C-0492,O-3833,12/07/2025,139.68,Beauty,Sunscreen SPF50,07/30/2024
C-0113,O-4776,12/07/2025,261.49,Electronics,Smart Watch Band,10/08/2025
C-1080,O-5260,12/07/2025,112.15,Clothing,Casual Hoodie,09/14/2025
C-1235,O-5492,12/07/2025,173.26,Electronics,Wireless Earbuds,03/20/2025
C-0626,O-6364,12/07/2025,123.79,Home & Kitchen,LED Desk Lamp,01/14/2025
C-2298,O-6547,12/07/2025,116.03,Clothing,Denim Jacket,11/15/2025
C-1779,O-1117,12/08/2024,142.5,Electronics,Laptop Stand,01/13/2025
C-1209,O-1701,12/08/2024,136.78,Beauty,Eye Cream,05/29/2025
C-2341,O-2098,12/08/2024,78.54,Sports,Gym Bag,07/11/2024
C-1340,O-2733,12/08/2024,98.89,Clothing,Formal Shirt,08/25/2025
C-2435,O-2794,12/08/2024,447.5,Electronics,HDMI Cable,09/07/2025
C-1841,O-2910,12/08/2024,112.01,Sports,Jump Rope,08/11/2025
C-1565,O-3283,12/08/2024,54.63,Home & Kitchen,Insulated Flask,07/06/2025
C-1545,O-4192,12/08/2024,55.32,Clothing,Cotton T-Shirt,03/24/2025
C-0920,O-4452,12/08/2024,129.55,Electronics,Bluetooth Speaker,02/21/2025
C-0945,O-5508,12/08/2024,113.35,Clothing,Formal Shirt,11/06/2025
C-0949,O-6390,12/08/2024,97.31,Clothing,Denim Jacket,10/23/2025
C-2392,O-6565,12/08/2024,371.97,Electronics,Webcam,08/10/2025
C-2047,O-3782,12/08/2025,83.83,Electronics,USB-C Hub,10/03/2024
C-2109,O-4254,12/08/2025,171.8,Home & Kitchen,Non-Stick Pan Set,11/13/2025
C-0912,O-4715,12/08/2025,194.11,Clothing,Formal Shirt,04/29/2025
C-0104,O-6126,12/08/2025,131.66,Electronics,Laptop Stand,03/15/2025
C-1757,O-6140,12/08/2025,114.36,Clothing,Denim Jacket,09/25/2025
C-1989,O-6327,12/08/2025,33.16,Clothing,Track Pants,01/28/2025
C-0020,O-6820,12/08/2025,163.88,Electronics,Portable Charger,10/03/2025
C-2314,O-1505,12/09/2024,113.6,Clothing,Track Pants,08/23/2025
C-1669,O-4387,12/09/2024,27.7,Sports,Jump Rope,12/11/2024
C-1511,O-4444,12/09/2024,102.66,Electronics,Portable Charger,09/15/2024
C-1813,O-5502,12/09/2024,478.08,Electronics,Portable Charger,03/06/2025
C-0298,O-6600,12/09/2024,240.38,Home & Kitchen,Knife Set,06/07/2025
C-1096,O-1001,12/09/2025,51.19,Sports,Resistance Bands,09/07/2024
C-0680,O-1301,12/09/2025,130.62,Electronics,USB-C Hub,05/09/2025
C-0315,O-1770,12/09/2025,394.11,Electronics,USB-C Hub,07/09/2025
C-0547,O-2306,12/09/2025,93.2,Clothing,Cotton T-Shirt,07/20/2025
C-1242,O-2888,12/09/2025,215.92,Home & Kitchen,LED Desk Lamp,10/19/2025
C-1525,O-3896,12/09/2025,132.92,Clothing,Casual Hoodie,08/03/2024
C-1062,O-4449,12/09/2025,202.84,Electronics,HDMI Cable,11/15/2025
C-0659,O-4470,12/09/2025,227.22,Home & Kitchen,Coffee Maker,03/16/2025
C-1753,O-4680,12/09/2025,83.82,Home & Kitchen,Air Purifier,08/02/2024
C-0263,O-5515,12/09/2025,291.7,Home & Kitchen,Insulated Flask,02/04/2025
C-1233,O-5912,12/09/2025,164.71,Sports,Resistance Bands,10/14/2024
C-0691,O-1179,12/10/2024,38.94,Clothing,Denim Jacket,12/08/2024
C-0999,O-1593,12/10/2024,35.19,Sports,Running Armband,09/29/2025
C-1945,O-2129,12/10/2024,186.56,Home & Kitchen,Bamboo Cutting Board,08/16/2024
C-0121,O-2619,12/10/2024,274.75,Electronics,Bluetooth Speaker,12/04/2024
C-1838,O-3295,12/10/2024,152.33,Electronics,Portable Charger,09/01/2025
C-1070,O-3931,12/10/2024,41.06,Beauty,Moisturizer,04/08/2025
C-2340,O-4892,12/10/2024,273.16,Home & Kitchen,Storage Containers,10/17/2024
C-2276,O-4913,12/10/2024,53.88,Electronics,Laptop Stand,10/12/2025
C-0366,O-6072,12/10/2024,63.07,Clothing,Cargo Pants,09/20/2025
C-0844,O-6788,12/10/2024,172.59,Electronics,Webcam,08/24/2025
C-0225,O-1716,12/10/2025,224.23,Sports,Gym Bag,04/30/2025
C-0620,O-1955,12/10/2025,219.26,Home & Kitchen,Coffee Maker,10/08/2025
C-1249,O-2310,12/10/2025,140.96,Beauty,Moisturizer,10/24/2025
C-0899,O-3034,12/10/2025,151.5,Electronics,USB-C Hub,05/03/2025
C-0645,O-3509,12/10/2025,150.71,Electronics,Smart Watch Band,08/16/2024
C-0426,O-4072,12/10/2025,248.24,Electronics,Mechanical Keyboard,03/07/2025
C-2415,O-4704,12/10/2025,162.07,Electronics,Webcam,10/25/2024
C-1638,O-5039,12/10/2025,98.42,Clothing,Polo Shirt,08/30/2025
C-1141,O-6730,12/10/2025,230.19,Home & Kitchen,Bamboo Cutting Board,10/02/2024
C-0144,O-6886,12/10/2025,172.09,Electronics,HDMI Cable,02/02/2025
C-0241,O-1209,12/11/2024,267.2,Electronics,Smart Watch Band,08/18/2025
C-2070,O-1259,12/11/2024,89.63,Clothing,Track Pants,04/16/2025
C-1357,O-2922,12/11/2024,53.1,Electronics,Bluetooth Speaker,09/02/2025
C-0416,O-3208,12/11/2024,57.55,Sports,Jump Rope,08/17/2024
C-2327,O-3317,12/11/2024,146.89,Electronics,Laptop Stand,12/01/2025
C-2213,O-3338,12/11/2024,29.53,Beauty,Eye Cream,01/07/2025
C-1380,O-4398,12/11/2024,284.14,Electronics,USB-C Hub,08/24/2024
C-0857,O-4439,12/11/2024,190.45,Sports,Sports Towel,09/09/2024
C-0816,O-5595,12/11/2024,175.91,Clothing,Polo Shirt,11/08/2025
C-1143,O-6736,12/11/2024,105.32,Clothing,Cotton T-Shirt,07/21/2025
C-0403,O-1571,12/11/2025,81.43,Home & Kitchen,Air Purifier,02/04/2025
C-1023,O-1870,12/11/2025,257.91,Home & Kitchen,Air Purifier,06/02/2025
C-2369,O-3012,12/11/2025,104.16,Electronics,Webcam,10/08/2024
C-1020,O-3677,12/11/2025,287.74,Electronics,Webcam,01/29/2025
C-0268,O-4015,12/11/2025,317.55,Electronics,Portable Charger,09/09/2024
C-0014,O-4696,12/11/2025,199.87,Clothing,Linen Shirt,02/24/2025
C-0912,O-5279,12/11/2025,168.53,Electronics,Portable Charger,04/29/2025
C-1652,O-5587,12/11/2025,84.82,Sports,Running Armband,03/05/2025
C-1910,O-6337,12/11/2025,481.74,Electronics,Wireless Earbuds,08/30/2025
C-0419,O-6370,12/11/2025,118.11,Beauty,Vitamin C Serum,09/13/2024
C-0697,O-6513,12/11/2025,183.07,Electronics,USB-C Hub,08/03/2024
C-2080,O-6541,12/11/2025,26.93,Home & Kitchen,LED Desk Lamp,10/24/2025
C-1538,O-1114,12/12/2024,284.0,Home & Kitchen,Storage Containers,10/25/2024
C-1210,O-1198,12/12/2024,459.66,Electronics,Mouse Pad,12/23/2024
C-0533,O-1255,12/12/2024,26.55,Home & Kitchen,Bamboo Cutting Board,11/07/2024
C-0214,O-1341,12/12/2024,163.81,Clothing,Cotton T-Shirt,12/16/2024
C-2453,O-1437,12/12/2024,252.22,Electronics,USB-C Hub,11/30/2025
C-0682,O-1736,12/12/2024,75.13,Home & Kitchen,Bamboo Cutting Board,10/10/2024
C-1847,O-2494,12/12/2024,456.64,Electronics,Wireless Earbuds,05/02/2025
C-0051,O-2868,12/12/2024,108.79,Clothing,Linen Shirt,10/12/2024
C-1078,O-3086,12/12/2024,341.73,Electronics,HDMI Cable,10/26/2024
C-1743,O-4042,12/12/2024,34.49,Beauty,Sunscreen SPF50,07/28/2024
C-0704,O-4660,12/12/2024,293.24,Electronics,Webcam,03/28/2025
C-2197,O-6333,12/12/2024,111.94,Clothing,Running Shorts,08/24/2024
C-2425,O-6351,12/12/2024,61.96,Beauty,Sunscreen SPF50,03/02/2025
C-0551,O-1380,12/12/2025,240.97,Home & Kitchen,Insulated Flask,03/06/2025
C-0982,O-1410,12/12/2025,123.06,Beauty,Eye Cream,10/08/2024
C-0224,O-1523,12/12/2025,210.88,Sports,Foam Roller,01/11/2025
C-1081,O-1895,12/12/2025,73.38,Clothing,Running Shorts,10/06/2025
C-1481,O-2049,12/12/2025,16.58,Beauty,Lip Balm Set,07/31/2025
C-1632,O-2866,12/12/2025,122.87,Beauty,Body Lotion,05/01/2025
C-2130,O-3038,12/12/2025,233.97,Home & Kitchen,Bamboo Cutting Board,07/07/2024
C-0054,O-3942,12/12/2025,251.49,Electronics,Laptop Stand,10/08/2025
C-1695,O-4018,12/12/2025,120.22,Beauty,Sunscreen SPF50,08/17/2025
C-0203,O-4897,12/12/2025,138.43,Beauty,Body Lotion,08/21/2024
C-1591,O-5109,12/12/2025,186.7,Clothing,Wool Scarf,11/09/2024
C-1022,O-5913,12/12/2025,92.24,Home & Kitchen,Blender,02/24/2025
C-2092,O-6032,12/12/2025,153.42,Clothing,Track Pants,04/29/2025
C-0731,O-1541,12/13/2024,206.75,Home & Kitchen,Blender,07/27/2024
C-1800,O-2318,12/13/2024,52.61,Electronics,Mechanical Keyboard,04/21/2025
C-1211,O-2432,12/13/2024,213.5,Electronics,Smart Watch Band,10/15/2025
C-0056,O-2783,12/13/2024,45.75,Clothing,Denim Jacket,12/14/2024
C-0287,O-3888,12/13/2024,350.02,Electronics,Webcam,01/25/2025
C-1074,O-4034,12/13/2024,191.64,Electronics,Portable Charger,10/08/2025
C-1411,O-4210,12/13/2024,52.75,Electronics,HDMI Cable,05/05/2025
C-0806,O-4473,12/13/2024,174.59,Home & Kitchen,LED Desk Lamp,04/09/2025
C-0371,O-4880,12/13/2024,72.21,Beauty,Moisturizer,08/15/2024
C-0018,O-5428,12/13/2024,147.8,Sports,Swimming Goggles,09/03/2025
C-0743,O-5692,12/13/2024,233.63,Electronics,Webcam,11/16/2025
C-1510,O-2125,12/13/2025,436.87,Electronics,Laptop Stand,08/28/2024
C-1660,O-3792,12/13/2025,130.41,Beauty,Vitamin C Serum,08/21/2024
C-0632,O-4298,12/13/2025,136.91,Beauty,Vitamin C Serum,11/08/2025
C-2063,O-6678,12/13/2025,187.16,Home & Kitchen,Spice Rack,10/29/2024
C-0924,O-1112,12/14/2024,69.56,Clothing,Cotton T-Shirt,03/14/2025
C-1837,O-1740,12/14/2024,278.12,Home & Kitchen,Coffee Maker,12/27/2024
C-1064,O-1767,12/14/2024,112.91,Home & Kitchen,Air Purifier,09/14/2024
C-1708,O-1990,12/14/2024,268.14,Electronics,USB-C Hub,10/30/2024
C-2287,O-2575,12/14/2024,26.95,Clothing,Formal Shirt,09/14/2025
C-1066,O-2674,12/14/2024,191.5,Sports,Foam Roller,05/26/2025
C-0449,O-3024,12/14/2024,187.73,Electronics,Webcam,03/11/2025
C-2061,O-4132,12/14/2024,95.46,Sports,Sports Towel,02/02/2025
C-1953,O-4223,12/14/2024,298.04,Electronics,USB-C Hub,04/20/2025
C-1552,O-4569,12/14/2024,186.93,Home & Kitchen,Knife Set,11/16/2024
C-0695,O-4917,12/14/2024,89.24,Electronics,Portable Charger,10/25/2025
C-1007,O-1520,12/14/2025,178.37,Home & Kitchen,Non-Stick Pan Set,04/09/2025
C-2290,O-1988,12/14/2025,91.8,Beauty,Face Wash,05/25/2025
C-1534,O-2477,12/14/2025,54.45,Beauty,Eye Cream,08/12/2025
C-1521,O-2789,12/14/2025,152.29,Home & Kitchen,Spice Rack,02/27/2025
C-0716,O-3023,12/14/2025,103.97,Sports,Jump Rope,04/22/2025
C-1552,O-3595,12/14/2025,207.36,Home & Kitchen,Spice Rack,11/16/2024
C-2052,O-3689,12/14/2025,199.2,Electronics,Portable Charger,08/10/2024
C-2287,O-3891,12/14/2025,62.64,Electronics,USB-C Hub,09/14/2025
C-0357,O-4962,12/14/2025,153.11,Clothing,Track Pants,10/27/2024
C-1895,O-6265,12/14/2025,195.28,Clothing,Linen Shirt,05/11/2025
C-2392,O-6410,12/14/2025,94.39,Home & Kitchen,Storage Containers,08/10/2025
C-0406,O-1382,12/15/2024,264.44,Electronics,Portable Charger,09/25/2024
C-1936,O-3331,12/15/2024,149.35,Clothing,Wool Scarf,08/29/2024
C-0129,O-4514,12/15/2024,22.23,Clothing,Polo Shirt,07/07/2025
C-0494,O-5060,12/15/2024,136.48,Clothing,Denim Jacket,06/10/2025
C-1447,O-5543,12/15/2024,105.53,Home & Kitchen,Knife Set,11/14/2024
C-1255,O-6282,12/15/2024,336.82,Electronics,HDMI Cable,09/14/2024
C-2051,O-6755,12/15/2024,65.21,Beauty,Sunscreen SPF50,07/22/2025
C-2256,O-6876,12/15/2024,77.63,Beauty,Sheet Mask Pack,12/21/2024
C-0414,O-1194,12/15/2025,365.33,Electronics,Smart Watch Band,11/28/2024
C-0483,O-1333,12/15/2025,359.5,Electronics,Webcam,05/02/2025
C-0452,O-1795,12/15/2025,367.13,Electronics,Laptop Stand,03/02/2025
C-0314,O-1811,12/15/2025,38.27,Beauty,Body Lotion,05/12/2025
C-0517,O-1976,12/15/2025,69.16,Sports,Dumbbell Set,09/05/2025
C-1367,O-2056,12/15/2025,118.6,Beauty,Sunscreen SPF50,04/18/2025
C-1539,O-2213,12/15/2025,234.39,Sports,Dumbbell Set,07/27/2024
C-0518,O-2238,12/15/2025,86.09,Home & Kitchen,Blender,03/16/2025
C-0169,O-2572,12/15/2025,58.81,Home & Kitchen,Blender,11/10/2025
C-0496,O-2600,12/15/2025,96.62,Electronics,Webcam,12/17/2024
C-2416,O-3487,12/15/2025,239.03,Home & Kitchen,Blender,06/22/2025
C-1311,O-5239,12/15/2025,122.84,Beauty,Perfume Roll-On,06/02/2025
C-0576,O-5567,12/15/2025,35.87,Clothing,Cotton T-Shirt,04/01/2025
C-1098,O-6123,12/15/2025,181.83,Sports,Water Bottle,09/26/2024
C-0653,O-6907,12/15/2025,452.84,Electronics,USB-C Hub,10/24/2025
C-0433,O-1067,12/16/2024,90.2,Clothing,Wool Scarf,10/19/2025
C-0188,O-1228,12/16/2024,34.79,Clothing,Cargo Pants,06/13/2025
C-1516,O-1679,12/16/2024,22.53,Clothing,Linen Shirt,11/24/2024
C-1733,O-2541,12/16/2024,203.31,Home & Kitchen,Blender,06/10/2025
C-2255,O-3341,12/16/2024,159.52,Home & Kitchen,Insulated Flask,07/25/2025
C-1853,O-3630,12/16/2024,491.32,Electronics,Bluetooth Speaker,11/15/2024
C-0840,O-3773,12/16/2024,190.8,Home & Kitchen,Coffee Maker,10/11/2024
C-0251,O-5607,12/16/2024,83.56,Clothing,Track Pants,03/02/2025
C-1270,O-6120,12/16/2024,195.48,Clothing,Formal Shirt,05/26/2025
C-1488,O-1392,12/16/2025,58.48,Sports,Running Armband,09/23/2024
C-0385,O-1423,12/16/2025,155.03,Home & Kitchen,LED Desk Lamp,08/17/2025
C-2252,O-1425,12/16/2025,337.33,Electronics,Mouse Pad,09/25/2024
C-0163,O-2173,12/16/2025,100.73,Beauty,Sheet Mask Pack,09/08/2024
C-0394,O-3562,12/16/2025,188.04,Home & Kitchen,Coffee Maker,07/01/2024
C-1285,O-4461,12/16/2025,132.99,Clothing,Cargo Pants,12/10/2024
C-1131,O-5443,12/16/2025,93.79,Clothing,Wool Scarf,05/13/2025
C-1546,O-5768,12/16/2025,299.73,Electronics,Mouse Pad,09/30/2025
C-1682,O-6724,12/16/2025,294.8,Home & Kitchen,LED Desk Lamp,06/27/2025
C-0021,O-6970,12/16/2025,115.78,Home & Kitchen,LED Desk Lamp,04/11/2025
C-0308,O-2352,12/17/2024,86.07,Clothing,Track Pants,08/06/2024
C-0235,O-4905,12/17/2024,138.12,Clothing,Track Pants,08/28/2024
C-1058,O-5153,12/17/2024,130.06,Clothing,Casual Hoodie,11/03/2025
C-0552,O-6142,12/17/2024,167.47,Electronics,Bluetooth Speaker,10/13/2024
C-1057,O-6647,12/17/2024,232.01,Electronics,Bluetooth Speaker,09/01/2024
C-0217,O-2007,12/17/2025,276.19,Electronics,Mouse Pad,08/04/2025
C-0577,O-4145,12/17/2025,117.74,Clothing,Linen Shirt,05/27/2025
C-2184,O-4371,12/17/2025,52.43,Home & Kitchen,Bamboo Cutting Board,11/25/2024
C-1678,O-4576,12/17/2025,46.49,Clothing,Formal Shirt,11/30/2025
C-0783,O-5584,12/17/2025,100.47,Home & Kitchen,Coffee Maker,12/10/2024
C-0270,O-6280,12/17/2025,408.73,Electronics,Smart Watch Band,07/14/2025
C-2257,O-6702,12/17/2025,84.21,Electronics,USB-C Hub,11/20/2024
C-1062,O-1041,12/18/2024,150.59,Clothing,Formal Shirt,11/15/2025
C-2322,O-1045,12/18/2024,158.07,Clothing,Formal Shirt,07/22/2025
C-0448,O-2209,12/18/2024,219.98,Electronics,Bluetooth Speaker,03/23/2025
C-2237,O-2461,12/18/2024,120.72,Home & Kitchen,LED Desk Lamp,01/08/2025
C-0285,O-2556,12/18/2024,113.83,Electronics,Mouse Pad,02/01/2025
C-2396,O-2902,12/18/2024,143.67,Home & Kitchen,Blender,09/13/2025
C-2478,O-4512,12/18/2024,246.71,Home & Kitchen,Storage Containers,02/09/2025
C-0093,O-4591,12/18/2024,75.52,Beauty,Body Lotion,11/18/2025
C-0917,O-5611,12/18/2024,127.9,Sports,Foam Roller,08/20/2024
C-0692,O-6285,12/18/2024,152.22,Clothing,Running Shorts,07/03/2024
C-2489,O-6825,12/18/2024,159.8,Clothing,Cotton T-Shirt,10/29/2024
C-0051,O-1137,12/18/2025,68.02,Beauty,Sunscreen SPF50,10/12/2024
C-1078,O-1197,12/18/2025,181.79,Sports,Gym Bag,10/26/2024
C-2239,O-1488,12/18/2025,77.62,Beauty,Perfume Roll-On,10/03/2025
C-1282,O-2275,12/18/2025,159.42,Sports,Gym Bag,03/11/2025
C-1745,O-2465,12/18/2025,46.08,Sports,Gym Bag,03/29/2025
C-1111,O-2787,12/18/2025,119.3,Clothing,Wool Scarf,04/21/2025
C-0921,O-3070,12/18/2025,481.88,Electronics,Smart Watch Band,06/26/2025
C-2349,O-3081,12/18/2025,415.92,Electronics,Mechanical Keyboard,10/18/2025
C-0419,O-3291,12/18/2025,91.34,Electronics,Webcam,09/13/2024
C-2320,O-4338,12/18/2025,45.52,Clothing,Denim Jacket,12/05/2024
C-0655,O-4586,12/18/2025,44.11,Sports,Swimming Goggles,09/25/2025
C-2118,O-4826,12/18/2025,176.27,Sports,Sports Towel,02/22/2025
C-1591,O-4938,12/18/2025,180.44,Clothing,Cargo Pants,11/09/2024
C-2212,O-5265,12/18/2025,165.45,Home & Kitchen,Coffee Maker,09/16/2025
C-0742,O-5686,12/18/2025,212.11,Sports,Swimming Goggles,09/20/2025
C-1585,O-5780,12/18/2025,150.02,Electronics,Mechanical Keyboard,11/06/2024
C-2292,O-5888,12/18/2025,95.23,Beauty,Hair Oil,11/03/2025
C-0511,O-5892,12/18/2025,392.91,Electronics,Wireless Earbuds,02/02/2025
C-0238,O-5974,12/18/2025,184.58,Clothing,Denim Jacket,09/09/2024
C-0702,O-6703,12/18/2025,144.02,Home & Kitchen,Knife Set,09/11/2024
C-0594,O-1388,12/19/2024,141.0,Home & Kitchen,Insulated Flask,06/14/2025
C-2453,O-1771,12/19/2024,252.38,Home & Kitchen,Insulated Flask,11/30/2025
C-1185,O-2026,12/19/2024,172.99,Electronics,Mouse Pad,07/08/2024
C-0688,O-2157,12/19/2024,98.46,Electronics,HDMI Cable,03/03/2025
C-1277,O-4205,12/19/2024,191.35,Clothing,Casual Hoodie,06/17/2025
C-1927,O-4217,12/19/2024,129.97,Home & Kitchen,Coffee Maker,01/27/2025
C-1544,O-4250,12/19/2024,171.6,Clothing,Running Shorts,03/26/2025
C-0643,O-5126,12/19/2024,66.09,Home & Kitchen,Insulated Flask,11/07/2024
C-1600,O-5259,12/19/2024,53.87,Clothing,Track Pants,12/16/2024
C-2200,O-5909,12/19/2024,27.41,Beauty,Body Lotion,02/23/2025
C-1043,O-6646,12/19/2024,137.67,Clothing,Cargo Pants,09/05/2025
C-0908,O-6944,12/19/2024,136.51,Clothing,Cargo Pants,02/28/2025
C-2443,O-1186,12/19/2025,78.41,Clothing,Running Shorts,01/08/2025
C-0778,O-1441,12/19/2025,67.39,Home & Kitchen,Storage Containers,09/22/2025
C-0350,O-1529,12/19/2025,193.32,Home & Kitchen,Storage Containers,04/12/2025
C-0691,O-2305,12/19/2025,37.28,Sports,Jump Rope,12/08/2024
C-1232,O-2849,12/19/2025,388.33,Electronics,Smart Watch Band,02/27/2025
C-1000,O-2883,12/19/2025,46.05,Home & Kitchen,Non-Stick Pan Set,02/27/2025
C-0050,O-2946,12/19/2025,60.9,Beauty,Lip Balm Set,02/24/2025
C-0386,O-3126,12/19/2025,77.41,Electronics,Smart Watch Band,04/29/2025
C-0799,O-3279,12/19/2025,44.75,Beauty,Face Wash,03/07/2025
C-0524,O-3704,12/19/2025,178.33,Sports,Water Bottle,02/15/2025
C-0500,O-3843,12/19/2025,126.94,Clothing,Cotton T-Shirt,08/08/2025
C-0881,O-5899,12/19/2025,96.18,Electronics,Mouse Pad,12/27/2024
C-2445,O-1000,12/20/2024,68.53,Clothing,Formal Shirt,10/05/2025
C-1755,O-1290,12/20/2024,403.55,Electronics,Webcam,01/12/2025
C-0740,O-1901,12/20/2024,179.89,Home & Kitchen,Bamboo Cutting Board,04/11/2025
C-1547,O-3430,12/20/2024,40.51,Beauty,Lip Balm Set,02/05/2025
C-0086,O-4472,12/20/2024,26.48,Home & Kitchen,Non-Stick Pan Set,03/10/2025
C-0901,O-5241,12/20/2024,27.16,Sports,Running Armband,03/14/2025
C-0051,O-1213,12/20/2025,111.33,Beauty,Eye Cream,10/12/2024
C-2343,O-1518,12/20/2025,168.18,Home & Kitchen,Non-Stick Pan Set,03/22/2025
C-1695,O-1546,12/20/2025,325.42,Electronics,Webcam,08/17/2025
C-2138,O-1851,12/20/2025,157.13,Electronics,Bluetooth Speaker,09/14/2025
C-2160,O-1919,12/20/2025,246.81,Electronics,Mouse Pad,07/24/2025
C-2174,O-3053,12/20/2025,213.2,Electronics,HDMI Cable,10/30/2025
C-1950,O-3839,12/20/2025,251.3,Electronics,Mechanical Keyboard,09/09/2024
C-2130,O-3859,12/20/2025,186.27,Home & Kitchen,Knife Set,07/07/2024
C-0328,O-5140,12/20/2025,134.41,Home & Kitchen,Storage Containers,07/26/2024
C-0290,O-5159,12/20/2025,54.09,Electronics,Smart Watch Band,11/13/2025
C-0384,O-5278,12/20/2025,139.97,Clothing,Linen Shirt,05/31/2025
C-0571,O-5500,12/20/2025,66.71,Clothing,Cotton T-Shirt,12/28/2024
C-2137,O-6491,12/20/2025,336.5,Electronics,USB-C Hub,11/27/2025
C-2220,O-6679,12/20/2025,76.17,Clothing,Polo Shirt,04/01/2025
C-1249,O-1482,12/21/2024,208.96,Sports,Sports Towel,10/24/2025
C-1939,O-1625,12/21/2024,247.45,Home & Kitchen,Bamboo Cutting Board,07/23/2024
C-1669,O-2015,12/21/2024,131.66,Electronics,Laptop Stand,12/11/2024
C-1988,O-2942,12/21/2024,34.55,Beauty,Body Lotion,03/04/2025
C-2152,O-3028,12/21/2024,206.9,Electronics,Wireless Earbuds,10/14/2025
C-0519,O-3582,12/21/2024,90.61,Home & Kitchen,Storage Containers,09/22/2024
C-2194,O-5778,12/21/2024,47.16,Clothing,Casual Hoodie,09/19/2024
C-1302,O-1258,12/21/2025,284.27,Electronics,USB-C Hub,09/22/2024
C-0772,O-1776,12/21/2025,108.32,Beauty,Perfume Roll-On,09/26/2025
C-0895,O-4930,12/21/2025,27.84,Home & Kitchen,Insulated Flask,12/09/2024
C-2053,O-5194,12/21/2025,142.26,Electronics,USB-C Hub,09/13/2024
C-0866,O-5829,12/21/2025,100.76,Beauty,Eye Cream,12/18/2024
C-0651,O-6035,12/21/2025,227.25,Sports,Swimming Goggles,07/13/2024
C-1954,O-6560,12/21/2025,198.33,Clothing,Casual Hoodie,08/23/2025
C-2414,O-6705,12/21/2025,85.16,Beauty,Vitamin C Serum,08/06/2025
C-0544,O-6924,12/21/2025,166.2,Sports,Water Bottle,10/19/2024
C-0567,O-1205,12/22/2024,191.69,Clothing,Polo Shirt,07/06/2025
C-1553,O-2307,12/22/2024,77.52,Clothing,Denim Jacket,09/14/2024
C-0986,O-2605,12/22/2024,52.06,Clothing,Track Pants,10/08/2025
C-1954,O-3213,12/22/2024,106.34,Beauty,Eye Cream,08/23/2025
C-0788,O-3506,12/22/2024,25.06,Beauty,Body Lotion,02/16/2025
C-0373,O-4678,12/22/2024,133.32,Beauty,Perfume Roll-On,07/02/2024
C-1614,O-5656,12/22/2024,165.76,Home & Kitchen,Non-Stick Pan Set,12/20/2024
C-0227,O-5770,12/22/2024,134.94,Home & Kitchen,Storage Containers,08/29/2024
C-1648,O-6000,12/22/2024,254.81,Home & Kitchen,Knife Set,11/11/2024
C-1130,O-6240,12/22/2024,131.48,Beauty,Lip Balm Set,04/06/2025
C-2382,O-6553,12/22/2024,131.04,Home & Kitchen,Air Purifier,12/26/2024
C-0800,O-1748,12/22/2025,138.07,Electronics,Portable Charger,10/11/2025
C-0870,O-2513,12/22/2025,175.12,Electronics,HDMI Cable,05/29/2025
C-1841,O-2570,12/22/2025,449.6,Electronics,Laptop Stand,08/11/2025
C-1313,O-3141,12/22/2025,168.46,Home & Kitchen,Storage Containers,10/04/2024
C-2107,O-3845,12/22/2025,135.6,Home & Kitchen,Insulated Flask,12/21/2024
C-1108,O-5225,12/22/2025,461.47,Electronics,Laptop Stand,06/28/2025
C-0711,O-5652,12/22/2025,117.38,Home & Kitchen,LED Desk Lamp,11/23/2024
C-0454,O-6036,12/22/2025,218.08,Electronics,Webcam,09/24/2025
C-1193,O-6046,12/22/2025,94.28,Clothing,Running Shorts,06/28/2025
C-1999,O-6373,12/22/2025,158.63,Home & Kitchen,Bamboo Cutting Board,02/25/2025
C-1256,O-1734,12/23/2024,77.79,Beauty,Lip Balm Set,05/14/2025
C-2069,O-1963,12/23/2024,371.84,Electronics,Laptop Stand,05/26/2025
C-2332,O-2164,12/23/2024,319.94,Electronics,Bluetooth Speaker,10/20/2024
C-0032,O-3637,12/23/2024,47.39,Clothing,Track Pants,07/25/2025
C-1720,O-3785,12/23/2024,227.0,Home & Kitchen,Insulated Flask,08/16/2024
C-0346,O-3794,12/23/2024,197.55,Electronics,Laptop Stand,07/25/2024
C-2358,O-3827,12/23/2024,56.01,Clothing,Linen Shirt,09/26/2024
C-1888,O-3973,12/23/2024,74.72,Electronics,Mechanical Keyboard,07/12/2024
C-0360,O-4204,12/23/2024,237.04,Home & Kitchen,Blender,03/29/2025
C-2491,O-4212,12/23/2024,403.55,Electronics,HDMI Cable,01/31/2025
C-1712,O-4477,12/23/2024,236.01,Home & Kitchen,Blender,07/18/2025
C-1357,O-4862,12/23/2024,117.3,Clothing,Running Shorts,09/02/2025
C-2218,O-4908,12/23/2024,180.88,Sports,Gym Bag,09/14/2024
C-1457,O-6239,12/23/2024,97.75,Clothing,Linen Shirt,10/12/2025
C-1001,O-2304,12/23/2025,192.03,Home & Kitchen,Non-Stick Pan Set,07/07/2025
C-2186,O-2520,12/23/2025,81.25,Electronics,Wireless Earbuds,09/17/2024
C-2419,O-2537,12/23/2025,155.69,Clothing,Wool Scarf,12/24/2024
C-0064,O-4110,12/23/2025,301.11,Electronics,Mechanical Keyboard,12/15/2024
C-0266,O-4755,12/23/2025,163.25,Clothing,Linen Shirt,11/13/2024
C-0249,O-6884,12/23/2025,277.74,Home & Kitchen,Knife Set,01/26/2025
C-1402,O-1780,12/24/2024,229.73,Home & Kitchen,Non-Stick Pan Set,09/20/2024
C-1741,O-3643,12/24/2024,101.77,Home & Kitchen,Spice Rack,08/31/2025
C-1742,O-3936,12/24/2024,130.3,Sports,Dumbbell Set,05/12/2025
C-0048,O-3983,12/24/2024,166.78,Electronics,Wireless Earbuds,04/23/2025
C-1415,O-4074,12/24/2024,462.56,Electronics,Portable Charger,09/03/2025
C-0877,O-4649,12/24/2024,113.71,Clothing,Denim Jacket,03/08/2025
C-1052,O-4749,12/24/2024,346.97,Electronics,Mechanical Keyboard,02/12/2025
C-1230,O-5192,12/24/2024,57.74,Beauty,Vitamin C Serum,06/25/2025
C-0442,O-6596,12/24/2024,312.81,Electronics,Webcam,11/29/2025
C-0992,O-6762,12/24/2024,241.09,Home & Kitchen,Coffee Maker,11/14/2025
C-1089,O-1450,12/24/2025,425.51,Electronics,Bluetooth Speaker,05/17/2025
C-0448,O-1547,12/24/2025,186.54,Sports,Foam Roller,03/23/2025
C-0058,O-1790,12/24/2025,483.92,Electronics,Webcam,06/29/2025
C-2413,O-2341,12/24/2025,203.82,Home & Kitchen,LED Desk Lamp,08/02/2025
C-2465,O-3176,12/24/2025,41.52,Clothing,Running Shorts,08/03/2024
C-0509,O-3675,12/24/2025,197.03,Home & Kitchen,Bamboo Cutting Board,07/24/2025
C-0104,O-4286,12/24/2025,176.93,Clothing,Wool Scarf,03/15/2025
C-1345,O-4584,12/24/2025,186.21,Clothing,Formal Shirt,10/03/2025
C-0682,O-4773,12/24/2025,168.71,Home & Kitchen,Spice Rack,10/10/2024
C-2476,O-5031,12/24/2025,28.63,Clothing,Linen Shirt,08/12/2024
C-0916,O-5728,12/24/2025,206.85,Electronics,Laptop Stand,07/09/2024
C-1558,O-6198,12/24/2025,11.6,Beauty,Sheet Mask Pack,05/24/2025
C-0629,O-6502,12/24/2025,351.35,Electronics,Webcam,01/06/2025
C-0542,O-1157,12/25/2024,86.54,Home & Kitchen,Non-Stick Pan Set,12/15/2024
C-0726,O-1234,12/25/2024,53.48,Home & Kitchen,Air Purifier,09/21/2024
C-0529,O-1949,12/25/2024,271.48,Electronics,Smart Watch Band,01/21/2025
C-0132,O-2407,12/25/2024,88.33,Clothing,Cotton T-Shirt,08/29/2024
C-1600,O-2480,12/25/2024,110.7,Clothing,Wool Scarf,12/16/2024
C-0888,O-3838,12/25/2024,166.24,Clothing,Casual Hoodie,10/16/2025
C-0325,O-4050,12/25/2024,147.12,Home & Kitchen,Insulated Flask,12/14/2024
C-0251,O-4373,12/25/2024,392.76,Electronics,Mouse Pad,03/02/2025
C-0233,O-4405,12/25/2024,144.77,Electronics,Laptop Stand,11/27/2025
C-0321,O-4406,12/25/2024,147.91,Sports,Sports Towel,06/28/2025
C-1916,O-4950,12/25/2024,380.27,Electronics,Mechanical Keyboard,07/06/2025
C-1754,O-5928,12/25/2024,131.73,Home & Kitchen,Air Purifier,10/21/2024
C-1564,O-1174,12/25/2025,176.11,Clothing,Cotton T-Shirt,12/26/2024
C-2353,O-3610,12/25/2025,244.81,Sports,Foam Roller,07/26/2024
C-1627,O-3710,12/25/2025,123.51,Clothing,Cotton T-Shirt,04/23/2025
C-1384,O-4772,12/25/2025,60.19,Electronics,Bluetooth Speaker,02/27/2025
C-0935,O-4815,12/25/2025,449.9,Electronics,USB-C Hub,05/31/2025
C-1738,O-6222,12/25/2025,174.7,Home & Kitchen,Spice Rack,07/13/2025
C-1066,O-1072,12/26/2024,434.57,Electronics,Mechanical Keyboard,05/26/2025
C-0980,O-1684,12/26/2024,188.97,Home & Kitchen,Non-Stick Pan Set,11/17/2025
C-2012,O-3363,12/26/2024,216.32,Sports,Dumbbell Set,08/28/2025
C-1380,O-4183,12/26/2024,99.6,Sports,Gym Bag,08/24/2024
C-2472,O-4303,12/26/2024,433.79,Electronics,Laptop Stand,10/24/2024
C-1579,O-4325,12/26/2024,109.11,Clothing,Cotton T-Shirt,05/13/2025
C-1098,O-4953,12/26/2024,155.51,Electronics,Portable Charger,09/26/2024
C-1222,O-5802,12/26/2024,128.01,Home & Kitchen,Coffee Maker,06/13/2025
C-1730,O-5959,12/26/2024,78.28,Sports,Resistance Bands,12/14/2024
C-1658,O-6520,12/26/2024,157.04,Sports,Water Bottle,11/22/2024
C-1320,O-1182,12/26/2025,332.01,Electronics,Wireless Earbuds,02/05/2025
C-0595,O-1637,12/26/2025,50.43,Beauty,Moisturizer,04/13/2025
C-0944,O-3054,12/26/2025,95.06,Electronics,USB-C Hub,03/21/2025
C-1090,O-3380,12/26/2025,193.79,Electronics,USB-C Hub,09/11/2025
C-1153,O-3930,12/26/2025,119.16,Home & Kitchen,Coffee Maker,12/07/2024
C-0136,O-5012,12/26/2025,158.05,Electronics,Wireless Earbuds,11/10/2025
C-0791,O-5191,12/26/2025,283.24,Home & Kitchen,Bamboo Cutting Board,10/29/2024
C-0675,O-5465,12/26/2025,242.68,Home & Kitchen,Non-Stick Pan Set,07/25/2025
C-0792,O-6449,12/26/2025,126.51,Beauty,Sheet Mask Pack,12/05/2024
C-1267,O-1039,12/27/2024,365.67,Electronics,USB-C Hub,08/12/2024
C-1239,O-1567,12/27/2024,400.01,Electronics,Wireless Earbuds,09/16/2024
C-1501,O-1718,12/27/2024,179.21,Home & Kitchen,Coffee Maker,09/10/2025
C-2318,O-2043,12/27/2024,385.69,Electronics,USB-C Hub,03/05/2025
C-0626,O-2186,12/27/2024,187.63,Electronics,Mouse Pad,01/14/2025
C-0981,O-2918,12/27/2024,74.7,Clothing,Casual Hoodie,10/27/2024
C-1028,O-3172,12/27/2024,181.79,Clothing,Casual Hoodie,11/11/2024
C-1864,O-3453,12/27/2024,69.57,Home & Kitchen,LED Desk Lamp,07/15/2024
C-2192,O-4561,12/27/2024,19.56,Beauty,Perfume Roll-On,07/29/2025
C-0722,O-4837,12/27/2024,130.89,Sports,Jump Rope,04/05/2025
C-2334,O-4918,12/27/2024,191.51,Home & Kitchen,Non-Stick Pan Set,06/29/2025
C-1324,O-5440,12/27/2024,113.54,Beauty,Body Lotion,02/17/2025
C-0131,O-5713,12/27/2024,152.46,Home & Kitchen,Knife Set,03/03/2025
C-0593,O-5749,12/27/2024,24.99,Beauty,Lip Balm Set,03/22/2025
C-0417,O-6463,12/27/2024,59.47,Clothing,Linen Shirt,03/08/2025
C-0941,O-6642,12/27/2024,495.39,Electronics,Wireless Earbuds,11/26/2025
C-0947,O-1452,12/27/2025,112.35,Clothing,Casual Hoodie,06/12/2025
C-1986,O-1494,12/27/2025,275.29,Electronics,Webcam,09/03/2025
C-0157,O-3815,12/27/2025,15.12,Clothing,Track Pants,02/21/2025
C-0470,O-4321,12/27/2025,357.65,Electronics,Mechanical Keyboard,08/22/2025
C-2384,O-4700,12/27/2025,187.15,Sports,Sports Towel,06/04/2025
C-1969,O-4813,12/27/2025,130.67,Sports,Water Bottle,11/08/2024
C-0215,O-1691,12/28/2024,268.28,Electronics,Wireless Earbuds,07/24/2025
C-1587,O-3366,12/28/2024,52.32,Beauty,Moisturizer,09/14/2024
C-2220,O-3819,12/28/2024,129.35,Beauty,Hair Oil,04/01/2025
C-1145,O-4283,12/28/2024,162.54,Clothing,Track Pants,10/08/2025
C-0132,O-5852,12/28/2024,157.95,Home & Kitchen,Spice Rack,08/29/2024
C-1164,O-6291,12/28/2024,135.15,Home & Kitchen,Coffee Maker,02/06/2025
C-0370,O-6765,12/28/2024,125.18,Beauty,Sunscreen SPF50,03/18/2025
C-1772,O-6773,12/28/2024,86.56,Beauty,Sheet Mask Pack,05/18/2025
C-1677,O-6888,12/28/2024,41.3,Home & Kitchen,Insulated Flask,08/07/2025
C-1721,O-2050,12/28/2025,87.49,Clothing,Cotton T-Shirt,08/09/2024
C-0786,O-2088,12/28/2025,73.82,Clothing,Wool Scarf,08/22/2025
C-2110,O-2302,12/28/2025,28.82,Home & Kitchen,Knife Set,01/05/2025
C-0014,O-2911,12/28/2025,101.87,Beauty,Body Lotion,02/24/2025
C-0486,O-3209,12/28/2025,56.4,Sports,Running Armband,02/11/2025
C-1403,O-3396,12/28/2025,61.54,Clothing,Denim Jacket,07/20/2024
C-0988,O-3617,12/28/2025,94.7,Clothing,Casual Hoodie,09/03/2025
C-2435,O-3642,12/28/2025,287.24,Home & Kitchen,LED Desk Lamp,09/07/2025
C-1581,O-4055,12/28/2025,207.66,Electronics,HDMI Cable,11/03/2025
C-1084,O-4729,12/28/2025,161.88,Home & Kitchen,Non-Stick Pan Set,06/13/2025
C-0325,O-5025,12/28/2025,119.04,Beauty,Hair Oil,12/14/2024
C-0113,O-5787,12/28/2025,24.59,Beauty,Hair Oil,10/08/2025
C-1275,O-5978,12/28/2025,22.84,Beauty,Eye Cream,10/05/2025
C-0451,O-6380,12/28/2025,221.12,Electronics,USB-C Hub,11/09/2025
C-0641,O-6706,12/28/2025,223.19,Sports,Foam Roller,05/06/2025
C-2209,O-1401,12/29/2024,198.54,Home & Kitchen,Spice Rack,02/19/2025
C-2437,O-1542,12/29/2024,102.84,Sports,Sports Towel,11/11/2025
C-0428,O-2122,12/29/2024,269.88,Electronics,Smart Watch Band,07/06/2024
C-0817,O-2832,12/29/2024,180.44,Sports,Dumbbell Set,06/19/2025
C-1355,O-3155,12/29/2024,105.51,Sports,Water Bottle,07/27/2025
C-1060,O-3676,12/29/2024,162.07,Home & Kitchen,Spice Rack,09/10/2025
C-1450,O-3842,12/29/2024,112.9,Clothing,Linen Shirt,06/12/2025
C-1244,O-4157,12/29/2024,85.79,Clothing,Casual Hoodie,05/27/2025
C-1209,O-4614,12/29/2024,164.34,Clothing,Cargo Pants,05/29/2025
C-0751,O-4647,12/29/2024,170.77,Clothing,Polo Shirt,12/12/2024
C-1252,O-4732,12/29/2024,68.65,Beauty,Body Lotion,04/08/2025
C-0823,O-4924,12/29/2024,426.36,Electronics,Portable Charger,03/02/2025
C-1477,O-5371,12/29/2024,122.96,Home & Kitchen,LED Desk Lamp,07/12/2025
C-0155,O-1181,12/29/2025,477.53,Electronics,Laptop Stand,06/12/2025
C-0648,O-1456,12/29/2025,234.71,Sports,Foam Roller,11/07/2024
C-0812,O-1584,12/29/2025,305.51,Electronics,Mouse Pad,05/02/2025
C-2383,O-1982,12/29/2025,59.05,Beauty,Lip Balm Set,12/11/2024
C-1202,O-2274,12/29/2025,105.73,Clothing,Linen Shirt,09/13/2025
C-2487,O-2925,12/29/2025,157.22,Home & Kitchen,Spice Rack,09/28/2024
C-0733,O-3447,12/29/2025,299.05,Electronics,Mouse Pad,02/20/2025
C-0942,O-3647,12/29/2025,148.81,Sports,Resistance Bands,04/06/2025
C-2147,O-3769,12/29/2025,139.3,Electronics,Webcam,03/31/2025
C-1029,O-4047,12/29/2025,149.07,Beauty,Sheet Mask Pack,03/14/2025
C-0436,O-4914,12/29/2025,125.6,Electronics,Mechanical Keyboard,11/02/2024
C-2400,O-5187,12/29/2025,102.47,Beauty,Sunscreen SPF50,01/27/2025
C-1612,O-5284,12/29/2025,185.26,Home & Kitchen,Non-Stick Pan Set,10/04/2024
C-0545,O-6117,12/29/2025,239.25,Home & Kitchen,Bamboo Cutting Board,07/27/2024
C-1470,O-6526,12/29/2025,10.98,Beauty,Perfume Roll-On,01/12/2025
C-1085,O-1652,12/30/2024,196.19,Clothing,Polo Shirt,10/08/2025
C-0855,O-2741,12/30/2024,326.02,Electronics,Portable Charger,11/12/2025
C-1980,O-3826,12/30/2024,109.49,Sports,Gym Bag,06/20/2025
C-1180,O-3851,12/30/2024,192.23,Clothing,Formal Shirt,11/18/2024
C-0005,O-4138,12/30/2024,147.35,Beauty,Sunscreen SPF50,02/14/2025
C-2038,O-4496,12/30/2024,297.44,Home & Kitchen,Non-Stick Pan Set,11/15/2024
C-1838,O-5826,12/30/2024,53.42,Home & Kitchen,Knife Set,09/01/2025
C-1083,O-5908,12/30/2024,20.09,Beauty,Sheet Mask Pack,08/28/2025
C-1129,O-6080,12/30/2024,110.71,Clothing,Casual Hoodie,01/01/2025
C-2447,O-6111,12/30/2024,92.18,Sports,Gym Bag,07/03/2025
C-0288,O-6261,12/30/2024,191.21,Clothing,Linen Shirt,03/28/2025
C-1690,O-6475,12/30/2024,65.34,Beauty,Sheet Mask Pack,10/19/2024
C-2129,O-6590,12/30/2024,135.08,Home & Kitchen,LED Desk Lamp,07/17/2024
C-0261,O-2120,12/30/2025,35.1,Clothing,Polo Shirt,10/11/2024
C-0345,O-2881,12/30/2025,334.81,Electronics,USB-C Hub,02/14/2025
C-1112,O-2948,12/30/2025,132.17,Beauty,Perfume Roll-On,05/16/2025
C-1690,O-3620,12/30/2025,43.6,Sports,Resistance Bands,10/19/2024
C-0862,O-4076,12/30/2025,76.52,Beauty,Sunscreen SPF50,09/18/2025
C-1961,O-4219,12/30/2025,130.13,Beauty,Eye Cream,07/22/2025
C-1344,O-4600,12/30/2025,110.41,Beauty,Perfume Roll-On,04/18/2025
C-1819,O-5069,12/30/2025,158.28,Clothing,Running Shorts,08/28/2025
C-1666,O-5215,12/30/2025,137.89,Sports,Yoga Mat,06/01/2025
C-2215,O-5220,12/30/2025,399.59,Electronics,Smart Watch Band,09/26/2024
C-0389,O-5822,12/30/2025,143.98,Home & Kitchen,Non-Stick Pan Set,09/04/2025
C-1329,O-6306,12/30/2025,122.56,Beauty,Moisturizer,10/12/2024
C-0855,O-6438,12/30/2025,29.28,Home & Kitchen,Spice Rack,11/12/2025
C-0615,O-1048,12/31/2024,147.16,Sports,Yoga Mat,10/28/2025
C-1019,O-1453,12/31/2024,139.18,Home & Kitchen,Storage Containers,09/09/2024
C-1506,O-1800,12/31/2024,352.44,Electronics,Mouse Pad,08/13/2024
C-1896,O-1925,12/31/2024,16.34,Beauty,Sheet Mask Pack,12/11/2024
C-1084,O-2679,12/31/2024,96.38,Clothing,Cotton T-Shirt,06/13/2025
C-1706,O-2791,12/31/2024,496.99,Electronics,Bluetooth Speaker,10/05/2025
C-0669,O-2964,12/31/2024,352.84,Electronics,Mechanical Keyboard,05/08/2025
C-2464,O-3120,12/31/2024,100.92,Beauty,Moisturizer,04/26/2025
C-1512,O-3448,12/31/2024,160.54,Electronics,USB-C Hub,08/20/2025
C-0055,O-3913,12/31/2024,158.68,Clothing,Formal Shirt,07/09/2025
C-0033,O-4359,12/31/2024,44.88,Clothing,Denim Jacket,10/08/2024
C-2230,O-4516,12/31/2024,211.36,Electronics,Portable Charger,05/12/2025
C-0211,O-4581,12/31/2024,385.34,Electronics,Mouse Pad,02/04/2025
C-1079,O-5350,12/31/2024,28.37,Home & Kitchen,LED Desk Lamp,02/06/2025
C-0416,O-6301,12/31/2024,470.03,Electronics,Mouse Pad,08/17/2024
C-1715,O-1129,12/31/2025,182.5,Home & Kitchen,Spice Rack,11/25/2024
C-1172,O-1139,12/31/2025,46.98,Beauty,Sheet Mask Pack,08/16/2024
C-2116,O-1360,12/31/2025,161.72,Electronics,Portable Charger,08/27/2025
C-0309,O-1831,12/31/2025,71.39,Electronics,Portable Charger,07/14/2025
C-0587,O-2281,12/31/2025,497.91,Electronics,Portable Charger,11/19/2025
C-0683,O-2754,12/31/2025,476.55,Electronics,Bluetooth Speaker,01/29/2025
C-0091,O-4269,12/31/2025,182.49,Home & Kitchen,Non-Stick Pan Set,02/10/2025
C-1170,O-4679,12/31/2025,77.06,Beauty,Face Wash,11/11/2025
C-1202,O-4948,12/31/2025,85.02,Clothing,Casual Hoodie,09/13/2025
C-2423,O-4988,12/31/2025,292.43,Home & Kitchen,LED Desk Lamp,05/17/2025
C-0054,O-5459,12/31/2025,439.85,Electronics,Laptop Stand,10/08/2025
C-1303,O-5675,12/31/2025,203.63,Electronics,Laptop Stand,11/22/2024
C-0297,O-6477,12/31/2025,97.15,Beauty,Vitamin C Serum,07/04/2024
C-2218,O-6606,12/31/2025,134.69,Beauty,Vitamin C Serum,09/14/2024
